[
    {
        "id": "C73DSCMMZ",
        "name": "knowledge",
        "created": "1505442527",
        "creator": "U730RMBB3",
        "is_archived": false,
        "is_general": false,
        "members": [
            "U730RMBB3",
            "U746RD3SN",
            "U746SCQ90",
            "U74DWDY76",
            "U74STF4HJ",
            "U759G285D",
            "U761HUB8B",
            "U763Z9NAG",
            "U76QMPH8F",
            "U770EERUN",
            "U78V6D4AY",
            "U7DJKE1K5",
            "U7ED9S0S2",
            "U7HEGQA20",
            "U7T204NGM",
            "U8AJ8835X",
            "U8B25LH0B",
            "U8C5LET2S",
            "U8GC9C5M1",
            "U8HLU8SG0",
            "U9606M37C",
            "U98TG96PP",
            "U98U42YGK",
            "U9BMJEHFY",
            "U9H0VLAM7",
            "U9JT2HAP4",
            "U9KKCK4QN",
            "U9L0UC1TR",
            "U9M7W1F1B",
            "U9MF5E7PF",
            "U9NPXN02U",
            "U9PDTN4UA",
            "U9R2J9HCG",
            "U9SHC03GD",
            "U9TTEGVQW",
            "UA3KP1W3D",
            "UADKY6LHF",
            "UADRNT1R8",
            "UAFCKL4V9",
            "UAJFJND36",
            "UB03XKESV",
            "UB0H0BEM9",
            "UB0H1S1D1"
        ],
        "topic": {
            "value": "all knowledge links will be posted here",
            "creator": "U746RD3SN",
            "last_set": "1508940519"
        },
        "purpose": {
            "value": "Any team member come across knowledge links from product or best practice please post here to benefit the team members",
            "creator": "U746RD3SN",
            "last_set": "1508940519"
        }
    },
    {
        "id": "C73NH7J0G",
        "name": "devops-development",
        "created": "1505666300",
        "creator": "U730RMBB3",
        "is_archived": false,
        "is_general": false,
        "members": [
            "U730RMBB3",
            "U746RD3SN",
            "U746SCQ90",
            "U74DWDY76",
            "U74STF4HJ",
            "U8AJ8835X",
            "U8C5LET2S",
            "U9606M37C",
            "U9BMJEHFY",
            "U9H0VLAM7",
            "U9JT2HAP4",
            "U9KKCK4QN",
            "U9L0UC1TR",
            "U9MF5E7PF",
            "U9NPXN02U",
            "U9R2J9HCG",
            "UADKY6LHF"
        ],
        "topic": {
            "value": "",
            "creator": "",
            "last_set": "0"
        },
        "purpose": {
            "value": "To develop the DevOps Studio Product",
            "creator": "U746RD3SN",
            "last_set": "1505843102"
        }
    },
    {
        "id": "C74CPKQUE",
        "name": "general",
        "created": "1505442527",
        "creator": "U730RMBB3",
        "is_archived": false,
        "is_general": true,
        "members": [
            "U730RMBB3",
            "U746RD3SN",
            "U746SCQ90",
            "U74DWDY76",
            "U74STF4HJ",
            "U759G285D",
            "U761HUB8B",
            "U763Z9NAG",
            "U76QMPH8F",
            "U770EERUN",
            "U78V6D4AY",
            "U7DJKE1K5",
            "U7ED9S0S2",
            "U7HEGQA20",
            "U7T204NGM",
            "U8AJ8835X",
            "U8B25LH0B",
            "U8C5LET2S",
            "U8GC9C5M1",
            "U8HLU8SG0",
            "U9606M37C",
            "U98TG96PP",
            "U98U42YGK",
            "U9BMJEHFY",
            "U9H0VLAM7",
            "U9JT2HAP4",
            "U9KKCK4QN",
            "U9L0UC1TR",
            "U9M7W1F1B",
            "U9MF5E7PF",
            "U9NPXN02U",
            "U9PDTN4UA",
            "U9R2J9HCG",
            "U9SHC03GD",
            "U9TTEGVQW",
            "UA3KP1W3D",
            "UADKY6LHF",
            "UADRNT1R8",
            "UAFCKL4V9",
            "UAJFJND36",
            "UB03XKESV",
            "UB0H0BEM9",
            "UB0H1S1D1"
        ],
        "topic": {
            "value": "Company-wide announcements and work-based matters",
            "creator": "U730RMBB3",
            "last_set": "1505442527"
        },
        "purpose": {
            "value": "This channel is for workspace-wide communication and announcements. All members are in this channel.",
            "creator": "U730RMBB3",
            "last_set": "1505442527"
        }
    },
    {
        "id": "C74DS1P5L",
        "name": "devops",
        "created": "1505452302",
        "creator": "U730RMBB3",
        "is_archived": false,
        "is_general": false,
        "members": [
            "U730RMBB3",
            "U746RD3SN",
            "U746SCQ90",
            "U74STF4HJ",
            "U759G285D",
            "U761HUB8B",
            "U763Z9NAG",
            "U76QMPH8F",
            "U770EERUN",
            "U78V6D4AY",
            "U7DJKE1K5",
            "U7ED9S0S2",
            "U8AJ8835X",
            "U8B25LH0B",
            "U8C5LET2S",
            "U8GC9C5M1",
            "U8HLU8SG0",
            "U9606M37C",
            "U98TG96PP",
            "U98U42YGK",
            "U9BMJEHFY",
            "U9H0VLAM7",
            "U9JT2HAP4",
            "U9KKCK4QN",
            "U9L0UC1TR",
            "U9M7W1F1B",
            "U9MF5E7PF",
            "U9NPXN02U",
            "U9PDTN4UA",
            "U9R2J9HCG",
            "U9SHC03GD",
            "U9TTEGVQW",
            "UA3KP1W3D",
            "UADKY6LHF",
            "UADRNT1R8",
            "UAFCKL4V9",
            "UAJFJND36",
            "UB03XKESV",
            "UB0H0BEM9",
            "UB0H1S1D1"
        ],
        "topic": {
            "value": "DevOps",
            "creator": "U746RD3SN",
            "last_set": "1505747415"
        },
        "purpose": {
            "value": "This channel is ONLY for DevOps related topics",
            "creator": "U746RD3SN",
            "last_set": "1505747415"
        }
    },
    {
        "id": "C7FPTBE6M",
        "name": "security",
        "created": "1507668819",
        "creator": "U730RMBB3",
        "is_archived": false,
        "is_general": false,
        "members": [
            "U730RMBB3",
            "U746RD3SN",
            "U74STF4HJ",
            "U76QMPH8F",
            "U7ED9S0S2",
            "U8C5LET2S",
            "U8GC9C5M1",
            "U8HLU8SG0",
            "U9606M37C",
            "U98TG96PP",
            "U98U42YGK",
            "U9BMJEHFY",
            "U9H0VLAM7",
            "U9JT2HAP4",
            "U9KKCK4QN",
            "U9L0UC1TR",
            "U9M7W1F1B",
            "U9MF5E7PF",
            "U9NPXN02U",
            "U9PDTN4UA",
            "U9R2J9HCG",
            "U9SHC03GD",
            "U9TTEGVQW",
            "UA3KP1W3D",
            "UADKY6LHF",
            "UADRNT1R8",
            "UAFCKL4V9",
            "UAJFJND36",
            "UB03XKESV",
            "UB0H0BEM9",
            "UB0H1S1D1"
        ],
        "topic": {
            "value": "",
            "creator": "",
            "last_set": "0"
        },
        "purpose": {
            "value": "cloud security",
            "creator": "U730RMBB3",
            "last_set": "1507668819"
        }
    },
    {
        "id": "C7G7CD7FV",
        "name": "architecture",
        "created": "1507668764",
        "creator": "U730RMBB3",
        "is_archived": false,
        "is_general": false,
        "members": [
            "U730RMBB3",
            "U746RD3SN",
            "U746SCQ90",
            "U74STF4HJ",
            "U759G285D",
            "U78V6D4AY",
            "U7DJKE1K5",
            "U7HEGQA20",
            "U8AJ8835X",
            "U8C5LET2S",
            "U8GC9C5M1",
            "U8HLU8SG0",
            "U9606M37C",
            "U98TG96PP",
            "U98U42YGK",
            "U9BMJEHFY",
            "U9H0VLAM7",
            "U9JT2HAP4",
            "U9KKCK4QN",
            "U9L0UC1TR",
            "U9M7W1F1B",
            "U9MF5E7PF",
            "U9NPXN02U",
            "U9PDTN4UA",
            "U9R2J9HCG",
            "U9SHC03GD",
            "U9TTEGVQW",
            "UA3KP1W3D",
            "UADKY6LHF",
            "UADRNT1R8",
            "UAFCKL4V9",
            "UAJFJND36",
            "UB03XKESV",
            "UB0H0BEM9",
            "UB0H1S1D1"
        ],
        "topic": {
            "value": "",
            "creator": "",
            "last_set": "0"
        },
        "purpose": {
            "value": "Cloud Archtecture",
            "creator": "U730RMBB3",
            "last_set": "1507668765"
        }
    },
    {
        "id": "C7HEZ8JQ5",
        "name": "social_media_mpit",
        "created": "1507819519",
        "creator": "U746RD3SN",
        "is_archived": false,
        "is_general": false,
        "members": [
            "U730RMBB3",
            "U746RD3SN",
            "U746SCQ90",
            "U74DWDY76",
            "U74STF4HJ",
            "U759G285D",
            "U761HUB8B",
            "U76QMPH8F",
            "U770EERUN",
            "U78V6D4AY",
            "U7DJKE1K5",
            "U7ED9S0S2",
            "U8AJ8835X",
            "U8C5LET2S",
            "U9BMJEHFY",
            "U9MF5E7PF"
        ],
        "topic": {
            "value": "Promote MPIT in Facebook &amp; Twitter",
            "creator": "U746RD3SN",
            "last_set": "1507819664"
        },
        "purpose": {
            "value": "This channel is effort to promote MP Infotech through various social media avenues. And also collaborate with the team on innovative ideas of how we can publish content after review and approval by MPIT President or the designee.",
            "creator": "U746RD3SN",
            "last_set": "1507819520"
        }
    },
    {
        "id": "C9AH64RB2",
        "name": "cloudwatchdemo",
        "created": "1519044195",
        "creator": "U770EERUN",
        "is_archived": false,
        "is_general": false,
        "members": [
            "U74STF4HJ",
            "U9MF5E7PF"
        ],
        "topic": {
            "value": "",
            "creator": "",
            "last_set": "0"
        },
        "purpose": {
            "value": "",
            "creator": "",
            "last_set": "0"
        }
    },
    {
        "id": "C9T5E8LLC",
        "name": "aws_certification",
        "created": "1521577118",
        "creator": "U746RD3SN",
        "is_archived": false,
        "is_general": false,
        "members": [
            "U746RD3SN",
            "U8AJ8835X",
            "U9MF5E7PF",
            "U9R2J9HCG"
        ],
        "topic": {
            "value": "",
            "creator": "",
            "last_set": "0"
        },
        "purpose": {
            "value": "discussion on AWS Certifications",
            "creator": "U746RD3SN",
            "last_set": "1521577119"
        }
    },
    {
        "id": "C9VBLH3B2",
        "name": "slack-jenkins",
        "created": "1522071175",
        "creator": "U9MF5E7PF",
        "is_archived": false,
        "is_general": false,
        "members": [
            "U730RMBB3",
            "U9MF5E7PF",
            "U9WFDH45D"
        ],
        "topic": {
            "value": "",
            "creator": "",
            "last_set": "0"
        },
        "purpose": {
            "value": "Jenkins jobs notification channel",
            "creator": "U9MF5E7PF",
            "last_set": "1522071176"
        }
    },
    {
        "id": "CAD7DCX5F",
        "name": "human-resource",
        "created": "1524752694",
        "creator": "U746RD3SN",
        "is_archived": false,
        "is_general": false,
        "members": [
            "U746RD3SN",
            "U9MF5E7PF"
        ],
        "topic": {
            "value": "",
            "creator": "",
            "last_set": "0"
        },
        "purpose": {
            "value": "All human resource communications",
            "creator": "U746RD3SN",
            "last_set": "1524752695"
        }
    },
    {
        "id": "CALK56T9P",
        "name": "aws_alarms",
        "created": "1525897391",
        "creator": "U8AJ8835X",
        "is_archived": true,
        "is_general": false,
        "members": [],
        "topic": {
            "value": "",
            "creator": "",
            "last_set": "0"
        },
        "purpose": {
            "value": "aws notifications",
            "creator": "U8AJ8835X",
            "last_set": "1525897392"
        }
    }
]