[
    {
        "user_id": "U9MF5E7PF",
        "user_name": "sreddy",
        "date": "1526756067",
        "change_type": "added",
        "service_id": "367920049447",
        "service_type": "Incoming WebHooks",
        "scope": "incoming-webhook",
        "channel": "C9VBLH3B2"
    },
    {
        "user_id": "U9MF5E7PF",
        "user_name": "sreddy",
        "date": "1526755211",
        "change_type": "added",
        "service_id": "366174605008",
        "service_type": "Jenkins CI",
        "scope": "incoming-webhook",
        "channel": "C9VBLH3B2"
    },
    {
        "user_id": "U9MF5E7PF",
        "user_name": "sreddy",
        "date": "1526755178",
        "change_type": "removed",
        "service_id": "335584545873",
        "service_type": "Jenkins CI",
        "scope": "incoming-webhook",
        "channel": "C9VBLH3B2"
    },
    {
        "user_id": "U730RMBB3",
        "user_name": "psai",
        "date": "1526488764",
        "change_type": "removed",
        "service_id": "335617681045",
        "service_type": "Bots",
        "scope": "bot"
    },
    {
        "user_id": "U730RMBB3",
        "user_name": "psai",
        "date": "1526488431",
        "change_type": "removed",
        "app_type": "Trello",
        "app_id": "A074YH40Z",
        "scope": "identify,channels:history,groups:history,im:history,mpim:history,channels:read,emoji:read,groups:read,mpim:read,reminders:read,search:read,stars:read,team:read,users:read,users:read.email,chat:write:user,chat:write:bot,im:write,reminders:write"
    },
    {
        "user_id": "U9MF5E7PF",
        "user_name": "sreddy",
        "date": "1522072720",
        "change_type": "expanded",
        "app_type": "Slack API Tester",
        "app_id": "A02",
        "scope": "identify,read,post,client,apps"
    },
    {
        "user_id": 0,
        "user_name": "slack",
        "date": "1522072298",
        "change_type": "reissued",
        "service_id": "335584545873",
        "service_type": "Jenkins CI",
        "scope": "incoming-webhook",
        "channel": "C9VBLH3B2"
    },
    {
        "user_id": "U9MF5E7PF",
        "user_name": "sreddy",
        "date": "1522072211",
        "change_type": "added",
        "service_id": "335584545873",
        "service_type": "Jenkins CI",
        "scope": "incoming-webhook",
        "channel": "C9VBLH3B2"
    },
    {
        "user_id": "U9MF5E7PF",
        "user_name": "sreddy",
        "date": "1522071760",
        "change_type": "added",
        "app_type": "Slack API Tester",
        "app_id": "A02",
        "scope": "identify,read,post,client,apps"
    },
    {
        "user_id": "U9MF5E7PF",
        "user_name": "sreddy",
        "date": "1521868249",
        "change_type": "updated",
        "service_id": "335617681045",
        "service_type": "Bots",
        "scope": "bot"
    },
    {
        "user_id": "U9MF5E7PF",
        "user_name": "sreddy",
        "date": "1521868249",
        "change_type": "updated",
        "service_id": "335617681045",
        "service_type": "Bots",
        "scope": "bot"
    },
    {
        "user_id": "U9MF5E7PF",
        "user_name": "sreddy",
        "date": "1521868120",
        "change_type": "added",
        "service_id": "335617681045",
        "service_type": "Bots",
        "scope": "bot"
    },
    {
        "user_id": "U9MF5E7PF",
        "user_name": "sreddy",
        "date": "1521067879",
        "change_type": "added",
        "app_type": "Screenleap",
        "app_id": "A04AGEJSA",
        "scope": "identify,commands"
    },
    {
        "user_id": "U9MF5E7PF",
        "user_name": "sreddy",
        "date": "1521067422",
        "change_type": "expanded",
        "service_id": "331210431831",
        "service_type": "App",
        "scope": null,
        "app_type": "GitHub",
        "app_id": "A8GBNUWU8"
    },
    {
        "user_id": "U9MF5E7PF",
        "user_name": "sreddy",
        "date": "1521067422",
        "change_type": "expanded",
        "service_id": "331210431831",
        "service_type": "App",
        "scope": null,
        "app_type": "GitHub",
        "app_id": "A8GBNUWU8"
    },
    {
        "user_id": "U9MF5E7PF",
        "user_name": "sreddy",
        "date": "1521067422",
        "change_type": "added",
        "app_type": "GitHub",
        "app_id": "A8GBNUWU8"
    },
    {
        "user_id": 0,
        "user_name": "slack",
        "date": "1520274337",
        "change_type": "disabled",
        "reason": "channel_archive",
        "service_id": "319082376064",
        "service_type": "Incoming WebHooks",
        "scope": "incoming-webhook"
    },
    {
        "user_id": 0,
        "user_name": "slack",
        "date": "1520274337",
        "change_type": "disabled",
        "reason": "channel_archive",
        "service_id": "321426107890",
        "service_type": "Incoming WebHooks",
        "scope": "incoming-webhook"
    },
    {
        "user_id": "U746RD3SN",
        "user_name": "mmurali",
        "date": "1520274336",
        "change_type": "disabled",
        "reason": "admin",
        "service_id": "319082376064",
        "service_type": "Incoming WebHooks",
        "scope": "incoming-webhook",
        "channel": "private"
    },
    {
        "user_id": "U746RD3SN",
        "user_name": "mmurali",
        "date": "1520274336",
        "change_type": "disabled",
        "reason": "admin",
        "service_id": "321426107890",
        "service_type": "Incoming WebHooks",
        "scope": "incoming-webhook",
        "channel": "private"
    },
    {
        "user_id": "U770EERUN",
        "user_name": "tarun",
        "date": "1519727480",
        "change_type": "removed",
        "service_id": "320837723525",
        "service_type": "Incoming WebHooks",
        "scope": "incoming-webhook",
        "channel": "private"
    },
    {
        "user_id": "U770EERUN",
        "user_name": "tarun",
        "date": "1519724715",
        "change_type": "added",
        "service_id": "321426107890",
        "service_type": "Incoming WebHooks",
        "scope": "incoming-webhook",
        "channel": "private"
    },
    {
        "user_id": "U770EERUN",
        "user_name": "tarun",
        "date": "1519633918",
        "change_type": "updated",
        "service_id": "320837723525",
        "service_type": "Incoming WebHooks",
        "scope": "incoming-webhook",
        "channel": "private"
    },
    {
        "user_id": "U770EERUN",
        "user_name": "tarun",
        "date": "1519633906",
        "change_type": "added",
        "service_id": "320837723525",
        "service_type": "Incoming WebHooks",
        "scope": "incoming-webhook",
        "channel": "private"
    },
    {
        "user_id": "U770EERUN",
        "user_name": "tarun",
        "date": "1519379371",
        "change_type": "updated",
        "service_id": "319082376064",
        "service_type": "Incoming WebHooks",
        "scope": "incoming-webhook",
        "channel": "private"
    },
    {
        "user_id": "U770EERUN",
        "user_name": "tarun",
        "date": "1519379087",
        "change_type": "added",
        "service_id": "319082376064",
        "service_type": "Incoming WebHooks",
        "scope": "incoming-webhook",
        "channel": "private"
    },
    {
        "user_id": "U770EERUN",
        "user_name": "tarun",
        "date": "1519044238",
        "change_type": "removed",
        "service_id": "318087180966",
        "service_type": "Incoming WebHooks",
        "scope": "incoming-webhook",
        "channel": "C9AH64RB2"
    },
    {
        "user_id": "U770EERUN",
        "user_name": "tarun",
        "date": "1519044225",
        "change_type": "updated",
        "service_id": "318087180966",
        "service_type": "Incoming WebHooks",
        "scope": "incoming-webhook",
        "channel": "C9AH64RB2"
    },
    {
        "user_id": "U770EERUN",
        "user_name": "tarun",
        "date": "1519044200",
        "change_type": "added",
        "service_id": "318087180966",
        "service_type": "Incoming WebHooks",
        "scope": "incoming-webhook",
        "channel": "C9AH64RB2"
    },
    {
        "user_id": "U730RMBB3",
        "user_name": "psai",
        "date": "1505452242",
        "change_type": "added",
        "app_type": "Trello",
        "app_id": "A074YH40Z",
        "scope": "identify,channels:history,groups:history,im:history,mpim:history,channels:read,emoji:read,groups:read,mpim:read,reminders:read,search:read,stars:read,team:read,users:read,users:read.email,chat:write:user,chat:write:bot,im:write,reminders:write"
    },
    {
        "user_id": 0,
        "user_name": "slack",
        "date": "1505442527",
        "change_type": "added",
        "service_id": "241682262021",
        "service_type": "Google Drive",
        "scope": "files:write:user"
    }
]