[
    {
        "id": "U78V6D4AY",
        "team_id": "T730RMB7T",
        "name": "abbas",
        "deleted": true,
        "profile": {
            "title": "",
            "phone": "",
            "skype": "",
            "real_name": "Abbas",
            "real_name_normalized": "Abbas",
            "display_name": "",
            "display_name_normalized": "",
            "fields": null,
            "status_text": "",
            "status_emoji": "",
            "status_expiration": 0,
            "avatar_hash": "g55b9f047963",
            "email": "abbas@mpinfotech.com",
            "image_24": "https:\/\/secure.gravatar.com\/avatar\/55b9f0479638036e02d0716d3ab1788b.jpg?s=24&d=https%3A%2F%2Fa.slack-edge.com%2F66f9%2Fimg%2Favatars%2Fava_0008-24.png",
            "image_32": "https:\/\/secure.gravatar.com\/avatar\/55b9f0479638036e02d0716d3ab1788b.jpg?s=32&d=https%3A%2F%2Fa.slack-edge.com%2F66f9%2Fimg%2Favatars%2Fava_0008-32.png",
            "image_48": "https:\/\/secure.gravatar.com\/avatar\/55b9f0479638036e02d0716d3ab1788b.jpg?s=48&d=https%3A%2F%2Fa.slack-edge.com%2F66f9%2Fimg%2Favatars%2Fava_0008-48.png",
            "image_72": "https:\/\/secure.gravatar.com\/avatar\/55b9f0479638036e02d0716d3ab1788b.jpg?s=72&d=https%3A%2F%2Fa.slack-edge.com%2F66f9%2Fimg%2Favatars%2Fava_0008-72.png",
            "image_192": "https:\/\/secure.gravatar.com\/avatar\/55b9f0479638036e02d0716d3ab1788b.jpg?s=192&d=https%3A%2F%2Fa.slack-edge.com%2F7fa9%2Fimg%2Favatars%2Fava_0008-192.png",
            "image_512": "https:\/\/secure.gravatar.com\/avatar\/55b9f0479638036e02d0716d3ab1788b.jpg?s=512&d=https%3A%2F%2Fa.slack-edge.com%2F7fa9%2Fimg%2Favatars%2Fava_0008-512.png",
            "status_text_canonical": "",
            "team": "T730RMB7T"
        },
        "is_bot": false,
        "updated": 1512602031,
        "is_app_user": false
    },
    {
        "id": "U8C5LET2S",
        "team_id": "T730RMB7T",
        "name": "abhishek",
        "deleted": false,
        "color": "db3150",
        "real_name": "Abhishek Reddy Vemula",
        "tz": "America\/New_York",
        "tz_label": "Eastern Daylight Time",
        "tz_offset": -14400,
        "profile": {
            "title": "",
            "phone": "",
            "skype": "",
            "real_name": "Abhishek Reddy Vemula",
            "real_name_normalized": "Abhishek Reddy Vemula",
            "display_name": "Abhishek",
            "display_name_normalized": "Abhishek",
            "fields": [],
            "status_text": "",
            "status_emoji": "",
            "status_expiration": 0,
            "avatar_hash": "g2ea40f1c297",
            "email": "abhishek@mpinfotech.com",
            "first_name": "Abhishek",
            "last_name": "Reddy Vemula",
            "image_24": "https:\/\/secure.gravatar.com\/avatar\/2ea40f1c2979ed868bc3954bddfa28ce.jpg?s=24&d=https%3A%2F%2Fa.slack-edge.com%2F0180%2Fimg%2Favatars%2Fava_0003-24.png",
            "image_32": "https:\/\/secure.gravatar.com\/avatar\/2ea40f1c2979ed868bc3954bddfa28ce.jpg?s=32&d=https%3A%2F%2Fa.slack-edge.com%2F66f9%2Fimg%2Favatars%2Fava_0003-32.png",
            "image_48": "https:\/\/secure.gravatar.com\/avatar\/2ea40f1c2979ed868bc3954bddfa28ce.jpg?s=48&d=https%3A%2F%2Fa.slack-edge.com%2F66f9%2Fimg%2Favatars%2Fava_0003-48.png",
            "image_72": "https:\/\/secure.gravatar.com\/avatar\/2ea40f1c2979ed868bc3954bddfa28ce.jpg?s=72&d=https%3A%2F%2Fa.slack-edge.com%2F66f9%2Fimg%2Favatars%2Fava_0003-72.png",
            "image_192": "https:\/\/secure.gravatar.com\/avatar\/2ea40f1c2979ed868bc3954bddfa28ce.jpg?s=192&d=https%3A%2F%2Fa.slack-edge.com%2F7fa9%2Fimg%2Favatars%2Fava_0003-192.png",
            "image_512": "https:\/\/secure.gravatar.com\/avatar\/2ea40f1c2979ed868bc3954bddfa28ce.jpg?s=512&d=https%3A%2F%2Fa.slack-edge.com%2F7fa9%2Fimg%2Favatars%2Fava_0003-512.png",
            "status_text_canonical": "",
            "team": "T730RMB7T"
        },
        "is_admin": false,
        "is_owner": false,
        "is_primary_owner": false,
        "is_restricted": false,
        "is_ultra_restricted": false,
        "is_bot": false,
        "updated": 1513558636,
        "is_app_user": false
    },
    {
        "id": "U7T204NGM",
        "team_id": "T730RMB7T",
        "name": "adityag",
        "deleted": false,
        "color": "d58247",
        "real_name": "Aditya Gautam",
        "tz": "America\/New_York",
        "tz_label": "Eastern Daylight Time",
        "tz_offset": -14400,
        "profile": {
            "title": "",
            "phone": "",
            "skype": "",
            "real_name": "Aditya Gautam",
            "real_name_normalized": "Aditya Gautam",
            "display_name": "",
            "display_name_normalized": "",
            "fields": null,
            "status_text": "",
            "status_emoji": "",
            "status_expiration": 0,
            "avatar_hash": "g9fc037e0c03",
            "email": "adityag@mpinfotech.com",
            "image_24": "https:\/\/secure.gravatar.com\/avatar\/9fc037e0c038daa19362a5e0b6785aad.jpg?s=24&d=https%3A%2F%2Fa.slack-edge.com%2F0180%2Fimg%2Favatars%2Fava_0021-24.png",
            "image_32": "https:\/\/secure.gravatar.com\/avatar\/9fc037e0c038daa19362a5e0b6785aad.jpg?s=32&d=https%3A%2F%2Fa.slack-edge.com%2F66f9%2Fimg%2Favatars%2Fava_0021-32.png",
            "image_48": "https:\/\/secure.gravatar.com\/avatar\/9fc037e0c038daa19362a5e0b6785aad.jpg?s=48&d=https%3A%2F%2Fa.slack-edge.com%2F3654%2Fimg%2Favatars%2Fava_0021-48.png",
            "image_72": "https:\/\/secure.gravatar.com\/avatar\/9fc037e0c038daa19362a5e0b6785aad.jpg?s=72&d=https%3A%2F%2Fa.slack-edge.com%2F66f9%2Fimg%2Favatars%2Fava_0021-72.png",
            "image_192": "https:\/\/secure.gravatar.com\/avatar\/9fc037e0c038daa19362a5e0b6785aad.jpg?s=192&d=https%3A%2F%2Fa.slack-edge.com%2F7fa9%2Fimg%2Favatars%2Fava_0021-192.png",
            "image_512": "https:\/\/secure.gravatar.com\/avatar\/9fc037e0c038daa19362a5e0b6785aad.jpg?s=512&d=https%3A%2F%2Fa.slack-edge.com%2F7fa9%2Fimg%2Favatars%2Fava_0021-512.png",
            "status_text_canonical": "",
            "team": "T730RMB7T"
        },
        "is_admin": false,
        "is_owner": false,
        "is_primary_owner": false,
        "is_restricted": false,
        "is_ultra_restricted": false,
        "is_bot": false,
        "updated": 1512355402,
        "is_app_user": false
    },
    {
        "id": "U9SHC03GD",
        "team_id": "T730RMB7T",
        "name": "anil.bocchu",
        "deleted": false,
        "color": "a2a5dc",
        "real_name": "Anil B.",
        "tz": "America\/New_York",
        "tz_label": "Eastern Daylight Time",
        "tz_offset": -14400,
        "profile": {
            "title": "",
            "phone": "",
            "skype": "",
            "real_name": "Anil B.",
            "real_name_normalized": "Anil B.",
            "display_name": "",
            "display_name_normalized": "",
            "fields": null,
            "status_text": "",
            "status_emoji": "",
            "status_expiration": 0,
            "avatar_hash": "g090e945950b",
            "email": "anil.bocchu@mpinfotech.com",
            "image_24": "https:\/\/secure.gravatar.com\/avatar\/090e945950be180981f278b1d07eee8c.jpg?s=24&d=https%3A%2F%2Fa.slack-edge.com%2F66f9%2Fimg%2Favatars%2Fava_0020-24.png",
            "image_32": "https:\/\/secure.gravatar.com\/avatar\/090e945950be180981f278b1d07eee8c.jpg?s=32&d=https%3A%2F%2Fa.slack-edge.com%2F0180%2Fimg%2Favatars%2Fava_0020-32.png",
            "image_48": "https:\/\/secure.gravatar.com\/avatar\/090e945950be180981f278b1d07eee8c.jpg?s=48&d=https%3A%2F%2Fa.slack-edge.com%2F66f9%2Fimg%2Favatars%2Fava_0020-48.png",
            "image_72": "https:\/\/secure.gravatar.com\/avatar\/090e945950be180981f278b1d07eee8c.jpg?s=72&d=https%3A%2F%2Fa.slack-edge.com%2F66f9%2Fimg%2Favatars%2Fava_0020-72.png",
            "image_192": "https:\/\/secure.gravatar.com\/avatar\/090e945950be180981f278b1d07eee8c.jpg?s=192&d=https%3A%2F%2Fa.slack-edge.com%2F7fa9%2Fimg%2Favatars%2Fava_0020-192.png",
            "image_512": "https:\/\/secure.gravatar.com\/avatar\/090e945950be180981f278b1d07eee8c.jpg?s=512&d=https%3A%2F%2Fa.slack-edge.com%2F7fa9%2Fimg%2Favatars%2Fava_0020-512.png",
            "status_text_canonical": "",
            "team": "T730RMB7T"
        },
        "is_admin": false,
        "is_owner": false,
        "is_primary_owner": false,
        "is_restricted": false,
        "is_ultra_restricted": false,
        "is_bot": false,
        "updated": 1521487812,
        "is_app_user": false
    },
    {
        "id": "U98TG96PP",
        "team_id": "T730RMB7T",
        "name": "arun",
        "deleted": false,
        "color": "c386df",
        "real_name": "Arun",
        "tz": "America\/New_York",
        "tz_label": "Eastern Daylight Time",
        "tz_offset": -14400,
        "profile": {
            "title": "",
            "phone": "",
            "skype": "",
            "real_name": "Arun",
            "real_name_normalized": "Arun",
            "display_name": "",
            "display_name_normalized": "",
            "fields": null,
            "status_text": "",
            "status_emoji": "",
            "status_expiration": 0,
            "avatar_hash": "gd308343efc7",
            "email": "arun@mpinfotech.com",
            "image_24": "https:\/\/secure.gravatar.com\/avatar\/d308343efc7c8ccb38d16dbe2ac59fa6.jpg?s=24&d=https%3A%2F%2Fa.slack-edge.com%2F66f9%2Fimg%2Favatars%2Fava_0010-24.png",
            "image_32": "https:\/\/secure.gravatar.com\/avatar\/d308343efc7c8ccb38d16dbe2ac59fa6.jpg?s=32&d=https%3A%2F%2Fa.slack-edge.com%2F66f9%2Fimg%2Favatars%2Fava_0010-32.png",
            "image_48": "https:\/\/secure.gravatar.com\/avatar\/d308343efc7c8ccb38d16dbe2ac59fa6.jpg?s=48&d=https%3A%2F%2Fa.slack-edge.com%2F66f9%2Fimg%2Favatars%2Fava_0010-48.png",
            "image_72": "https:\/\/secure.gravatar.com\/avatar\/d308343efc7c8ccb38d16dbe2ac59fa6.jpg?s=72&d=https%3A%2F%2Fa.slack-edge.com%2F66f9%2Fimg%2Favatars%2Fava_0010-72.png",
            "image_192": "https:\/\/secure.gravatar.com\/avatar\/d308343efc7c8ccb38d16dbe2ac59fa6.jpg?s=192&d=https%3A%2F%2Fa.slack-edge.com%2F7fa9%2Fimg%2Favatars%2Fava_0010-192.png",
            "image_512": "https:\/\/secure.gravatar.com\/avatar\/d308343efc7c8ccb38d16dbe2ac59fa6.jpg?s=512&d=https%3A%2F%2Fa.slack-edge.com%2F7fa9%2Fimg%2Favatars%2Fava_0010-512.png",
            "status_text_canonical": "",
            "team": "T730RMB7T"
        },
        "is_admin": false,
        "is_owner": false,
        "is_primary_owner": false,
        "is_restricted": false,
        "is_ultra_restricted": false,
        "is_bot": false,
        "updated": 1528398260,
        "is_app_user": false
    },
    {
        "id": "UADRNT1R8",
        "team_id": "T730RMB7T",
        "name": "bhawini.tripathy",
        "deleted": false,
        "color": "84b22f",
        "real_name": "Bhawini Tripathy",
        "tz": "America\/New_York",
        "tz_label": "Eastern Daylight Time",
        "tz_offset": -14400,
        "profile": {
            "title": "",
            "phone": "",
            "skype": "",
            "real_name": "Bhawini Tripathy",
            "real_name_normalized": "Bhawini Tripathy",
            "display_name": "Bhawini Tripathy",
            "display_name_normalized": "Bhawini Tripathy",
            "fields": null,
            "status_text": "",
            "status_emoji": "",
            "status_expiration": 0,
            "avatar_hash": "gdc24d774246",
            "email": "bhawini.tripathy@mpitcloud.com",
            "image_24": "https:\/\/secure.gravatar.com\/avatar\/dc24d7742462ddf5e32077f53afc3ad2.jpg?s=24&d=https%3A%2F%2Fa.slack-edge.com%2F66f9%2Fimg%2Favatars%2Fava_0022-24.png",
            "image_32": "https:\/\/secure.gravatar.com\/avatar\/dc24d7742462ddf5e32077f53afc3ad2.jpg?s=32&d=https%3A%2F%2Fa.slack-edge.com%2F66f9%2Fimg%2Favatars%2Fava_0022-32.png",
            "image_48": "https:\/\/secure.gravatar.com\/avatar\/dc24d7742462ddf5e32077f53afc3ad2.jpg?s=48&d=https%3A%2F%2Fa.slack-edge.com%2F66f9%2Fimg%2Favatars%2Fava_0022-48.png",
            "image_72": "https:\/\/secure.gravatar.com\/avatar\/dc24d7742462ddf5e32077f53afc3ad2.jpg?s=72&d=https%3A%2F%2Fa.slack-edge.com%2F66f9%2Fimg%2Favatars%2Fava_0022-72.png",
            "image_192": "https:\/\/secure.gravatar.com\/avatar\/dc24d7742462ddf5e32077f53afc3ad2.jpg?s=192&d=https%3A%2F%2Fa.slack-edge.com%2F7fa9%2Fimg%2Favatars%2Fava_0022-192.png",
            "image_512": "https:\/\/secure.gravatar.com\/avatar\/dc24d7742462ddf5e32077f53afc3ad2.jpg?s=512&d=https%3A%2F%2Fa.slack-edge.com%2F7fa9%2Fimg%2Favatars%2Fava_0022-512.png",
            "status_text_canonical": "",
            "team": "T730RMB7T"
        },
        "is_admin": false,
        "is_owner": false,
        "is_primary_owner": false,
        "is_restricted": false,
        "is_ultra_restricted": false,
        "is_bot": false,
        "updated": 1524757276,
        "is_app_user": false
    },
    {
        "id": "U9606M37C",
        "team_id": "T730RMB7T",
        "name": "chaitanya",
        "deleted": false,
        "color": "53b759",
        "real_name": "Chaitanya",
        "tz": "America\/Santiago",
        "tz_label": "Chile Standard Time",
        "tz_offset": -14400,
        "profile": {
            "title": "",
            "phone": "",
            "skype": "",
            "real_name": "Chaitanya",
            "real_name_normalized": "Chaitanya",
            "display_name": "",
            "display_name_normalized": "",
            "fields": null,
            "status_text": "",
            "status_emoji": "",
            "status_expiration": 0,
            "avatar_hash": "g5e921e05015",
            "email": "chaitanya@mpinfotech.com",
            "image_24": "https:\/\/secure.gravatar.com\/avatar\/5e921e0501592f88a0a1b3273a0bd5bb.jpg?s=24&d=https%3A%2F%2Fa.slack-edge.com%2F66f9%2Fimg%2Favatars%2Fava_0022-24.png",
            "image_32": "https:\/\/secure.gravatar.com\/avatar\/5e921e0501592f88a0a1b3273a0bd5bb.jpg?s=32&d=https%3A%2F%2Fa.slack-edge.com%2F66f9%2Fimg%2Favatars%2Fava_0022-32.png",
            "image_48": "https:\/\/secure.gravatar.com\/avatar\/5e921e0501592f88a0a1b3273a0bd5bb.jpg?s=48&d=https%3A%2F%2Fa.slack-edge.com%2F66f9%2Fimg%2Favatars%2Fava_0022-48.png",
            "image_72": "https:\/\/secure.gravatar.com\/avatar\/5e921e0501592f88a0a1b3273a0bd5bb.jpg?s=72&d=https%3A%2F%2Fa.slack-edge.com%2F66f9%2Fimg%2Favatars%2Fava_0022-72.png",
            "image_192": "https:\/\/secure.gravatar.com\/avatar\/5e921e0501592f88a0a1b3273a0bd5bb.jpg?s=192&d=https%3A%2F%2Fa.slack-edge.com%2F7fa9%2Fimg%2Favatars%2Fava_0022-192.png",
            "image_512": "https:\/\/secure.gravatar.com\/avatar\/5e921e0501592f88a0a1b3273a0bd5bb.jpg?s=512&d=https%3A%2F%2Fa.slack-edge.com%2F7fa9%2Fimg%2Favatars%2Fava_0022-512.png",
            "status_text_canonical": "",
            "team": "T730RMB7T"
        },
        "is_admin": false,
        "is_owner": false,
        "is_primary_owner": false,
        "is_restricted": false,
        "is_ultra_restricted": false,
        "is_bot": false,
        "updated": 1518097927,
        "is_app_user": false
    },
    {
        "id": "UB0H1S1D1",
        "team_id": "T730RMB7T",
        "name": "dileep.kodavali",
        "deleted": false,
        "color": "7d414c",
        "real_name": "Dileep Kodavali",
        "tz": "America\/New_York",
        "tz_label": "Eastern Daylight Time",
        "tz_offset": -14400,
        "profile": {
            "title": "",
            "phone": "",
            "skype": "",
            "real_name": "Dileep Kodavali",
            "real_name_normalized": "Dileep Kodavali",
            "display_name": "",
            "display_name_normalized": "",
            "fields": null,
            "status_text": "",
            "status_emoji": "",
            "status_expiration": 0,
            "avatar_hash": "g976b156457e",
            "email": "dileep.kodavali@mpitcloud.com",
            "image_24": "https:\/\/secure.gravatar.com\/avatar\/976b156457e503fe26fe486782eafa7c.jpg?s=24&d=https%3A%2F%2Fa.slack-edge.com%2F66f9%2Fimg%2Favatars%2Fava_0005-24.png",
            "image_32": "https:\/\/secure.gravatar.com\/avatar\/976b156457e503fe26fe486782eafa7c.jpg?s=32&d=https%3A%2F%2Fa.slack-edge.com%2F66f9%2Fimg%2Favatars%2Fava_0005-32.png",
            "image_48": "https:\/\/secure.gravatar.com\/avatar\/976b156457e503fe26fe486782eafa7c.jpg?s=48&d=https%3A%2F%2Fa.slack-edge.com%2F66f9%2Fimg%2Favatars%2Fava_0005-48.png",
            "image_72": "https:\/\/secure.gravatar.com\/avatar\/976b156457e503fe26fe486782eafa7c.jpg?s=72&d=https%3A%2F%2Fa.slack-edge.com%2F66f9%2Fimg%2Favatars%2Fava_0005-72.png",
            "image_192": "https:\/\/secure.gravatar.com\/avatar\/976b156457e503fe26fe486782eafa7c.jpg?s=192&d=https%3A%2F%2Fa.slack-edge.com%2F7fa9%2Fimg%2Favatars%2Fava_0005-192.png",
            "image_512": "https:\/\/secure.gravatar.com\/avatar\/976b156457e503fe26fe486782eafa7c.jpg?s=512&d=https%3A%2F%2Fa.slack-edge.com%2F7fa9%2Fimg%2Favatars%2Fava_0005-512.png",
            "status_text_canonical": "",
            "team": "T730RMB7T"
        },
        "is_admin": false,
        "is_owner": false,
        "is_primary_owner": false,
        "is_restricted": false,
        "is_ultra_restricted": false,
        "is_bot": false,
        "updated": 1527991889,
        "is_app_user": false
    },
    {
        "id": "U9Q3U57SQ",
        "team_id": "T730RMB7T",
        "name": "github",
        "deleted": false,
        "color": "902d59",
        "real_name": "GitHub",
        "tz": "America\/Los_Angeles",
        "tz_label": "Pacific Daylight Time",
        "tz_offset": -25200,
        "profile": {
            "title": "",
            "phone": "",
            "skype": "",
            "real_name": "GitHub",
            "real_name_normalized": "GitHub",
            "display_name": "",
            "display_name_normalized": "",
            "fields": null,
            "status_text": "",
            "status_emoji": "",
            "status_expiration": 0,
            "avatar_hash": "1c514136ca1a",
            "bot_id": "B9R66CPQF",
            "api_app_id": "A8GBNUWU8",
            "always_active": true,
            "image_original": "https:\/\/avatars.slack-edge.com\/2018-03-14\/330159037554_1c514136ca1a80262275_original.png",
            "image_24": "https:\/\/avatars.slack-edge.com\/2018-03-14\/330159037554_1c514136ca1a80262275_24.png",
            "image_32": "https:\/\/avatars.slack-edge.com\/2018-03-14\/330159037554_1c514136ca1a80262275_32.png",
            "image_48": "https:\/\/avatars.slack-edge.com\/2018-03-14\/330159037554_1c514136ca1a80262275_48.png",
            "image_72": "https:\/\/avatars.slack-edge.com\/2018-03-14\/330159037554_1c514136ca1a80262275_72.png",
            "image_192": "https:\/\/avatars.slack-edge.com\/2018-03-14\/330159037554_1c514136ca1a80262275_192.png",
            "image_512": "https:\/\/avatars.slack-edge.com\/2018-03-14\/330159037554_1c514136ca1a80262275_512.png",
            "image_1024": "https:\/\/avatars.slack-edge.com\/2018-03-14\/330159037554_1c514136ca1a80262275_1024.png",
            "status_text_canonical": "",
            "team": "T730RMB7T",
            "is_custom_image": true
        },
        "is_admin": false,
        "is_owner": false,
        "is_primary_owner": false,
        "is_restricted": false,
        "is_ultra_restricted": false,
        "is_bot": true,
        "updated": 1521067427,
        "is_app_user": true
    },
    {
        "id": "U76QMPH8F",
        "team_id": "T730RMB7T",
        "name": "guru",
        "deleted": true,
        "profile": {
            "title": "",
            "phone": "",
            "skype": "",
            "real_name": "Hemadri Guru Manikanta Macherla",
            "real_name_normalized": "Hemadri Guru Manikanta Macherla",
            "display_name": "",
            "display_name_normalized": "",
            "fields": null,
            "status_text": "",
            "status_emoji": "",
            "status_expiration": 0,
            "avatar_hash": "gfdf77dbb0c2",
            "email": "guru@mpinfotech.com",
            "image_24": "https:\/\/secure.gravatar.com\/avatar\/fdf77dbb0c24f7f11e312ef68dc5462f.jpg?s=24&d=https%3A%2F%2Fa.slack-edge.com%2F66f9%2Fimg%2Favatars%2Fava_0006-24.png",
            "image_32": "https:\/\/secure.gravatar.com\/avatar\/fdf77dbb0c24f7f11e312ef68dc5462f.jpg?s=32&d=https%3A%2F%2Fa.slack-edge.com%2F66f9%2Fimg%2Favatars%2Fava_0006-32.png",
            "image_48": "https:\/\/secure.gravatar.com\/avatar\/fdf77dbb0c24f7f11e312ef68dc5462f.jpg?s=48&d=https%3A%2F%2Fa.slack-edge.com%2F66f9%2Fimg%2Favatars%2Fava_0006-48.png",
            "image_72": "https:\/\/secure.gravatar.com\/avatar\/fdf77dbb0c24f7f11e312ef68dc5462f.jpg?s=72&d=https%3A%2F%2Fa.slack-edge.com%2F66f9%2Fimg%2Favatars%2Fava_0006-72.png",
            "image_192": "https:\/\/secure.gravatar.com\/avatar\/fdf77dbb0c24f7f11e312ef68dc5462f.jpg?s=192&d=https%3A%2F%2Fa.slack-edge.com%2F7fa9%2Fimg%2Favatars%2Fava_0006-192.png",
            "image_512": "https:\/\/secure.gravatar.com\/avatar\/fdf77dbb0c24f7f11e312ef68dc5462f.jpg?s=512&d=https%3A%2F%2Fa.slack-edge.com%2F7fa9%2Fimg%2Favatars%2Fava_0006-512.png",
            "status_text_canonical": "",
            "team": "T730RMB7T"
        },
        "is_bot": false,
        "updated": 1526929385,
        "is_app_user": false
    },
    {
        "id": "U8GC9C5M1",
        "team_id": "T730RMB7T",
        "name": "john",
        "deleted": false,
        "color": "235e5b",
        "real_name": "John P.",
        "tz": "America\/Chicago",
        "tz_label": "Central Daylight Time",
        "tz_offset": -18000,
        "profile": {
            "title": "",
            "phone": "",
            "skype": "",
            "real_name": "John P.",
            "real_name_normalized": "John P.",
            "display_name": "John",
            "display_name_normalized": "John",
            "fields": null,
            "status_text": "",
            "status_emoji": "",
            "status_expiration": 0,
            "avatar_hash": "g7aa369ff23c",
            "email": "john@mpinfotech.com",
            "image_24": "https:\/\/secure.gravatar.com\/avatar\/7aa369ff23c684247a807d3e34d5b9da.jpg?s=24&d=https%3A%2F%2Fa.slack-edge.com%2F0180%2Fimg%2Favatars%2Fava_0021-24.png",
            "image_32": "https:\/\/secure.gravatar.com\/avatar\/7aa369ff23c684247a807d3e34d5b9da.jpg?s=32&d=https%3A%2F%2Fa.slack-edge.com%2F66f9%2Fimg%2Favatars%2Fava_0021-32.png",
            "image_48": "https:\/\/secure.gravatar.com\/avatar\/7aa369ff23c684247a807d3e34d5b9da.jpg?s=48&d=https%3A%2F%2Fa.slack-edge.com%2F3654%2Fimg%2Favatars%2Fava_0021-48.png",
            "image_72": "https:\/\/secure.gravatar.com\/avatar\/7aa369ff23c684247a807d3e34d5b9da.jpg?s=72&d=https%3A%2F%2Fa.slack-edge.com%2F66f9%2Fimg%2Favatars%2Fava_0021-72.png",
            "image_192": "https:\/\/secure.gravatar.com\/avatar\/7aa369ff23c684247a807d3e34d5b9da.jpg?s=192&d=https%3A%2F%2Fa.slack-edge.com%2F7fa9%2Fimg%2Favatars%2Fava_0021-192.png",
            "image_512": "https:\/\/secure.gravatar.com\/avatar\/7aa369ff23c684247a807d3e34d5b9da.jpg?s=512&d=https%3A%2F%2Fa.slack-edge.com%2F7fa9%2Fimg%2Favatars%2Fava_0021-512.png",
            "status_text_canonical": "",
            "team": "T730RMB7T"
        },
        "is_admin": false,
        "is_owner": false,
        "is_primary_owner": false,
        "is_restricted": false,
        "is_ultra_restricted": false,
        "is_bot": false,
        "updated": 1521077691,
        "is_app_user": false
    },
    {
        "id": "U9NPXN02U",
        "team_id": "T730RMB7T",
        "name": "kalyan",
        "deleted": false,
        "color": "e06b56",
        "real_name": "Kalyan Chakravarthy",
        "tz": "Asia\/Kolkata",
        "tz_label": "India Standard Time",
        "tz_offset": 19800,
        "profile": {
            "title": "",
            "phone": "",
            "skype": "",
            "real_name": "Kalyan Chakravarthy",
            "real_name_normalized": "Kalyan Chakravarthy",
            "display_name": "",
            "display_name_normalized": "",
            "fields": null,
            "status_text": "",
            "status_emoji": "",
            "status_expiration": 0,
            "avatar_hash": "ge1cb9d81582",
            "email": "kalyan@mpitcloud.com",
            "image_24": "https:\/\/secure.gravatar.com\/avatar\/e1cb9d815825964c3473ebcd00241c71.jpg?s=24&d=https%3A%2F%2Fa.slack-edge.com%2F66f9%2Fimg%2Favatars%2Fava_0007-24.png",
            "image_32": "https:\/\/secure.gravatar.com\/avatar\/e1cb9d815825964c3473ebcd00241c71.jpg?s=32&d=https%3A%2F%2Fa.slack-edge.com%2F66f9%2Fimg%2Favatars%2Fava_0007-32.png",
            "image_48": "https:\/\/secure.gravatar.com\/avatar\/e1cb9d815825964c3473ebcd00241c71.jpg?s=48&d=https%3A%2F%2Fa.slack-edge.com%2F66f9%2Fimg%2Favatars%2Fava_0007-48.png",
            "image_72": "https:\/\/secure.gravatar.com\/avatar\/e1cb9d815825964c3473ebcd00241c71.jpg?s=72&d=https%3A%2F%2Fa.slack-edge.com%2F66f9%2Fimg%2Favatars%2Fava_0007-72.png",
            "image_192": "https:\/\/secure.gravatar.com\/avatar\/e1cb9d815825964c3473ebcd00241c71.jpg?s=192&d=https%3A%2F%2Fa.slack-edge.com%2F7fa9%2Fimg%2Favatars%2Fava_0007-192.png",
            "image_512": "https:\/\/secure.gravatar.com\/avatar\/e1cb9d815825964c3473ebcd00241c71.jpg?s=512&d=https%3A%2F%2Fa.slack-edge.com%2F7fa9%2Fimg%2Favatars%2Fava_0007-512.png",
            "status_text_canonical": "",
            "team": "T730RMB7T"
        },
        "is_admin": false,
        "is_owner": false,
        "is_primary_owner": false,
        "is_restricted": false,
        "is_ultra_restricted": false,
        "is_bot": false,
        "updated": 1520983638,
        "is_app_user": false
    },
    {
        "id": "U7HEGQA20",
        "team_id": "T730RMB7T",
        "name": "kdeepika",
        "deleted": true,
        "profile": {
            "title": "",
            "phone": "",
            "skype": "",
            "real_name": "Deepika Kothamasu",
            "real_name_normalized": "Deepika Kothamasu",
            "display_name": "Deepika",
            "display_name_normalized": "Deepika",
            "fields": null,
            "status_text": "",
            "status_emoji": "",
            "status_expiration": 0,
            "avatar_hash": "gec74707dbd0",
            "email": "kdeepika@mpinfotech.com",
            "image_24": "https:\/\/secure.gravatar.com\/avatar\/ec74707dbd0a89ee8db0d2d6150cd110.jpg?s=24&d=https%3A%2F%2Fa.slack-edge.com%2F0180%2Fimg%2Favatars%2Fava_0003-24.png",
            "image_32": "https:\/\/secure.gravatar.com\/avatar\/ec74707dbd0a89ee8db0d2d6150cd110.jpg?s=32&d=https%3A%2F%2Fa.slack-edge.com%2F66f9%2Fimg%2Favatars%2Fava_0003-32.png",
            "image_48": "https:\/\/secure.gravatar.com\/avatar\/ec74707dbd0a89ee8db0d2d6150cd110.jpg?s=48&d=https%3A%2F%2Fa.slack-edge.com%2F66f9%2Fimg%2Favatars%2Fava_0003-48.png",
            "image_72": "https:\/\/secure.gravatar.com\/avatar\/ec74707dbd0a89ee8db0d2d6150cd110.jpg?s=72&d=https%3A%2F%2Fa.slack-edge.com%2F66f9%2Fimg%2Favatars%2Fava_0003-72.png",
            "image_192": "https:\/\/secure.gravatar.com\/avatar\/ec74707dbd0a89ee8db0d2d6150cd110.jpg?s=192&d=https%3A%2F%2Fa.slack-edge.com%2F7fa9%2Fimg%2Favatars%2Fava_0003-192.png",
            "image_512": "https:\/\/secure.gravatar.com\/avatar\/ec74707dbd0a89ee8db0d2d6150cd110.jpg?s=512&d=https%3A%2F%2Fa.slack-edge.com%2F7fa9%2Fimg%2Favatars%2Fava_0003-512.png",
            "status_text_canonical": "",
            "team": "T730RMB7T"
        },
        "is_bot": false,
        "updated": 1512602046,
        "is_app_user": false
    },
    {
        "id": "U74DWDY76",
        "team_id": "T730RMB7T",
        "name": "kiranp",
        "deleted": false,
        "color": "674b1b",
        "real_name": "Kiran P",
        "tz": "America\/New_York",
        "tz_label": "Eastern Daylight Time",
        "tz_offset": -14400,
        "profile": {
            "title": "",
            "phone": "",
            "skype": "",
            "real_name": "Kiran P",
            "real_name_normalized": "Kiran P",
            "display_name": "",
            "display_name_normalized": "",
            "fields": null,
            "status_text": "",
            "status_emoji": "",
            "status_expiration": 0,
            "avatar_hash": "g57111601228",
            "email": "kiranp@mpinfotech.com",
            "image_24": "https:\/\/secure.gravatar.com\/avatar\/57111601228257efbdc5393b908d9daf.jpg?s=24&d=https%3A%2F%2Fa.slack-edge.com%2F66f9%2Fimg%2Favatars%2Fava_0016-24.png",
            "image_32": "https:\/\/secure.gravatar.com\/avatar\/57111601228257efbdc5393b908d9daf.jpg?s=32&d=https%3A%2F%2Fa.slack-edge.com%2F66f9%2Fimg%2Favatars%2Fava_0016-32.png",
            "image_48": "https:\/\/secure.gravatar.com\/avatar\/57111601228257efbdc5393b908d9daf.jpg?s=48&d=https%3A%2F%2Fa.slack-edge.com%2F66f9%2Fimg%2Favatars%2Fava_0016-48.png",
            "image_72": "https:\/\/secure.gravatar.com\/avatar\/57111601228257efbdc5393b908d9daf.jpg?s=72&d=https%3A%2F%2Fa.slack-edge.com%2F66f9%2Fimg%2Favatars%2Fava_0016-72.png",
            "image_192": "https:\/\/secure.gravatar.com\/avatar\/57111601228257efbdc5393b908d9daf.jpg?s=192&d=https%3A%2F%2Fa.slack-edge.com%2F7fa9%2Fimg%2Favatars%2Fava_0016-192.png",
            "image_512": "https:\/\/secure.gravatar.com\/avatar\/57111601228257efbdc5393b908d9daf.jpg?s=512&d=https%3A%2F%2Fa.slack-edge.com%2F7fa9%2Fimg%2Favatars%2Fava_0016-512.png",
            "status_text_canonical": "",
            "team": "T730RMB7T"
        },
        "is_admin": false,
        "is_owner": false,
        "is_primary_owner": false,
        "is_restricted": false,
        "is_ultra_restricted": false,
        "is_bot": false,
        "updated": 1523893419,
        "is_app_user": false
    },
    {
        "id": "U8B25LH0B",
        "team_id": "T730RMB7T",
        "name": "manikanta",
        "deleted": false,
        "color": "5a4592",
        "real_name": "Manikanta",
        "tz": "Asia\/Kolkata",
        "tz_label": "India Standard Time",
        "tz_offset": 19800,
        "profile": {
            "title": "",
            "phone": "",
            "skype": "",
            "real_name": "Manikanta",
            "real_name_normalized": "Manikanta",
            "display_name": "",
            "display_name_normalized": "",
            "fields": null,
            "status_text": "",
            "status_emoji": "",
            "status_expiration": 0,
            "avatar_hash": "g7c8407bb8bc",
            "email": "manikanta@mpinfotech.com",
            "image_24": "https:\/\/secure.gravatar.com\/avatar\/7c8407bb8bceca42c6de5f6118f657fa.jpg?s=24&d=https%3A%2F%2Fa.slack-edge.com%2F66f9%2Fimg%2Favatars%2Fava_0006-24.png",
            "image_32": "https:\/\/secure.gravatar.com\/avatar\/7c8407bb8bceca42c6de5f6118f657fa.jpg?s=32&d=https%3A%2F%2Fa.slack-edge.com%2F66f9%2Fimg%2Favatars%2Fava_0006-32.png",
            "image_48": "https:\/\/secure.gravatar.com\/avatar\/7c8407bb8bceca42c6de5f6118f657fa.jpg?s=48&d=https%3A%2F%2Fa.slack-edge.com%2F66f9%2Fimg%2Favatars%2Fava_0006-48.png",
            "image_72": "https:\/\/secure.gravatar.com\/avatar\/7c8407bb8bceca42c6de5f6118f657fa.jpg?s=72&d=https%3A%2F%2Fa.slack-edge.com%2F66f9%2Fimg%2Favatars%2Fava_0006-72.png",
            "image_192": "https:\/\/secure.gravatar.com\/avatar\/7c8407bb8bceca42c6de5f6118f657fa.jpg?s=192&d=https%3A%2F%2Fa.slack-edge.com%2F7fa9%2Fimg%2Favatars%2Fava_0006-192.png",
            "image_512": "https:\/\/secure.gravatar.com\/avatar\/7c8407bb8bceca42c6de5f6118f657fa.jpg?s=512&d=https%3A%2F%2Fa.slack-edge.com%2F7fa9%2Fimg%2Favatars%2Fava_0006-512.png",
            "status_text_canonical": "",
            "team": "T730RMB7T"
        },
        "is_admin": false,
        "is_owner": false,
        "is_primary_owner": false,
        "is_restricted": false,
        "is_ultra_restricted": false,
        "is_bot": false,
        "updated": 1527001996,
        "is_app_user": false
    },
    {
        "id": "U9BMJEHFY",
        "team_id": "T730RMB7T",
        "name": "manu",
        "deleted": true,
        "profile": {
            "title": "",
            "phone": "7622179544",
            "skype": "",
            "real_name": "Manu Jose",
            "real_name_normalized": "Manu Jose",
            "display_name": "Manu",
            "display_name_normalized": "Manu",
            "fields": null,
            "status_text": "",
            "status_emoji": "",
            "status_expiration": 0,
            "avatar_hash": "gd84b22c61c8",
            "email": "manu@mpinfotech.com",
            "first_name": "Manu",
            "last_name": "Jose",
            "image_24": "https:\/\/secure.gravatar.com\/avatar\/d84b22c61c833725f142e0ec6e97a550.jpg?s=24&d=https%3A%2F%2Fa.slack-edge.com%2F66f9%2Fimg%2Favatars%2Fava_0009-24.png",
            "image_32": "https:\/\/secure.gravatar.com\/avatar\/d84b22c61c833725f142e0ec6e97a550.jpg?s=32&d=https%3A%2F%2Fa.slack-edge.com%2F66f9%2Fimg%2Favatars%2Fava_0009-32.png",
            "image_48": "https:\/\/secure.gravatar.com\/avatar\/d84b22c61c833725f142e0ec6e97a550.jpg?s=48&d=https%3A%2F%2Fa.slack-edge.com%2F66f9%2Fimg%2Favatars%2Fava_0009-48.png",
            "image_72": "https:\/\/secure.gravatar.com\/avatar\/d84b22c61c833725f142e0ec6e97a550.jpg?s=72&d=https%3A%2F%2Fa.slack-edge.com%2F66f9%2Fimg%2Favatars%2Fava_0009-72.png",
            "image_192": "https:\/\/secure.gravatar.com\/avatar\/d84b22c61c833725f142e0ec6e97a550.jpg?s=192&d=https%3A%2F%2Fa.slack-edge.com%2F7fa9%2Fimg%2Favatars%2Fava_0009-192.png",
            "image_512": "https:\/\/secure.gravatar.com\/avatar\/d84b22c61c833725f142e0ec6e97a550.jpg?s=512&d=https%3A%2F%2Fa.slack-edge.com%2F7fa9%2Fimg%2Favatars%2Fava_0009-512.png",
            "status_text_canonical": "",
            "team": "T730RMB7T"
        },
        "is_bot": false,
        "updated": 1520606175,
        "is_app_user": false
    },
    {
        "id": "U9JT2HAP4",
        "team_id": "T730RMB7T",
        "name": "manu469",
        "deleted": false,
        "color": "50a0cf",
        "real_name": "Manu Jose",
        "tz": "America\/Chicago",
        "tz_label": "Central Daylight Time",
        "tz_offset": -18000,
        "profile": {
            "title": "",
            "phone": "",
            "skype": "",
            "real_name": "Manu Jose",
            "real_name_normalized": "Manu Jose",
            "display_name": "Manu",
            "display_name_normalized": "Manu",
            "fields": null,
            "status_text": "",
            "status_emoji": "",
            "status_expiration": 0,
            "avatar_hash": "g407f5e5e564",
            "email": "manu@mpitcloud.com",
            "image_24": "https:\/\/secure.gravatar.com\/avatar\/407f5e5e564064f27b850a792376c1a6.jpg?s=24&d=https%3A%2F%2Fa.slack-edge.com%2F66f9%2Fimg%2Favatars%2Fava_0024-24.png",
            "image_32": "https:\/\/secure.gravatar.com\/avatar\/407f5e5e564064f27b850a792376c1a6.jpg?s=32&d=https%3A%2F%2Fa.slack-edge.com%2F66f9%2Fimg%2Favatars%2Fava_0024-32.png",
            "image_48": "https:\/\/secure.gravatar.com\/avatar\/407f5e5e564064f27b850a792376c1a6.jpg?s=48&d=https%3A%2F%2Fa.slack-edge.com%2F66f9%2Fimg%2Favatars%2Fava_0024-48.png",
            "image_72": "https:\/\/secure.gravatar.com\/avatar\/407f5e5e564064f27b850a792376c1a6.jpg?s=72&d=https%3A%2F%2Fa.slack-edge.com%2F66f9%2Fimg%2Favatars%2Fava_0024-72.png",
            "image_192": "https:\/\/secure.gravatar.com\/avatar\/407f5e5e564064f27b850a792376c1a6.jpg?s=192&d=https%3A%2F%2Fa.slack-edge.com%2F7fa9%2Fimg%2Favatars%2Fava_0024-192.png",
            "image_512": "https:\/\/secure.gravatar.com\/avatar\/407f5e5e564064f27b850a792376c1a6.jpg?s=512&d=https%3A%2F%2Fa.slack-edge.com%2F7fa9%2Fimg%2Favatars%2Fava_0024-512.png",
            "status_text_canonical": "",
            "team": "T730RMB7T"
        },
        "is_admin": false,
        "is_owner": false,
        "is_primary_owner": false,
        "is_restricted": false,
        "is_ultra_restricted": false,
        "is_bot": false,
        "updated": 1526999817,
        "is_app_user": false
    },
    {
        "id": "U746RD3SN",
        "team_id": "T730RMB7T",
        "name": "mmurali",
        "deleted": false,
        "color": "4bbe2e",
        "real_name": "MMurali",
        "tz": "America\/New_York",
        "tz_label": "Eastern Daylight Time",
        "tz_offset": -14400,
        "profile": {
            "title": "Technologist",
            "phone": "+1 908 930 7238",
            "skype": "",
            "real_name": "MMurali",
            "real_name_normalized": "MMurali",
            "display_name": "MMurali",
            "display_name_normalized": "MMurali",
            "fields": null,
            "status_text": "Available",
            "status_emoji": ":speech_balloon:",
            "status_expiration": 0,
            "avatar_hash": "a6e7b2b54dcb",
            "image_original": "https:\/\/avatars.slack-edge.com\/2017-12-09\/284241542434_a6e7b2b54dcbe8a2c042_original.png",
            "email": "mmurali@mpinfotech.com",
            "first_name": "MMurali",
            "last_name": "",
            "image_24": "https:\/\/avatars.slack-edge.com\/2017-12-09\/284241542434_a6e7b2b54dcbe8a2c042_24.png",
            "image_32": "https:\/\/avatars.slack-edge.com\/2017-12-09\/284241542434_a6e7b2b54dcbe8a2c042_32.png",
            "image_48": "https:\/\/avatars.slack-edge.com\/2017-12-09\/284241542434_a6e7b2b54dcbe8a2c042_48.png",
            "image_72": "https:\/\/avatars.slack-edge.com\/2017-12-09\/284241542434_a6e7b2b54dcbe8a2c042_72.png",
            "image_192": "https:\/\/avatars.slack-edge.com\/2017-12-09\/284241542434_a6e7b2b54dcbe8a2c042_192.png",
            "image_512": "https:\/\/avatars.slack-edge.com\/2017-12-09\/284241542434_a6e7b2b54dcbe8a2c042_512.png",
            "image_1024": "https:\/\/avatars.slack-edge.com\/2017-12-09\/284241542434_a6e7b2b54dcbe8a2c042_1024.png",
            "status_text_canonical": "",
            "team": "T730RMB7T",
            "is_custom_image": true
        },
        "is_admin": true,
        "is_owner": false,
        "is_primary_owner": false,
        "is_restricted": false,
        "is_ultra_restricted": false,
        "is_bot": false,
        "updated": 1528578843,
        "is_app_user": false
    },
    {
        "id": "U9R2J9HCG",
        "team_id": "T730RMB7T",
        "name": "mthomas",
        "deleted": false,
        "color": "de5f24",
        "real_name": "Mathew Thomas",
        "tz": "America\/Chicago",
        "tz_label": "Central Daylight Time",
        "tz_offset": -18000,
        "profile": {
            "title": "",
            "phone": "",
            "skype": "",
            "real_name": "Mathew Thomas",
            "real_name_normalized": "Mathew Thomas",
            "display_name": "Matt",
            "display_name_normalized": "Matt",
            "fields": null,
            "status_text": "",
            "status_emoji": "",
            "status_expiration": 0,
            "avatar_hash": "gc9a5c574a8f",
            "email": "mthomas@mpitcloud.com",
            "image_24": "https:\/\/secure.gravatar.com\/avatar\/c9a5c574a8f5116aa98dec485a660bf1.jpg?s=24&d=https%3A%2F%2Fa.slack-edge.com%2F66f9%2Fimg%2Favatars%2Fava_0018-24.png",
            "image_32": "https:\/\/secure.gravatar.com\/avatar\/c9a5c574a8f5116aa98dec485a660bf1.jpg?s=32&d=https%3A%2F%2Fa.slack-edge.com%2F66f9%2Fimg%2Favatars%2Fava_0018-32.png",
            "image_48": "https:\/\/secure.gravatar.com\/avatar\/c9a5c574a8f5116aa98dec485a660bf1.jpg?s=48&d=https%3A%2F%2Fa.slack-edge.com%2F66f9%2Fimg%2Favatars%2Fava_0018-48.png",
            "image_72": "https:\/\/secure.gravatar.com\/avatar\/c9a5c574a8f5116aa98dec485a660bf1.jpg?s=72&d=https%3A%2F%2Fa.slack-edge.com%2F3654%2Fimg%2Favatars%2Fava_0018-72.png",
            "image_192": "https:\/\/secure.gravatar.com\/avatar\/c9a5c574a8f5116aa98dec485a660bf1.jpg?s=192&d=https%3A%2F%2Fa.slack-edge.com%2F7fa9%2Fimg%2Favatars%2Fava_0018-192.png",
            "image_512": "https:\/\/secure.gravatar.com\/avatar\/c9a5c574a8f5116aa98dec485a660bf1.jpg?s=512&d=https%3A%2F%2Fa.slack-edge.com%2F7fa9%2Fimg%2Favatars%2Fava_0018-512.png",
            "status_text_canonical": "",
            "team": "T730RMB7T"
        },
        "is_admin": false,
        "is_owner": false,
        "is_primary_owner": false,
        "is_restricted": false,
        "is_ultra_restricted": false,
        "is_bot": false,
        "updated": 1528339223,
        "is_app_user": false
    },
    {
        "id": "U7DJKE1K5",
        "team_id": "T730RMB7T",
        "name": "myashwanth",
        "deleted": false,
        "color": "4cc091",
        "real_name": "Yaswanth",
        "tz": "America\/New_York",
        "tz_label": "Eastern Daylight Time",
        "tz_offset": -14400,
        "profile": {
            "title": "",
            "phone": "",
            "skype": "",
            "real_name": "Yaswanth",
            "real_name_normalized": "Yaswanth",
            "display_name": "",
            "display_name_normalized": "",
            "fields": null,
            "status_text": "",
            "status_emoji": "",
            "status_expiration": 0,
            "avatar_hash": "gd440980585e",
            "email": "myashwanth@mpinfotech.com",
            "image_24": "https:\/\/secure.gravatar.com\/avatar\/d440980585e4a5a612c695fbca5aa515.jpg?s=24&d=https%3A%2F%2Fa.slack-edge.com%2F0180%2Fimg%2Favatars%2Fava_0021-24.png",
            "image_32": "https:\/\/secure.gravatar.com\/avatar\/d440980585e4a5a612c695fbca5aa515.jpg?s=32&d=https%3A%2F%2Fa.slack-edge.com%2F66f9%2Fimg%2Favatars%2Fava_0021-32.png",
            "image_48": "https:\/\/secure.gravatar.com\/avatar\/d440980585e4a5a612c695fbca5aa515.jpg?s=48&d=https%3A%2F%2Fa.slack-edge.com%2F3654%2Fimg%2Favatars%2Fava_0021-48.png",
            "image_72": "https:\/\/secure.gravatar.com\/avatar\/d440980585e4a5a612c695fbca5aa515.jpg?s=72&d=https%3A%2F%2Fa.slack-edge.com%2F66f9%2Fimg%2Favatars%2Fava_0021-72.png",
            "image_192": "https:\/\/secure.gravatar.com\/avatar\/d440980585e4a5a612c695fbca5aa515.jpg?s=192&d=https%3A%2F%2Fa.slack-edge.com%2F7fa9%2Fimg%2Favatars%2Fava_0021-192.png",
            "image_512": "https:\/\/secure.gravatar.com\/avatar\/d440980585e4a5a612c695fbca5aa515.jpg?s=512&d=https%3A%2F%2Fa.slack-edge.com%2F7fa9%2Fimg%2Favatars%2Fava_0021-512.png",
            "status_text_canonical": "",
            "team": "T730RMB7T"
        },
        "is_admin": false,
        "is_owner": false,
        "is_primary_owner": false,
        "is_restricted": false,
        "is_ultra_restricted": false,
        "is_bot": false,
        "updated": 1520877230,
        "is_app_user": false
    },
    {
        "id": "UAJFJND36",
        "team_id": "T730RMB7T",
        "name": "navin.ulaganathan",
        "deleted": false,
        "color": "e475df",
        "real_name": "Navin",
        "tz": "America\/Los_Angeles",
        "tz_label": "Pacific Daylight Time",
        "tz_offset": -25200,
        "profile": {
            "title": "",
            "phone": "",
            "skype": "",
            "real_name": "Navin",
            "real_name_normalized": "Navin",
            "display_name": "",
            "display_name_normalized": "",
            "fields": null,
            "status_text": "",
            "status_emoji": "",
            "status_expiration": 0,
            "avatar_hash": "g4d2f5e050a8",
            "email": "navin.ulaganathan@mpitcloud.com",
            "image_24": "https:\/\/secure.gravatar.com\/avatar\/4d2f5e050a857681c3fab285135a4537.jpg?s=24&d=https%3A%2F%2Fa.slack-edge.com%2F66f9%2Fimg%2Favatars%2Fava_0005-24.png",
            "image_32": "https:\/\/secure.gravatar.com\/avatar\/4d2f5e050a857681c3fab285135a4537.jpg?s=32&d=https%3A%2F%2Fa.slack-edge.com%2F66f9%2Fimg%2Favatars%2Fava_0005-32.png",
            "image_48": "https:\/\/secure.gravatar.com\/avatar\/4d2f5e050a857681c3fab285135a4537.jpg?s=48&d=https%3A%2F%2Fa.slack-edge.com%2F66f9%2Fimg%2Favatars%2Fava_0005-48.png",
            "image_72": "https:\/\/secure.gravatar.com\/avatar\/4d2f5e050a857681c3fab285135a4537.jpg?s=72&d=https%3A%2F%2Fa.slack-edge.com%2F66f9%2Fimg%2Favatars%2Fava_0005-72.png",
            "image_192": "https:\/\/secure.gravatar.com\/avatar\/4d2f5e050a857681c3fab285135a4537.jpg?s=192&d=https%3A%2F%2Fa.slack-edge.com%2F7fa9%2Fimg%2Favatars%2Fava_0005-192.png",
            "image_512": "https:\/\/secure.gravatar.com\/avatar\/4d2f5e050a857681c3fab285135a4537.jpg?s=512&d=https%3A%2F%2Fa.slack-edge.com%2F7fa9%2Fimg%2Favatars%2Fava_0005-512.png",
            "status_text_canonical": "",
            "team": "T730RMB7T"
        },
        "is_admin": false,
        "is_owner": false,
        "is_primary_owner": false,
        "is_restricted": false,
        "is_ultra_restricted": false,
        "is_bot": false,
        "updated": 1528398217,
        "is_app_user": false
    },
    {
        "id": "U74STF4HJ",
        "team_id": "T730RMB7T",
        "name": "omakash",
        "deleted": false,
        "color": "e96699",
        "real_name": "Om Akash",
        "tz": "America\/New_York",
        "tz_label": "Eastern Daylight Time",
        "tz_offset": -14400,
        "profile": {
            "title": "",
            "phone": "",
            "skype": "",
            "real_name": "Om Akash",
            "real_name_normalized": "Om Akash",
            "display_name": "Akash",
            "display_name_normalized": "Akash",
            "fields": null,
            "status_text": "",
            "status_emoji": "",
            "status_expiration": 0,
            "avatar_hash": "g7133dd3863f",
            "email": "omakash@mpinfotech.com",
            "image_24": "https:\/\/secure.gravatar.com\/avatar\/7133dd3863f475b8e26c0b6752345344.jpg?s=24&d=https%3A%2F%2Fa.slack-edge.com%2F0180%2Fimg%2Favatars%2Fava_0003-24.png",
            "image_32": "https:\/\/secure.gravatar.com\/avatar\/7133dd3863f475b8e26c0b6752345344.jpg?s=32&d=https%3A%2F%2Fa.slack-edge.com%2F66f9%2Fimg%2Favatars%2Fava_0003-32.png",
            "image_48": "https:\/\/secure.gravatar.com\/avatar\/7133dd3863f475b8e26c0b6752345344.jpg?s=48&d=https%3A%2F%2Fa.slack-edge.com%2F66f9%2Fimg%2Favatars%2Fava_0003-48.png",
            "image_72": "https:\/\/secure.gravatar.com\/avatar\/7133dd3863f475b8e26c0b6752345344.jpg?s=72&d=https%3A%2F%2Fa.slack-edge.com%2F66f9%2Fimg%2Favatars%2Fava_0003-72.png",
            "image_192": "https:\/\/secure.gravatar.com\/avatar\/7133dd3863f475b8e26c0b6752345344.jpg?s=192&d=https%3A%2F%2Fa.slack-edge.com%2F7fa9%2Fimg%2Favatars%2Fava_0003-192.png",
            "image_512": "https:\/\/secure.gravatar.com\/avatar\/7133dd3863f475b8e26c0b6752345344.jpg?s=512&d=https%3A%2F%2Fa.slack-edge.com%2F7fa9%2Fimg%2Favatars%2Fava_0003-512.png",
            "status_text_canonical": "",
            "team": "T730RMB7T"
        },
        "is_admin": false,
        "is_owner": false,
        "is_primary_owner": false,
        "is_restricted": false,
        "is_ultra_restricted": false,
        "is_bot": false,
        "updated": 1505752792,
        "is_app_user": false
    },
    {
        "id": "UB0H0BEM9",
        "team_id": "T730RMB7T",
        "name": "prajwala.gottu",
        "deleted": false,
        "color": "a72f79",
        "real_name": "Prajwala Gottu",
        "tz": "America\/New_York",
        "tz_label": "Eastern Daylight Time",
        "tz_offset": -14400,
        "profile": {
            "title": "",
            "phone": "4696013931",
            "skype": "",
            "real_name": "Prajwala Gottu",
            "real_name_normalized": "Prajwala Gottu",
            "display_name": "Prajwala",
            "display_name_normalized": "Prajwala",
            "fields": null,
            "status_text": "",
            "status_emoji": "",
            "status_expiration": 0,
            "avatar_hash": "6ec2bf23441f",
            "image_original": "https:\/\/avatars.slack-edge.com\/2018-06-02\/375572066070_6ec2bf23441fd942003d_original.png",
            "email": "prajwala.gottu@mpitcloud.com",
            "first_name": "Prajwala",
            "last_name": "Gottu",
            "image_24": "https:\/\/avatars.slack-edge.com\/2018-06-02\/375572066070_6ec2bf23441fd942003d_24.png",
            "image_32": "https:\/\/avatars.slack-edge.com\/2018-06-02\/375572066070_6ec2bf23441fd942003d_32.png",
            "image_48": "https:\/\/avatars.slack-edge.com\/2018-06-02\/375572066070_6ec2bf23441fd942003d_48.png",
            "image_72": "https:\/\/avatars.slack-edge.com\/2018-06-02\/375572066070_6ec2bf23441fd942003d_72.png",
            "image_192": "https:\/\/avatars.slack-edge.com\/2018-06-02\/375572066070_6ec2bf23441fd942003d_192.png",
            "image_512": "https:\/\/avatars.slack-edge.com\/2018-06-02\/375572066070_6ec2bf23441fd942003d_512.png",
            "image_1024": "https:\/\/avatars.slack-edge.com\/2018-06-02\/375572066070_6ec2bf23441fd942003d_1024.png",
            "status_text_canonical": "",
            "team": "T730RMB7T",
            "is_custom_image": true
        },
        "is_admin": false,
        "is_owner": false,
        "is_primary_owner": false,
        "is_restricted": false,
        "is_ultra_restricted": false,
        "is_bot": false,
        "updated": 1528571129,
        "is_app_user": false
    },
    {
        "id": "U9KKCK4QN",
        "team_id": "T730RMB7T",
        "name": "prasanna",
        "deleted": false,
        "color": "ea2977",
        "real_name": "Prasanna Kumar",
        "tz": "America\/Los_Angeles",
        "tz_label": "Pacific Daylight Time",
        "tz_offset": -25200,
        "profile": {
            "title": "",
            "phone": "",
            "skype": "",
            "real_name": "Prasanna Kumar",
            "real_name_normalized": "Prasanna Kumar",
            "display_name": "prasanna kumar",
            "display_name_normalized": "prasanna kumar",
            "fields": null,
            "status_text": "",
            "status_emoji": "",
            "status_expiration": 0,
            "avatar_hash": "13eb408089ba",
            "image_original": "https:\/\/avatars.slack-edge.com\/2018-03-06\/326728644743_13eb408089ba1088f973_original.png",
            "email": "prasanna@mpitcloud.com",
            "first_name": "Prasanna",
            "last_name": "Kumar",
            "image_24": "https:\/\/avatars.slack-edge.com\/2018-03-06\/326728644743_13eb408089ba1088f973_24.png",
            "image_32": "https:\/\/avatars.slack-edge.com\/2018-03-06\/326728644743_13eb408089ba1088f973_32.png",
            "image_48": "https:\/\/avatars.slack-edge.com\/2018-03-06\/326728644743_13eb408089ba1088f973_48.png",
            "image_72": "https:\/\/avatars.slack-edge.com\/2018-03-06\/326728644743_13eb408089ba1088f973_72.png",
            "image_192": "https:\/\/avatars.slack-edge.com\/2018-03-06\/326728644743_13eb408089ba1088f973_192.png",
            "image_512": "https:\/\/avatars.slack-edge.com\/2018-03-06\/326728644743_13eb408089ba1088f973_512.png",
            "image_1024": "https:\/\/avatars.slack-edge.com\/2018-03-06\/326728644743_13eb408089ba1088f973_1024.png",
            "status_text_canonical": "",
            "team": "T730RMB7T",
            "is_custom_image": true
        },
        "is_admin": false,
        "is_owner": false,
        "is_primary_owner": false,
        "is_restricted": false,
        "is_ultra_restricted": false,
        "is_bot": false,
        "updated": 1529179059,
        "is_app_user": false
    },
    {
        "id": "U730RMBB3",
        "team_id": "T730RMB7T",
        "name": "psai",
        "deleted": false,
        "color": "9f69e7",
        "real_name": "Prasannasai Meruga",
        "tz": "America\/New_York",
        "tz_label": "Eastern Daylight Time",
        "tz_offset": -14400,
        "profile": {
            "title": "",
            "phone": "",
            "skype": "",
            "real_name": "Prasannasai Meruga",
            "real_name_normalized": "Prasannasai Meruga",
            "display_name": "",
            "display_name_normalized": "",
            "fields": null,
            "status_text": "",
            "status_emoji": "",
            "status_expiration": 0,
            "avatar_hash": "g67e9a2e566e",
            "email": "psai@mpinfotech.com",
            "image_24": "https:\/\/secure.gravatar.com\/avatar\/67e9a2e566ef375e0207115c34307c53.jpg?s=24&d=https%3A%2F%2Fa.slack-edge.com%2F66f9%2Fimg%2Favatars%2Fava_0022-24.png",
            "image_32": "https:\/\/secure.gravatar.com\/avatar\/67e9a2e566ef375e0207115c34307c53.jpg?s=32&d=https%3A%2F%2Fa.slack-edge.com%2F66f9%2Fimg%2Favatars%2Fava_0022-32.png",
            "image_48": "https:\/\/secure.gravatar.com\/avatar\/67e9a2e566ef375e0207115c34307c53.jpg?s=48&d=https%3A%2F%2Fa.slack-edge.com%2F66f9%2Fimg%2Favatars%2Fava_0022-48.png",
            "image_72": "https:\/\/secure.gravatar.com\/avatar\/67e9a2e566ef375e0207115c34307c53.jpg?s=72&d=https%3A%2F%2Fa.slack-edge.com%2F66f9%2Fimg%2Favatars%2Fava_0022-72.png",
            "image_192": "https:\/\/secure.gravatar.com\/avatar\/67e9a2e566ef375e0207115c34307c53.jpg?s=192&d=https%3A%2F%2Fa.slack-edge.com%2F7fa9%2Fimg%2Favatars%2Fava_0022-192.png",
            "image_512": "https:\/\/secure.gravatar.com\/avatar\/67e9a2e566ef375e0207115c34307c53.jpg?s=512&d=https%3A%2F%2Fa.slack-edge.com%2F7fa9%2Fimg%2Favatars%2Fava_0022-512.png",
            "status_text_canonical": "",
            "team": "T730RMB7T"
        },
        "is_admin": true,
        "is_owner": true,
        "is_primary_owner": true,
        "is_restricted": false,
        "is_ultra_restricted": false,
        "is_bot": false,
        "updated": 1521813784,
        "is_app_user": false
    },
    {
        "id": "U9H0VLAM7",
        "team_id": "T730RMB7T",
        "name": "ramkumar",
        "deleted": false,
        "color": "5870dd",
        "real_name": "Ramkumar",
        "tz": "America\/New_York",
        "tz_label": "Eastern Daylight Time",
        "tz_offset": -14400,
        "profile": {
            "title": "",
            "phone": "",
            "skype": "",
            "real_name": "Ramkumar",
            "real_name_normalized": "Ramkumar",
            "display_name": "",
            "display_name_normalized": "",
            "fields": null,
            "status_text": "",
            "status_emoji": "",
            "status_expiration": 0,
            "avatar_hash": "g239b4d0d9a8",
            "email": "ramkumar@mpitcloud.com",
            "image_24": "https:\/\/secure.gravatar.com\/avatar\/239b4d0d9a8aa600e195c91a2afd1f44.jpg?s=24&d=https%3A%2F%2Fa.slack-edge.com%2F66f9%2Fimg%2Favatars%2Fava_0007-24.png",
            "image_32": "https:\/\/secure.gravatar.com\/avatar\/239b4d0d9a8aa600e195c91a2afd1f44.jpg?s=32&d=https%3A%2F%2Fa.slack-edge.com%2F66f9%2Fimg%2Favatars%2Fava_0007-32.png",
            "image_48": "https:\/\/secure.gravatar.com\/avatar\/239b4d0d9a8aa600e195c91a2afd1f44.jpg?s=48&d=https%3A%2F%2Fa.slack-edge.com%2F66f9%2Fimg%2Favatars%2Fava_0007-48.png",
            "image_72": "https:\/\/secure.gravatar.com\/avatar\/239b4d0d9a8aa600e195c91a2afd1f44.jpg?s=72&d=https%3A%2F%2Fa.slack-edge.com%2F66f9%2Fimg%2Favatars%2Fava_0007-72.png",
            "image_192": "https:\/\/secure.gravatar.com\/avatar\/239b4d0d9a8aa600e195c91a2afd1f44.jpg?s=192&d=https%3A%2F%2Fa.slack-edge.com%2F7fa9%2Fimg%2Favatars%2Fava_0007-192.png",
            "image_512": "https:\/\/secure.gravatar.com\/avatar\/239b4d0d9a8aa600e195c91a2afd1f44.jpg?s=512&d=https%3A%2F%2Fa.slack-edge.com%2F7fa9%2Fimg%2Favatars%2Fava_0007-512.png",
            "status_text_canonical": "",
            "team": "T730RMB7T"
        },
        "is_admin": false,
        "is_owner": false,
        "is_primary_owner": false,
        "is_restricted": false,
        "is_ultra_restricted": false,
        "is_bot": false,
        "updated": 1519993291,
        "is_app_user": false
    },
    {
        "id": "U759G285D",
        "team_id": "T730RMB7T",
        "name": "ramsai",
        "deleted": false,
        "color": "3c989f",
        "real_name": "Ramsai Amrutham",
        "tz": "America\/New_York",
        "tz_label": "Eastern Daylight Time",
        "tz_offset": -14400,
        "profile": {
            "title": "",
            "phone": "",
            "skype": "",
            "real_name": "Ramsai Amrutham",
            "real_name_normalized": "Ramsai Amrutham",
            "display_name": "Ram0303",
            "display_name_normalized": "Ram0303",
            "fields": null,
            "status_text": "",
            "status_emoji": "",
            "status_expiration": 0,
            "avatar_hash": "gadba48cbbf9",
            "email": "ramsai@mpinfotech.com",
            "image_24": "https:\/\/secure.gravatar.com\/avatar\/adba48cbbf9408f1b88b58cd7f79c4c9.jpg?s=24&d=https%3A%2F%2Fa.slack-edge.com%2F66f9%2Fimg%2Favatars%2Fava_0016-24.png",
            "image_32": "https:\/\/secure.gravatar.com\/avatar\/adba48cbbf9408f1b88b58cd7f79c4c9.jpg?s=32&d=https%3A%2F%2Fa.slack-edge.com%2F66f9%2Fimg%2Favatars%2Fava_0016-32.png",
            "image_48": "https:\/\/secure.gravatar.com\/avatar\/adba48cbbf9408f1b88b58cd7f79c4c9.jpg?s=48&d=https%3A%2F%2Fa.slack-edge.com%2F66f9%2Fimg%2Favatars%2Fava_0016-48.png",
            "image_72": "https:\/\/secure.gravatar.com\/avatar\/adba48cbbf9408f1b88b58cd7f79c4c9.jpg?s=72&d=https%3A%2F%2Fa.slack-edge.com%2F66f9%2Fimg%2Favatars%2Fava_0016-72.png",
            "image_192": "https:\/\/secure.gravatar.com\/avatar\/adba48cbbf9408f1b88b58cd7f79c4c9.jpg?s=192&d=https%3A%2F%2Fa.slack-edge.com%2F7fa9%2Fimg%2Favatars%2Fava_0016-192.png",
            "image_512": "https:\/\/secure.gravatar.com\/avatar\/adba48cbbf9408f1b88b58cd7f79c4c9.jpg?s=512&d=https%3A%2F%2Fa.slack-edge.com%2F7fa9%2Fimg%2Favatars%2Fava_0016-512.png",
            "status_text_canonical": "",
            "team": "T730RMB7T"
        },
        "is_admin": false,
        "is_owner": false,
        "is_primary_owner": false,
        "is_restricted": false,
        "is_ultra_restricted": false,
        "is_bot": false,
        "updated": 1513874941,
        "is_app_user": false
    },
    {
        "id": "U8AJ8835X",
        "team_id": "T730RMB7T",
        "name": "ravi",
        "deleted": false,
        "color": "bb86b7",
        "real_name": "Raviteja Potluri",
        "tz": "America\/New_York",
        "tz_label": "Eastern Daylight Time",
        "tz_offset": -14400,
        "profile": {
            "title": "",
            "phone": "7731973747",
            "skype": "",
            "real_name": "Raviteja Potluri",
            "real_name_normalized": "Raviteja Potluri",
            "display_name": "raviteja",
            "display_name_normalized": "raviteja",
            "fields": null,
            "status_text": "Status Unavailable....Check Later",
            "status_emoji": ":speech_balloon:",
            "status_expiration": 0,
            "avatar_hash": "g66c34528c03",
            "email": "ravi@mpinfotech.com",
            "first_name": "Raviteja",
            "last_name": "Potluri",
            "image_24": "https:\/\/secure.gravatar.com\/avatar\/66c34528c037d2ea33e3b875fd155756.jpg?s=24&d=https%3A%2F%2Fa.slack-edge.com%2F0180%2Fimg%2Favatars%2Fava_0017-24.png",
            "image_32": "https:\/\/secure.gravatar.com\/avatar\/66c34528c037d2ea33e3b875fd155756.jpg?s=32&d=https%3A%2F%2Fa.slack-edge.com%2F66f9%2Fimg%2Favatars%2Fava_0017-32.png",
            "image_48": "https:\/\/secure.gravatar.com\/avatar\/66c34528c037d2ea33e3b875fd155756.jpg?s=48&d=https%3A%2F%2Fa.slack-edge.com%2F66f9%2Fimg%2Favatars%2Fava_0017-48.png",
            "image_72": "https:\/\/secure.gravatar.com\/avatar\/66c34528c037d2ea33e3b875fd155756.jpg?s=72&d=https%3A%2F%2Fa.slack-edge.com%2F66f9%2Fimg%2Favatars%2Fava_0017-72.png",
            "image_192": "https:\/\/secure.gravatar.com\/avatar\/66c34528c037d2ea33e3b875fd155756.jpg?s=192&d=https%3A%2F%2Fa.slack-edge.com%2F7fa9%2Fimg%2Favatars%2Fava_0017-192.png",
            "image_512": "https:\/\/secure.gravatar.com\/avatar\/66c34528c037d2ea33e3b875fd155756.jpg?s=512&d=https%3A%2F%2Fa.slack-edge.com%2F7fa9%2Fimg%2Favatars%2Fava_0017-512.png",
            "status_text_canonical": "",
            "team": "T730RMB7T"
        },
        "is_admin": false,
        "is_owner": false,
        "is_primary_owner": false,
        "is_restricted": false,
        "is_ultra_restricted": false,
        "is_bot": false,
        "updated": 1521822659,
        "is_app_user": false
    },
    {
        "id": "UADKY6LHF",
        "team_id": "T730RMB7T",
        "name": "saisumasri",
        "deleted": false,
        "color": "4ec0d6",
        "real_name": "Saisumasri Komarraju",
        "tz": "America\/New_York",
        "tz_label": "Eastern Daylight Time",
        "tz_offset": -14400,
        "profile": {
            "title": "",
            "phone": "",
            "skype": "",
            "real_name": "Saisumasri Komarraju",
            "real_name_normalized": "Saisumasri Komarraju",
            "display_name": "Suma",
            "display_name_normalized": "Suma",
            "fields": null,
            "status_text": "",
            "status_emoji": "",
            "status_expiration": 0,
            "avatar_hash": "g083d7a42dd5",
            "email": "saisumasri@mpitcloud.com",
            "image_24": "https:\/\/secure.gravatar.com\/avatar\/083d7a42dd58f5126083fdf0f1a28977.jpg?s=24&d=https%3A%2F%2Fa.slack-edge.com%2F66f9%2Fimg%2Favatars%2Fava_0007-24.png",
            "image_32": "https:\/\/secure.gravatar.com\/avatar\/083d7a42dd58f5126083fdf0f1a28977.jpg?s=32&d=https%3A%2F%2Fa.slack-edge.com%2F66f9%2Fimg%2Favatars%2Fava_0007-32.png",
            "image_48": "https:\/\/secure.gravatar.com\/avatar\/083d7a42dd58f5126083fdf0f1a28977.jpg?s=48&d=https%3A%2F%2Fa.slack-edge.com%2F66f9%2Fimg%2Favatars%2Fava_0007-48.png",
            "image_72": "https:\/\/secure.gravatar.com\/avatar\/083d7a42dd58f5126083fdf0f1a28977.jpg?s=72&d=https%3A%2F%2Fa.slack-edge.com%2F66f9%2Fimg%2Favatars%2Fava_0007-72.png",
            "image_192": "https:\/\/secure.gravatar.com\/avatar\/083d7a42dd58f5126083fdf0f1a28977.jpg?s=192&d=https%3A%2F%2Fa.slack-edge.com%2F7fa9%2Fimg%2Favatars%2Fava_0007-192.png",
            "image_512": "https:\/\/secure.gravatar.com\/avatar\/083d7a42dd58f5126083fdf0f1a28977.jpg?s=512&d=https%3A%2F%2Fa.slack-edge.com%2F7fa9%2Fimg%2Favatars%2Fava_0007-512.png",
            "status_text_canonical": "",
            "team": "T730RMB7T"
        },
        "is_admin": false,
        "is_owner": false,
        "is_primary_owner": false,
        "is_restricted": false,
        "is_ultra_restricted": false,
        "is_bot": false,
        "updated": 1524786375,
        "is_app_user": false
    },
    {
        "id": "U9M7W1F1B",
        "team_id": "T730RMB7T",
        "name": "sdonepudi",
        "deleted": false,
        "color": "d1707d",
        "real_name": "Parvathi",
        "tz": "America\/Chicago",
        "tz_label": "Central Daylight Time",
        "tz_offset": -18000,
        "profile": {
            "title": "",
            "phone": "",
            "skype": "",
            "real_name": "Parvathi",
            "real_name_normalized": "Parvathi",
            "display_name": "Parvathi",
            "display_name_normalized": "Parvathi",
            "fields": [],
            "status_text": "",
            "status_emoji": "",
            "status_expiration": 0,
            "avatar_hash": "g64f143c8f58",
            "email": "sdonepudi@mpitcloud.com",
            "first_name": "Parvathi",
            "last_name": "",
            "image_24": "https:\/\/secure.gravatar.com\/avatar\/64f143c8f580037688ef9294abdde193.jpg?s=24&d=https%3A%2F%2Fa.slack-edge.com%2F66f9%2Fimg%2Favatars%2Fava_0013-24.png",
            "image_32": "https:\/\/secure.gravatar.com\/avatar\/64f143c8f580037688ef9294abdde193.jpg?s=32&d=https%3A%2F%2Fa.slack-edge.com%2F0180%2Fimg%2Favatars%2Fava_0013-32.png",
            "image_48": "https:\/\/secure.gravatar.com\/avatar\/64f143c8f580037688ef9294abdde193.jpg?s=48&d=https%3A%2F%2Fa.slack-edge.com%2F66f9%2Fimg%2Favatars%2Fava_0013-48.png",
            "image_72": "https:\/\/secure.gravatar.com\/avatar\/64f143c8f580037688ef9294abdde193.jpg?s=72&d=https%3A%2F%2Fa.slack-edge.com%2F66f9%2Fimg%2Favatars%2Fava_0013-72.png",
            "image_192": "https:\/\/secure.gravatar.com\/avatar\/64f143c8f580037688ef9294abdde193.jpg?s=192&d=https%3A%2F%2Fa.slack-edge.com%2F7fa9%2Fimg%2Favatars%2Fava_0013-192.png",
            "image_512": "https:\/\/secure.gravatar.com\/avatar\/64f143c8f580037688ef9294abdde193.jpg?s=512&d=https%3A%2F%2Fa.slack-edge.com%2F7fa9%2Fimg%2Favatars%2Fava_0013-512.png",
            "status_text_canonical": "",
            "team": "T730RMB7T"
        },
        "is_admin": false,
        "is_owner": false,
        "is_primary_owner": false,
        "is_restricted": false,
        "is_ultra_restricted": false,
        "is_bot": false,
        "updated": 1522807765,
        "is_app_user": false
    },
    {
        "id": "U98U42YGK",
        "team_id": "T730RMB7T",
        "name": "siva",
        "deleted": false,
        "color": "385a86",
        "real_name": "Siva Tiramdasu",
        "tz": "America\/New_York",
        "tz_label": "Eastern Daylight Time",
        "tz_offset": -14400,
        "profile": {
            "title": "",
            "phone": "",
            "skype": "",
            "real_name": "Siva Tiramdasu",
            "real_name_normalized": "Siva Tiramdasu",
            "display_name": "Siva",
            "display_name_normalized": "Siva",
            "fields": null,
            "status_text": "",
            "status_emoji": "",
            "status_expiration": 0,
            "avatar_hash": "g0991567124e",
            "email": "siva@mpinfotech.com",
            "image_24": "https:\/\/secure.gravatar.com\/avatar\/0991567124e12ccba95697a6cb80605b.jpg?s=24&d=https%3A%2F%2Fa.slack-edge.com%2F66f9%2Fimg%2Favatars%2Fava_0015-24.png",
            "image_32": "https:\/\/secure.gravatar.com\/avatar\/0991567124e12ccba95697a6cb80605b.jpg?s=32&d=https%3A%2F%2Fa.slack-edge.com%2F66f9%2Fimg%2Favatars%2Fava_0015-32.png",
            "image_48": "https:\/\/secure.gravatar.com\/avatar\/0991567124e12ccba95697a6cb80605b.jpg?s=48&d=https%3A%2F%2Fa.slack-edge.com%2F66f9%2Fimg%2Favatars%2Fava_0015-48.png",
            "image_72": "https:\/\/secure.gravatar.com\/avatar\/0991567124e12ccba95697a6cb80605b.jpg?s=72&d=https%3A%2F%2Fa.slack-edge.com%2F66f9%2Fimg%2Favatars%2Fava_0015-72.png",
            "image_192": "https:\/\/secure.gravatar.com\/avatar\/0991567124e12ccba95697a6cb80605b.jpg?s=192&d=https%3A%2F%2Fa.slack-edge.com%2F7fa9%2Fimg%2Favatars%2Fava_0015-192.png",
            "image_512": "https:\/\/secure.gravatar.com\/avatar\/0991567124e12ccba95697a6cb80605b.jpg?s=512&d=https%3A%2F%2Fa.slack-edge.com%2F7fa9%2Fimg%2Favatars%2Fava_0015-512.png",
            "status_text_canonical": "",
            "team": "T730RMB7T"
        },
        "is_admin": false,
        "is_owner": false,
        "is_primary_owner": false,
        "is_restricted": false,
        "is_ultra_restricted": false,
        "is_bot": false,
        "updated": 1518620265,
        "is_app_user": false
    },
    {
        "id": "UA3KP1W3D",
        "team_id": "T730RMB7T",
        "name": "skatakam",
        "deleted": false,
        "color": "8d4b84",
        "real_name": "santhosh kumar katakam",
        "tz": "America\/New_York",
        "tz_label": "Eastern Daylight Time",
        "tz_offset": -14400,
        "profile": {
            "title": "",
            "phone": "",
            "skype": "",
            "real_name": "santhosh kumar katakam",
            "real_name_normalized": "santhosh kumar katakam",
            "display_name": "Santhosh",
            "display_name_normalized": "Santhosh",
            "fields": null,
            "status_text": "",
            "status_emoji": "",
            "status_expiration": 0,
            "avatar_hash": "g256e3a26040",
            "email": "skatakam@mpinfotech.com",
            "image_24": "https:\/\/secure.gravatar.com\/avatar\/256e3a26040de7de99a293c91561db54.jpg?s=24&d=https%3A%2F%2Fa.slack-edge.com%2F0180%2Fimg%2Favatars%2Fava_0017-24.png",
            "image_32": "https:\/\/secure.gravatar.com\/avatar\/256e3a26040de7de99a293c91561db54.jpg?s=32&d=https%3A%2F%2Fa.slack-edge.com%2F66f9%2Fimg%2Favatars%2Fava_0017-32.png",
            "image_48": "https:\/\/secure.gravatar.com\/avatar\/256e3a26040de7de99a293c91561db54.jpg?s=48&d=https%3A%2F%2Fa.slack-edge.com%2F66f9%2Fimg%2Favatars%2Fava_0017-48.png",
            "image_72": "https:\/\/secure.gravatar.com\/avatar\/256e3a26040de7de99a293c91561db54.jpg?s=72&d=https%3A%2F%2Fa.slack-edge.com%2F66f9%2Fimg%2Favatars%2Fava_0017-72.png",
            "image_192": "https:\/\/secure.gravatar.com\/avatar\/256e3a26040de7de99a293c91561db54.jpg?s=192&d=https%3A%2F%2Fa.slack-edge.com%2F7fa9%2Fimg%2Favatars%2Fava_0017-192.png",
            "image_512": "https:\/\/secure.gravatar.com\/avatar\/256e3a26040de7de99a293c91561db54.jpg?s=512&d=https%3A%2F%2Fa.slack-edge.com%2F7fa9%2Fimg%2Favatars%2Fava_0017-512.png",
            "status_text_canonical": "",
            "team": "T730RMB7T"
        },
        "is_admin": false,
        "is_owner": false,
        "is_primary_owner": false,
        "is_restricted": false,
        "is_ultra_restricted": false,
        "is_bot": false,
        "updated": 1523301435,
        "is_app_user": false
    },
    {
        "id": "U7ED9S0S2",
        "team_id": "T730RMB7T",
        "name": "srajesh",
        "deleted": false,
        "color": "df3dc0",
        "real_name": "Rajesh Singirla",
        "tz": "America\/Chicago",
        "tz_label": "Central Daylight Time",
        "tz_offset": -18000,
        "profile": {
            "title": "",
            "phone": "",
            "skype": "",
            "real_name": "Rajesh Singirla",
            "real_name_normalized": "Rajesh Singirla",
            "display_name": "",
            "display_name_normalized": "",
            "fields": null,
            "status_text": "",
            "status_emoji": "",
            "status_expiration": 0,
            "avatar_hash": "g381810861b7",
            "email": "srajesh@mpinfotech.com",
            "image_24": "https:\/\/secure.gravatar.com\/avatar\/381810861b7e02dde3bbb8276c226e30.jpg?s=24&d=https%3A%2F%2Fa.slack-edge.com%2F66f9%2Fimg%2Favatars%2Fava_0015-24.png",
            "image_32": "https:\/\/secure.gravatar.com\/avatar\/381810861b7e02dde3bbb8276c226e30.jpg?s=32&d=https%3A%2F%2Fa.slack-edge.com%2F66f9%2Fimg%2Favatars%2Fava_0015-32.png",
            "image_48": "https:\/\/secure.gravatar.com\/avatar\/381810861b7e02dde3bbb8276c226e30.jpg?s=48&d=https%3A%2F%2Fa.slack-edge.com%2F66f9%2Fimg%2Favatars%2Fava_0015-48.png",
            "image_72": "https:\/\/secure.gravatar.com\/avatar\/381810861b7e02dde3bbb8276c226e30.jpg?s=72&d=https%3A%2F%2Fa.slack-edge.com%2F66f9%2Fimg%2Favatars%2Fava_0015-72.png",
            "image_192": "https:\/\/secure.gravatar.com\/avatar\/381810861b7e02dde3bbb8276c226e30.jpg?s=192&d=https%3A%2F%2Fa.slack-edge.com%2F7fa9%2Fimg%2Favatars%2Fava_0015-192.png",
            "image_512": "https:\/\/secure.gravatar.com\/avatar\/381810861b7e02dde3bbb8276c226e30.jpg?s=512&d=https%3A%2F%2Fa.slack-edge.com%2F7fa9%2Fimg%2Favatars%2Fava_0015-512.png",
            "status_text_canonical": "",
            "team": "T730RMB7T"
        },
        "is_admin": false,
        "is_owner": false,
        "is_primary_owner": false,
        "is_restricted": false,
        "is_ultra_restricted": false,
        "is_bot": false,
        "updated": 1513348702,
        "is_app_user": false
    },
    {
        "id": "U9MF5E7PF",
        "team_id": "T730RMB7T",
        "name": "sreddy",
        "deleted": false,
        "color": "43761b",
        "real_name": "Samba",
        "tz": "America\/Chicago",
        "tz_label": "Central Daylight Time",
        "tz_offset": -18000,
        "profile": {
            "title": "",
            "phone": "",
            "skype": "",
            "real_name": "Samba",
            "real_name_normalized": "Samba",
            "display_name": "",
            "display_name_normalized": "",
            "fields": null,
            "status_text": "away",
            "status_emoji": ":speech_balloon:",
            "status_expiration": 0,
            "avatar_hash": "gac662fe26f4",
            "email": "sreddy@mpitcloud.com",
            "image_24": "https:\/\/secure.gravatar.com\/avatar\/ac662fe26f411d94b176b661bd972572.jpg?s=24&d=https%3A%2F%2Fa.slack-edge.com%2F66f9%2Fimg%2Favatars%2Fava_0011-24.png",
            "image_32": "https:\/\/secure.gravatar.com\/avatar\/ac662fe26f411d94b176b661bd972572.jpg?s=32&d=https%3A%2F%2Fa.slack-edge.com%2F66f9%2Fimg%2Favatars%2Fava_0011-32.png",
            "image_48": "https:\/\/secure.gravatar.com\/avatar\/ac662fe26f411d94b176b661bd972572.jpg?s=48&d=https%3A%2F%2Fa.slack-edge.com%2F66f9%2Fimg%2Favatars%2Fava_0011-48.png",
            "image_72": "https:\/\/secure.gravatar.com\/avatar\/ac662fe26f411d94b176b661bd972572.jpg?s=72&d=https%3A%2F%2Fa.slack-edge.com%2F3654%2Fimg%2Favatars%2Fava_0011-72.png",
            "image_192": "https:\/\/secure.gravatar.com\/avatar\/ac662fe26f411d94b176b661bd972572.jpg?s=192&d=https%3A%2F%2Fa.slack-edge.com%2F7fa9%2Fimg%2Favatars%2Fava_0011-192.png",
            "image_512": "https:\/\/secure.gravatar.com\/avatar\/ac662fe26f411d94b176b661bd972572.jpg?s=512&d=https%3A%2F%2Fa.slack-edge.com%2F7fa9%2Fimg%2Favatars%2Fava_0011-512.png",
            "status_text_canonical": "",
            "team": "T730RMB7T"
        },
        "is_admin": false,
        "is_owner": false,
        "is_primary_owner": false,
        "is_restricted": false,
        "is_ultra_restricted": false,
        "is_bot": false,
        "updated": 1523042475,
        "is_app_user": false
    },
    {
        "id": "U9WFDH45D",
        "team_id": "T730RMB7T",
        "name": "sreddyarchivebot",
        "deleted": true,
        "profile": {
            "title": "",
            "phone": "",
            "skype": "",
            "real_name": "sreddyarchivebot",
            "real_name_normalized": "sreddyarchivebot",
            "display_name": "",
            "display_name_normalized": "",
            "fields": null,
            "status_text": "",
            "status_emoji": "",
            "status_expiration": 0,
            "avatar_hash": "ee487da5bc9a",
            "bot_id": "B9VJ5L11B",
            "api_app_id": "",
            "always_active": false,
            "image_original": "https:\/\/avatars.slack-edge.com\/2018-03-24\/334767438992_ee487da5bc9aa7adf72f_original.png",
            "image_24": "https:\/\/avatars.slack-edge.com\/2018-03-24\/334767438992_ee487da5bc9aa7adf72f_24.png",
            "image_32": "https:\/\/avatars.slack-edge.com\/2018-03-24\/334767438992_ee487da5bc9aa7adf72f_32.png",
            "image_48": "https:\/\/avatars.slack-edge.com\/2018-03-24\/334767438992_ee487da5bc9aa7adf72f_48.png",
            "image_72": "https:\/\/avatars.slack-edge.com\/2018-03-24\/334767438992_ee487da5bc9aa7adf72f_72.png",
            "image_192": "https:\/\/avatars.slack-edge.com\/2018-03-24\/334767438992_ee487da5bc9aa7adf72f_192.png",
            "image_512": "https:\/\/avatars.slack-edge.com\/2018-03-24\/334767438992_ee487da5bc9aa7adf72f_512.png",
            "image_1024": "https:\/\/avatars.slack-edge.com\/2018-03-24\/334767438992_ee487da5bc9aa7adf72f_1024.png",
            "status_text_canonical": "",
            "team": "T730RMB7T"
        },
        "is_bot": true,
        "updated": 1526488764,
        "is_app_user": false
    },
    {
        "id": "U9TTEGVQW",
        "team_id": "T730RMB7T",
        "name": "sseelam",
        "deleted": false,
        "color": "827327",
        "real_name": "Sri Ranganath Seelam",
        "tz": "America\/Chicago",
        "tz_label": "Central Daylight Time",
        "tz_offset": -18000,
        "profile": {
            "title": "",
            "phone": "",
            "skype": "",
            "real_name": "Sri Ranganath Seelam",
            "real_name_normalized": "Sri Ranganath Seelam",
            "display_name": "Sri",
            "display_name_normalized": "Sri",
            "fields": null,
            "status_text": "",
            "status_emoji": "",
            "status_expiration": 0,
            "avatar_hash": "gfabc5f7000b",
            "email": "sseelam@mpitcloud.com",
            "image_24": "https:\/\/secure.gravatar.com\/avatar\/fabc5f7000bb2b2e84345bb3a3e6c375.jpg?s=24&d=https%3A%2F%2Fa.slack-edge.com%2F66f9%2Fimg%2Favatars%2Fava_0015-24.png",
            "image_32": "https:\/\/secure.gravatar.com\/avatar\/fabc5f7000bb2b2e84345bb3a3e6c375.jpg?s=32&d=https%3A%2F%2Fa.slack-edge.com%2F66f9%2Fimg%2Favatars%2Fava_0015-32.png",
            "image_48": "https:\/\/secure.gravatar.com\/avatar\/fabc5f7000bb2b2e84345bb3a3e6c375.jpg?s=48&d=https%3A%2F%2Fa.slack-edge.com%2F66f9%2Fimg%2Favatars%2Fava_0015-48.png",
            "image_72": "https:\/\/secure.gravatar.com\/avatar\/fabc5f7000bb2b2e84345bb3a3e6c375.jpg?s=72&d=https%3A%2F%2Fa.slack-edge.com%2F66f9%2Fimg%2Favatars%2Fava_0015-72.png",
            "image_192": "https:\/\/secure.gravatar.com\/avatar\/fabc5f7000bb2b2e84345bb3a3e6c375.jpg?s=192&d=https%3A%2F%2Fa.slack-edge.com%2F7fa9%2Fimg%2Favatars%2Fava_0015-192.png",
            "image_512": "https:\/\/secure.gravatar.com\/avatar\/fabc5f7000bb2b2e84345bb3a3e6c375.jpg?s=512&d=https%3A%2F%2Fa.slack-edge.com%2F7fa9%2Fimg%2Favatars%2Fava_0015-512.png",
            "status_text_canonical": "",
            "team": "T730RMB7T"
        },
        "is_admin": false,
        "is_owner": false,
        "is_primary_owner": false,
        "is_restricted": false,
        "is_ultra_restricted": false,
        "is_bot": false,
        "updated": 1521566554,
        "is_app_user": false
    },
    {
        "id": "U761HUB8B",
        "team_id": "T730RMB7T",
        "name": "surekha",
        "deleted": true,
        "profile": {
            "title": "",
            "phone": "",
            "skype": "",
            "real_name": "Surekha",
            "real_name_normalized": "Surekha",
            "display_name": "",
            "display_name_normalized": "",
            "fields": null,
            "status_text": "",
            "status_emoji": "",
            "status_expiration": 0,
            "avatar_hash": "g1a2e64956c7",
            "email": "surekha@mpinfotech.com",
            "image_24": "https:\/\/secure.gravatar.com\/avatar\/1a2e64956c7170ff9ac5a85d4c8fa07e.jpg?s=24&d=https%3A%2F%2Fa.slack-edge.com%2F0180%2Fimg%2Favatars%2Fava_0004-24.png",
            "image_32": "https:\/\/secure.gravatar.com\/avatar\/1a2e64956c7170ff9ac5a85d4c8fa07e.jpg?s=32&d=https%3A%2F%2Fa.slack-edge.com%2F66f9%2Fimg%2Favatars%2Fava_0004-32.png",
            "image_48": "https:\/\/secure.gravatar.com\/avatar\/1a2e64956c7170ff9ac5a85d4c8fa07e.jpg?s=48&d=https%3A%2F%2Fa.slack-edge.com%2F66f9%2Fimg%2Favatars%2Fava_0004-48.png",
            "image_72": "https:\/\/secure.gravatar.com\/avatar\/1a2e64956c7170ff9ac5a85d4c8fa07e.jpg?s=72&d=https%3A%2F%2Fa.slack-edge.com%2F66f9%2Fimg%2Favatars%2Fava_0004-72.png",
            "image_192": "https:\/\/secure.gravatar.com\/avatar\/1a2e64956c7170ff9ac5a85d4c8fa07e.jpg?s=192&d=https%3A%2F%2Fa.slack-edge.com%2F7fa9%2Fimg%2Favatars%2Fava_0004-192.png",
            "image_512": "https:\/\/secure.gravatar.com\/avatar\/1a2e64956c7170ff9ac5a85d4c8fa07e.jpg?s=512&d=https%3A%2F%2Fa.slack-edge.com%2F7fa9%2Fimg%2Favatars%2Fava_0004-512.png",
            "status_text_canonical": "",
            "team": "T730RMB7T"
        },
        "is_bot": false,
        "updated": 1512602063,
        "is_app_user": false
    },
    {
        "id": "UAFCKL4V9",
        "team_id": "T730RMB7T",
        "name": "sushanth.gopireddy",
        "deleted": false,
        "color": "e23f99",
        "real_name": "Sushanth Gopireddy",
        "tz": "America\/Chicago",
        "tz_label": "Central Daylight Time",
        "tz_offset": -18000,
        "profile": {
            "title": "",
            "phone": "",
            "skype": "",
            "real_name": "Sushanth Gopireddy",
            "real_name_normalized": "Sushanth Gopireddy",
            "display_name": "Sushanth Gopireddy",
            "display_name_normalized": "Sushanth Gopireddy",
            "fields": null,
            "status_text": "",
            "status_emoji": "",
            "status_expiration": 0,
            "avatar_hash": "gb98b8ba2ed8",
            "email": "sushanth.gopireddy@mpitcloud.com",
            "image_24": "https:\/\/secure.gravatar.com\/avatar\/b98b8ba2ed847b4171e1b4e10e643c49.jpg?s=24&d=https%3A%2F%2Fa.slack-edge.com%2F66f9%2Fimg%2Favatars%2Fava_0005-24.png",
            "image_32": "https:\/\/secure.gravatar.com\/avatar\/b98b8ba2ed847b4171e1b4e10e643c49.jpg?s=32&d=https%3A%2F%2Fa.slack-edge.com%2F66f9%2Fimg%2Favatars%2Fava_0005-32.png",
            "image_48": "https:\/\/secure.gravatar.com\/avatar\/b98b8ba2ed847b4171e1b4e10e643c49.jpg?s=48&d=https%3A%2F%2Fa.slack-edge.com%2F66f9%2Fimg%2Favatars%2Fava_0005-48.png",
            "image_72": "https:\/\/secure.gravatar.com\/avatar\/b98b8ba2ed847b4171e1b4e10e643c49.jpg?s=72&d=https%3A%2F%2Fa.slack-edge.com%2F66f9%2Fimg%2Favatars%2Fava_0005-72.png",
            "image_192": "https:\/\/secure.gravatar.com\/avatar\/b98b8ba2ed847b4171e1b4e10e643c49.jpg?s=192&d=https%3A%2F%2Fa.slack-edge.com%2F7fa9%2Fimg%2Favatars%2Fava_0005-192.png",
            "image_512": "https:\/\/secure.gravatar.com\/avatar\/b98b8ba2ed847b4171e1b4e10e643c49.jpg?s=512&d=https%3A%2F%2Fa.slack-edge.com%2F7fa9%2Fimg%2Favatars%2Fava_0005-512.png",
            "status_text_canonical": "",
            "team": "T730RMB7T"
        },
        "is_admin": false,
        "is_owner": false,
        "is_primary_owner": false,
        "is_restricted": false,
        "is_ultra_restricted": false,
        "is_bot": false,
        "updated": 1525058520,
        "is_app_user": false
    },
    {
        "id": "U763Z9NAG",
        "team_id": "T730RMB7T",
        "name": "svamshi",
        "deleted": true,
        "profile": {
            "title": "",
            "phone": "",
            "skype": "",
            "real_name": "Vamshi S",
            "real_name_normalized": "Vamshi S",
            "display_name": "",
            "display_name_normalized": "",
            "fields": null,
            "status_text": "",
            "status_emoji": "",
            "status_expiration": 0,
            "avatar_hash": "gcd7cbdb887e",
            "email": "svamshi@mpinfotech.com",
            "image_24": "https:\/\/secure.gravatar.com\/avatar\/cd7cbdb887e669a48cbf8ba7d115ef2d.jpg?s=24&d=https%3A%2F%2Fa.slack-edge.com%2F66f9%2Fimg%2Favatars%2Fava_0009-24.png",
            "image_32": "https:\/\/secure.gravatar.com\/avatar\/cd7cbdb887e669a48cbf8ba7d115ef2d.jpg?s=32&d=https%3A%2F%2Fa.slack-edge.com%2F66f9%2Fimg%2Favatars%2Fava_0009-32.png",
            "image_48": "https:\/\/secure.gravatar.com\/avatar\/cd7cbdb887e669a48cbf8ba7d115ef2d.jpg?s=48&d=https%3A%2F%2Fa.slack-edge.com%2F66f9%2Fimg%2Favatars%2Fava_0009-48.png",
            "image_72": "https:\/\/secure.gravatar.com\/avatar\/cd7cbdb887e669a48cbf8ba7d115ef2d.jpg?s=72&d=https%3A%2F%2Fa.slack-edge.com%2F66f9%2Fimg%2Favatars%2Fava_0009-72.png",
            "image_192": "https:\/\/secure.gravatar.com\/avatar\/cd7cbdb887e669a48cbf8ba7d115ef2d.jpg?s=192&d=https%3A%2F%2Fa.slack-edge.com%2F7fa9%2Fimg%2Favatars%2Fava_0009-192.png",
            "image_512": "https:\/\/secure.gravatar.com\/avatar\/cd7cbdb887e669a48cbf8ba7d115ef2d.jpg?s=512&d=https%3A%2F%2Fa.slack-edge.com%2F7fa9%2Fimg%2Favatars%2Fava_0009-512.png",
            "status_text_canonical": "",
            "team": "T730RMB7T"
        },
        "is_bot": false,
        "updated": 1507604633,
        "is_app_user": false
    },
    {
        "id": "U770EERUN",
        "team_id": "T730RMB7T",
        "name": "tarun",
        "deleted": true,
        "profile": {
            "title": "",
            "phone": "",
            "skype": "",
            "real_name": "Tarun",
            "real_name_normalized": "Tarun",
            "display_name": "",
            "display_name_normalized": "",
            "fields": [],
            "status_text": "",
            "status_emoji": "",
            "status_expiration": 0,
            "avatar_hash": "g178d25ed6a0",
            "email": "tarun@mpinfotech.com",
            "first_name": "Tarun",
            "last_name": "",
            "image_24": "https:\/\/secure.gravatar.com\/avatar\/178d25ed6a0003e558f6c9fad7da220c.jpg?s=24&d=https%3A%2F%2Fa.slack-edge.com%2F0180%2Fimg%2Favatars%2Fava_0017-24.png",
            "image_32": "https:\/\/secure.gravatar.com\/avatar\/178d25ed6a0003e558f6c9fad7da220c.jpg?s=32&d=https%3A%2F%2Fa.slack-edge.com%2F66f9%2Fimg%2Favatars%2Fava_0017-32.png",
            "image_48": "https:\/\/secure.gravatar.com\/avatar\/178d25ed6a0003e558f6c9fad7da220c.jpg?s=48&d=https%3A%2F%2Fa.slack-edge.com%2F66f9%2Fimg%2Favatars%2Fava_0017-48.png",
            "image_72": "https:\/\/secure.gravatar.com\/avatar\/178d25ed6a0003e558f6c9fad7da220c.jpg?s=72&d=https%3A%2F%2Fa.slack-edge.com%2F66f9%2Fimg%2Favatars%2Fava_0017-72.png",
            "image_192": "https:\/\/secure.gravatar.com\/avatar\/178d25ed6a0003e558f6c9fad7da220c.jpg?s=192&d=https%3A%2F%2Fa.slack-edge.com%2F7fa9%2Fimg%2Favatars%2Fava_0017-192.png",
            "image_512": "https:\/\/secure.gravatar.com\/avatar\/178d25ed6a0003e558f6c9fad7da220c.jpg?s=512&d=https%3A%2F%2Fa.slack-edge.com%2F7fa9%2Fimg%2Favatars%2Fava_0017-512.png",
            "status_text_canonical": "",
            "team": "T730RMB7T"
        },
        "is_bot": false,
        "updated": 1520274334,
        "is_app_user": false
    },
    {
        "id": "U8HLU8SG0",
        "team_id": "T730RMB7T",
        "name": "tharunthota",
        "deleted": true,
        "profile": {
            "title": "",
            "phone": "",
            "skype": "",
            "real_name": "Tharun Thota",
            "real_name_normalized": "Tharun Thota",
            "display_name": "Tharun Thota",
            "display_name_normalized": "Tharun Thota",
            "fields": null,
            "status_text": "",
            "status_emoji": "",
            "status_expiration": 0,
            "avatar_hash": "g7cc6bdb74b5",
            "email": "tharunthota@mpinfotech.com",
            "image_24": "https:\/\/secure.gravatar.com\/avatar\/7cc6bdb74b583ea834a537ee9b995e8a.jpg?s=24&d=https%3A%2F%2Fa.slack-edge.com%2F66f9%2Fimg%2Favatars%2Fava_0005-24.png",
            "image_32": "https:\/\/secure.gravatar.com\/avatar\/7cc6bdb74b583ea834a537ee9b995e8a.jpg?s=32&d=https%3A%2F%2Fa.slack-edge.com%2F66f9%2Fimg%2Favatars%2Fava_0005-32.png",
            "image_48": "https:\/\/secure.gravatar.com\/avatar\/7cc6bdb74b583ea834a537ee9b995e8a.jpg?s=48&d=https%3A%2F%2Fa.slack-edge.com%2F66f9%2Fimg%2Favatars%2Fava_0005-48.png",
            "image_72": "https:\/\/secure.gravatar.com\/avatar\/7cc6bdb74b583ea834a537ee9b995e8a.jpg?s=72&d=https%3A%2F%2Fa.slack-edge.com%2F66f9%2Fimg%2Favatars%2Fava_0005-72.png",
            "image_192": "https:\/\/secure.gravatar.com\/avatar\/7cc6bdb74b583ea834a537ee9b995e8a.jpg?s=192&d=https%3A%2F%2Fa.slack-edge.com%2F7fa9%2Fimg%2Favatars%2Fava_0005-192.png",
            "image_512": "https:\/\/secure.gravatar.com\/avatar\/7cc6bdb74b583ea834a537ee9b995e8a.jpg?s=512&d=https%3A%2F%2Fa.slack-edge.com%2F7fa9%2Fimg%2Favatars%2Fava_0005-512.png",
            "status_text_canonical": "",
            "team": "T730RMB7T"
        },
        "is_bot": false,
        "updated": 1522188652,
        "is_app_user": false
    },
    {
        "id": "UB03XKESV",
        "team_id": "T730RMB7T",
        "name": "thoni.kumar",
        "deleted": false,
        "color": "619a4f",
        "real_name": "Thoni Kumar Allamsetti",
        "tz": "America\/New_York",
        "tz_label": "Eastern Daylight Time",
        "tz_offset": -14400,
        "profile": {
            "title": "",
            "phone": "",
            "skype": "",
            "real_name": "Thoni Kumar Allamsetti",
            "real_name_normalized": "Thoni Kumar Allamsetti",
            "display_name": "",
            "display_name_normalized": "",
            "fields": null,
            "status_text": "",
            "status_emoji": "",
            "status_expiration": 0,
            "avatar_hash": "g2557501085f",
            "email": "thoni.kumar@mpitcloud.com",
            "first_name": "Thoni",
            "last_name": "Kumar Allamsetti",
            "image_24": "https:\/\/secure.gravatar.com\/avatar\/2557501085f1916f39ecec28a8b9489c.jpg?s=24&d=https%3A%2F%2Fa.slack-edge.com%2F66f9%2Fimg%2Favatars%2Fava_0007-24.png",
            "image_32": "https:\/\/secure.gravatar.com\/avatar\/2557501085f1916f39ecec28a8b9489c.jpg?s=32&d=https%3A%2F%2Fa.slack-edge.com%2F66f9%2Fimg%2Favatars%2Fava_0007-32.png",
            "image_48": "https:\/\/secure.gravatar.com\/avatar\/2557501085f1916f39ecec28a8b9489c.jpg?s=48&d=https%3A%2F%2Fa.slack-edge.com%2F66f9%2Fimg%2Favatars%2Fava_0007-48.png",
            "image_72": "https:\/\/secure.gravatar.com\/avatar\/2557501085f1916f39ecec28a8b9489c.jpg?s=72&d=https%3A%2F%2Fa.slack-edge.com%2F66f9%2Fimg%2Favatars%2Fava_0007-72.png",
            "image_192": "https:\/\/secure.gravatar.com\/avatar\/2557501085f1916f39ecec28a8b9489c.jpg?s=192&d=https%3A%2F%2Fa.slack-edge.com%2F7fa9%2Fimg%2Favatars%2Fava_0007-192.png",
            "image_512": "https:\/\/secure.gravatar.com\/avatar\/2557501085f1916f39ecec28a8b9489c.jpg?s=512&d=https%3A%2F%2Fa.slack-edge.com%2F7fa9%2Fimg%2Favatars%2Fava_0007-512.png",
            "status_text_canonical": "",
            "team": "T730RMB7T"
        },
        "is_admin": false,
        "is_owner": false,
        "is_primary_owner": false,
        "is_restricted": false,
        "is_ultra_restricted": false,
        "is_bot": false,
        "updated": 1528589895,
        "is_app_user": false
    },
    {
        "id": "U9PDTN4UA",
        "team_id": "T730RMB7T",
        "name": "tsingh",
        "deleted": false,
        "color": "8f4a2b",
        "real_name": "Tanvi Singh",
        "tz": "America\/New_York",
        "tz_label": "Eastern Daylight Time",
        "tz_offset": -14400,
        "profile": {
            "title": "",
            "phone": "",
            "skype": "",
            "real_name": "Tanvi Singh",
            "real_name_normalized": "Tanvi Singh",
            "display_name": "Tanvi Singh",
            "display_name_normalized": "Tanvi Singh",
            "fields": null,
            "status_text": "In a meeting",
            "status_emoji": ":spiral_calendar_pad:",
            "status_expiration": 0,
            "avatar_hash": "gcecd382d205",
            "email": "tsingh@mpinfotech.com",
            "image_24": "https:\/\/secure.gravatar.com\/avatar\/cecd382d205f41cd8eab5c08a1014322.jpg?s=24&d=https%3A%2F%2Fa.slack-edge.com%2F66f9%2Fimg%2Favatars%2Fava_0013-24.png",
            "image_32": "https:\/\/secure.gravatar.com\/avatar\/cecd382d205f41cd8eab5c08a1014322.jpg?s=32&d=https%3A%2F%2Fa.slack-edge.com%2F0180%2Fimg%2Favatars%2Fava_0013-32.png",
            "image_48": "https:\/\/secure.gravatar.com\/avatar\/cecd382d205f41cd8eab5c08a1014322.jpg?s=48&d=https%3A%2F%2Fa.slack-edge.com%2F66f9%2Fimg%2Favatars%2Fava_0013-48.png",
            "image_72": "https:\/\/secure.gravatar.com\/avatar\/cecd382d205f41cd8eab5c08a1014322.jpg?s=72&d=https%3A%2F%2Fa.slack-edge.com%2F66f9%2Fimg%2Favatars%2Fava_0013-72.png",
            "image_192": "https:\/\/secure.gravatar.com\/avatar\/cecd382d205f41cd8eab5c08a1014322.jpg?s=192&d=https%3A%2F%2Fa.slack-edge.com%2F7fa9%2Fimg%2Favatars%2Fava_0013-192.png",
            "image_512": "https:\/\/secure.gravatar.com\/avatar\/cecd382d205f41cd8eab5c08a1014322.jpg?s=512&d=https%3A%2F%2Fa.slack-edge.com%2F7fa9%2Fimg%2Favatars%2Fava_0013-512.png",
            "status_text_canonical": "In a meeting",
            "team": "T730RMB7T"
        },
        "is_admin": false,
        "is_owner": false,
        "is_primary_owner": false,
        "is_restricted": false,
        "is_ultra_restricted": false,
        "is_bot": false,
        "updated": 1521049944,
        "is_app_user": false
    },
    {
        "id": "U746SCQ90",
        "team_id": "T730RMB7T",
        "name": "vidyulatha",
        "deleted": false,
        "color": "e7392d",
        "real_name": "Vidyulatha D",
        "tz": "America\/Chicago",
        "tz_label": "Central Daylight Time",
        "tz_offset": -18000,
        "profile": {
            "title": "",
            "phone": "",
            "skype": "",
            "real_name": "Vidyulatha D",
            "real_name_normalized": "Vidyulatha D",
            "display_name": "vidyulatha",
            "display_name_normalized": "vidyulatha",
            "fields": null,
            "status_text": "",
            "status_emoji": "",
            "status_expiration": 0,
            "avatar_hash": "gd8bcc6d11b9",
            "email": "vidyulatha@mpinfotech.com",
            "image_24": "https:\/\/secure.gravatar.com\/avatar\/d8bcc6d11b9943dda08fb145cc8b3929.jpg?s=24&d=https%3A%2F%2Fa.slack-edge.com%2F66f9%2Fimg%2Favatars%2Fava_0009-24.png",
            "image_32": "https:\/\/secure.gravatar.com\/avatar\/d8bcc6d11b9943dda08fb145cc8b3929.jpg?s=32&d=https%3A%2F%2Fa.slack-edge.com%2F66f9%2Fimg%2Favatars%2Fava_0009-32.png",
            "image_48": "https:\/\/secure.gravatar.com\/avatar\/d8bcc6d11b9943dda08fb145cc8b3929.jpg?s=48&d=https%3A%2F%2Fa.slack-edge.com%2F66f9%2Fimg%2Favatars%2Fava_0009-48.png",
            "image_72": "https:\/\/secure.gravatar.com\/avatar\/d8bcc6d11b9943dda08fb145cc8b3929.jpg?s=72&d=https%3A%2F%2Fa.slack-edge.com%2F66f9%2Fimg%2Favatars%2Fava_0009-72.png",
            "image_192": "https:\/\/secure.gravatar.com\/avatar\/d8bcc6d11b9943dda08fb145cc8b3929.jpg?s=192&d=https%3A%2F%2Fa.slack-edge.com%2F7fa9%2Fimg%2Favatars%2Fava_0009-192.png",
            "image_512": "https:\/\/secure.gravatar.com\/avatar\/d8bcc6d11b9943dda08fb145cc8b3929.jpg?s=512&d=https%3A%2F%2Fa.slack-edge.com%2F7fa9%2Fimg%2Favatars%2Fava_0009-512.png",
            "status_text_canonical": "",
            "team": "T730RMB7T"
        },
        "is_admin": true,
        "is_owner": false,
        "is_primary_owner": false,
        "is_restricted": false,
        "is_ultra_restricted": false,
        "is_bot": false,
        "updated": 1529442031,
        "is_app_user": false
    },
    {
        "id": "U9L0UC1TR",
        "team_id": "T730RMB7T",
        "name": "vivek",
        "deleted": false,
        "color": "d55aef",
        "real_name": "Vivek Kumar Sapala",
        "tz": "America\/New_York",
        "tz_label": "Eastern Daylight Time",
        "tz_offset": -14400,
        "profile": {
            "title": "",
            "phone": "",
            "skype": "",
            "real_name": "Vivek Kumar Sapala",
            "real_name_normalized": "Vivek Kumar Sapala",
            "display_name": "",
            "display_name_normalized": "",
            "fields": null,
            "status_text": "",
            "status_emoji": "",
            "status_expiration": 0,
            "avatar_hash": "g4797da6a0ec",
            "email": "vivek@mpitcloud.com",
            "image_24": "https:\/\/secure.gravatar.com\/avatar\/4797da6a0ec38b12004ac842604ce4c8.jpg?s=24&d=https%3A%2F%2Fa.slack-edge.com%2F66f9%2Fimg%2Favatars%2Fava_0002-24.png",
            "image_32": "https:\/\/secure.gravatar.com\/avatar\/4797da6a0ec38b12004ac842604ce4c8.jpg?s=32&d=https%3A%2F%2Fa.slack-edge.com%2F0180%2Fimg%2Favatars%2Fava_0002-32.png",
            "image_48": "https:\/\/secure.gravatar.com\/avatar\/4797da6a0ec38b12004ac842604ce4c8.jpg?s=48&d=https%3A%2F%2Fa.slack-edge.com%2F66f9%2Fimg%2Favatars%2Fava_0002-48.png",
            "image_72": "https:\/\/secure.gravatar.com\/avatar\/4797da6a0ec38b12004ac842604ce4c8.jpg?s=72&d=https%3A%2F%2Fa.slack-edge.com%2F66f9%2Fimg%2Favatars%2Fava_0002-72.png",
            "image_192": "https:\/\/secure.gravatar.com\/avatar\/4797da6a0ec38b12004ac842604ce4c8.jpg?s=192&d=https%3A%2F%2Fa.slack-edge.com%2F7fa9%2Fimg%2Favatars%2Fava_0002-192.png",
            "image_512": "https:\/\/secure.gravatar.com\/avatar\/4797da6a0ec38b12004ac842604ce4c8.jpg?s=512&d=https%3A%2F%2Fa.slack-edge.com%2F7fa9%2Fimg%2Favatars%2Fava_0002-512.png",
            "status_text_canonical": "",
            "team": "T730RMB7T"
        },
        "is_admin": false,
        "is_owner": false,
        "is_primary_owner": false,
        "is_restricted": false,
        "is_ultra_restricted": false,
        "is_bot": false,
        "updated": 1520288093,
        "is_app_user": false
    }
]