[
    {
        "user": "U746RD3SN",
        "text": "<@U746RD3SN> has joined the channel",
        "type": "message",
        "subtype": "channel_join",
        "ts": "1507819519.000628"
    },
    {
        "user": "U746RD3SN",
        "purpose": "This channel is effort to promote MP Infotech through various social media avenues. And also collaborate with the team on innovative ideas of how we can publish content after review and approval by MPIT President or the designee.",
        "text": "<@U746RD3SN> set the channel purpose: This channel is effort to promote MP Infotech through various social media avenues. And also collaborate with the team on innovative ideas of how we can publish content after review and approval by MPIT President or the designee.",
        "type": "message",
        "subtype": "channel_purpose",
        "ts": "1507819520.000316"
    },
    {
        "user": "U746RD3SN",
        "old_name": "social-media-mpit",
        "name": "social_media_mpit",
        "text": "<@U746RD3SN> has renamed the channel from \"social-media-mpit\" to \"social_media_mpit\"",
        "type": "message",
        "subtype": "channel_name",
        "ts": "1507819605.000265"
    },
    {
        "user": "U746RD3SN",
        "topic": "Promote MPIT in Facebook &amp; Twitter",
        "text": "<@U746RD3SN> set the channel topic: Promote MPIT in Facebook &amp; Twitter",
        "type": "message",
        "subtype": "channel_topic",
        "ts": "1507819663.000678"
    },
    {
        "user": "U76QMPH8F",
        "inviter": "U746RD3SN",
        "text": "<@U76QMPH8F> has joined the channel",
        "type": "message",
        "subtype": "channel_join",
        "ts": "1507819696.000350"
    },
    {
        "user": "U78V6D4AY",
        "inviter": "U746RD3SN",
        "text": "<@U78V6D4AY> has joined the channel",
        "type": "message",
        "subtype": "channel_join",
        "ts": "1507819696.000402"
    },
    {
        "user": "U74DWDY76",
        "inviter": "U746RD3SN",
        "text": "<@U74DWDY76> has joined the channel",
        "type": "message",
        "subtype": "channel_join",
        "ts": "1507819696.000454"
    },
    {
        "user": "U74STF4HJ",
        "inviter": "U746RD3SN",
        "text": "<@U74STF4HJ> has joined the channel",
        "type": "message",
        "subtype": "channel_join",
        "ts": "1507819696.000519"
    },
    {
        "user": "U730RMBB3",
        "inviter": "U746RD3SN",
        "text": "<@U730RMBB3> has joined the channel",
        "type": "message",
        "subtype": "channel_join",
        "ts": "1507819697.000003"
    },
    {
        "user": "U7ED9S0S2",
        "inviter": "U746RD3SN",
        "text": "<@U7ED9S0S2> has joined the channel",
        "type": "message",
        "subtype": "channel_join",
        "ts": "1507819697.000096"
    },
    {
        "user": "U759G285D",
        "inviter": "U746RD3SN",
        "text": "<@U759G285D> has joined the channel",
        "type": "message",
        "subtype": "channel_join",
        "ts": "1507819697.000154"
    },
    {
        "user": "U761HUB8B",
        "inviter": "U746RD3SN",
        "text": "<@U761HUB8B> has joined the channel",
        "type": "message",
        "subtype": "channel_join",
        "ts": "1507819697.000200"
    },
    {
        "user": "U770EERUN",
        "inviter": "U746RD3SN",
        "text": "<@U770EERUN> has joined the channel",
        "type": "message",
        "subtype": "channel_join",
        "ts": "1507819697.000250"
    },
    {
        "user": "U746SCQ90",
        "inviter": "U746RD3SN",
        "text": "<@U746SCQ90> has joined the channel",
        "type": "message",
        "subtype": "channel_join",
        "ts": "1507819697.000312"
    },
    {
        "user": "U7DJKE1K5",
        "inviter": "U746RD3SN",
        "text": "<@U7DJKE1K5> has joined the channel",
        "type": "message",
        "subtype": "channel_join",
        "ts": "1507819697.000393"
    },
    {
        "type": "message",
        "user": "U746RD3SN",
        "text": "Guru has kindly accepted to take the lead in this effort. We encourage team members to comeup with ideas.",
        "ts": "1507819867.000400"
    },
    {
        "type": "message",
        "user": "U746RD3SN",
        "text": "Thanks Guru",
        "ts": "1507821196.000535"
    },
    {
        "type": "message",
        "user": "U76QMPH8F",
        "text": "No problem sir",
        "ts": "1507821210.000556"
    },
    {
        "type": "message",
        "user": "U76QMPH8F",
        "text": "<https:\/\/www.facebook.com\/MP-Infotech-Corp-474055106273350\/>",
        "ts": "1507821214.000626"
    },
    {
        "type": "message",
        "user": "U76QMPH8F",
        "text": "Will u please give admin access to page sir",
        "ts": "1507821300.000862"
    },
    {
        "type": "message",
        "user": "U746RD3SN",
        "text": "I thought i shared you the password",
        "ts": "1507821417.000085"
    },
    {
        "type": "message",
        "user": "U746RD3SN",
        "text": "Let me check",
        "ts": "1507821429.000477"
    },
    {
        "type": "message",
        "user": "U76QMPH8F",
        "text": "Ok sir",
        "ts": "1507821440.000360"
    },
    {
        "type": "message",
        "user": "U746RD3SN",
        "text": "Check you if are",
        "ts": "1507821480.000466"
    },
    {
        "type": "message",
        "user": "U746RD3SN",
        "text": "If not lets work tonight on how i can make you the admin ",
        "ts": "1507821500.000074"
    },
    {
        "type": "message",
        "user": "U76QMPH8F",
        "text": "Ok sir",
        "ts": "1507821559.000771"
    }
]