[
    {
        "type": "message",
        "user": "U746RD3SN",
        "text": "<https:\/\/stopthinkconnect.org\/tips-advice\/general-tips-and-advice>",
        "ts": "1507911452.000001"
    },
    {
        "type": "message",
        "user": "U746RD3SN",
        "text": "<https:\/\/www.fbi.gov\/news\/stories\/business-e-mail-compromise-on-the-rise>",
        "attachments": [
            {
                "service_name": "Federal Bureau of Investigation",
                "title": "Business E-Mail Compromise",
                "title_link": "https:\/\/www.fbi.gov\/news\/stories\/business-e-mail-compromise-on-the-rise",
                "text": "The organized crime groups that perpetrate the financial cyber fraud called business e-mail compromise have victimized companies and organizations around the world.",
                "fallback": "Federal Bureau of Investigation: Business E-Mail Compromise",
                "thumb_url": "https:\/\/www.fbi.gov\/news\/stories\/business-e-mail-compromise-on-the-rise\/@@download\/image\/bec-lead-022717.jpg",
                "from_url": "https:\/\/www.fbi.gov\/news\/stories\/business-e-mail-compromise-on-the-rise",
                "thumb_width": 1400,
                "thumb_height": 893,
                "service_icon": "https:\/\/www.fbi.gov\/site-icon.png",
                "id": 1
            }
        ],
        "ts": "1507911510.000101"
    },
    {
        "type": "message",
        "user": "U746RD3SN",
        "text": "<http:\/\/cisweb.cuny.edu\/ncsam\/STH-Poster-YouAreATarget-web.pdf>",
        "ts": "1507911549.000176"
    },
    {
        "type": "message",
        "user": "U746RD3SN",
        "text": "<https:\/\/www.dhs.gov\/stopthinkconnect-toolkit>",
        "attachments": [
            {
                "title": "Stop.Think.Connect. Toolkit | Homeland Security",
                "title_link": "https:\/\/www.dhs.gov\/stopthinkconnect-toolkit",
                "text": "The Stop.Think.Connect. Toolkit provides resources for all segments of the community.",
                "fallback": "Stop.Think.Connect. Toolkit | Homeland Security",
                "from_url": "https:\/\/www.dhs.gov\/stopthinkconnect-toolkit",
                "service_icon": "https:\/\/www.dhs.gov\/profiles\/dhs_gov\/themes\/dhs_mobile_theme\/favicon.ico",
                "service_name": "dhs.gov",
                "id": 1
            }
        ],
        "ts": "1507912301.000065"
    },
    {
        "type": "message",
        "user": "U746RD3SN",
        "text": "Guru all these can be content for us to keep populating.",
        "ts": "1507912315.000254"
    },
    {
        "type": "message",
        "user": "U746RD3SN",
        "text": "first lets make sure that you have the necessary access.",
        "ts": "1507912329.000116"
    }
]