[
    {
        "type": "message",
        "user": "U746RD3SN",
        "text": "Rajesh and Guru are you guys connected and working on the security effort?",
        "ts": "1508090683.000111"
    },
    {
        "type": "message",
        "user": "U730RMBB3",
        "text": "Hey guys we need an update on the hardening task? If you guys have any issues please feel free to contact me and I will help you",
        "ts": "1508091902.000021"
    },
    {
        "type": "message",
        "user": "U730RMBB3",
        "text": "If there are any connection issues please notify me as well ",
        "ts": "1508091924.000085"
    },
    {
        "type": "message",
        "user": "U730RMBB3",
        "text": "Remember the box is called GR harden box \n",
        "ts": "1508091980.000103"
    },
    {
        "type": "message",
        "user": "U746RD3SN",
        "text": "<https:\/\/www.youtube.com\/watch?v=rXPyGDWKHIo>",
        "attachments": [
            {
                "service_name": "YouTube",
                "service_url": "https:\/\/www.youtube.com\/",
                "title": "Journey Through the Cloud -  Security Best Practices",
                "title_link": "https:\/\/www.youtube.com\/watch?v=rXPyGDWKHIo",
                "author_name": "Amazon Web Services - Webinar Channel",
                "author_link": "https:\/\/www.youtube.com\/user\/AWSwebinars",
                "thumb_url": "https:\/\/i.ytimg.com\/vi\/rXPyGDWKHIo\/hqdefault.jpg",
                "thumb_width": 480,
                "thumb_height": 360,
                "fallback": "YouTube Video: Journey Through the Cloud -  Security Best Practices",
                "video_html": "<iframe width=\"400\" height=\"225\" src=\"https:\/\/www.youtube.com\/embed\/rXPyGDWKHIo?feature=oembed&autoplay=1&iv_load_policy=3\" frameborder=\"0\" allowfullscreen><\/iframe>",
                "video_html_width": 400,
                "video_html_height": 225,
                "from_url": "https:\/\/www.youtube.com\/watch?v=rXPyGDWKHIo",
                "service_icon": "https:\/\/a.slack-edge.com\/2089\/img\/unfurl_icons\/youtube.png",
                "id": 1
            }
        ],
        "ts": "1508098092.000020"
    },
    {
        "type": "message",
        "user": "U746RD3SN",
        "text": "Guru and Rajesh - Your EC2 instance is up and running, I want the security hardening for the EC2 instance to be complete by Tuesday Close of business. We lost a week with no action.",
        "ts": "1508122577.000068"
    },
    {
        "type": "message",
        "user": "U746RD3SN",
        "text": "PSai, i want you to followup with Guru and Rajesh and make sure the task are completed by Tuesday, and Security scans by Wednesday. We are behind schedule.",
        "ts": "1508122719.000037"
    }
]