[
    {
        "user": "U730RMBB3",
        "text": "<@U730RMBB3> has joined the channel",
        "type": "message",
        "subtype": "channel_join",
        "ts": "1507668819.000096"
    },
    {
        "user": "U730RMBB3",
        "purpose": "cloud security",
        "text": "<@U730RMBB3> set the channel purpose: cloud security",
        "type": "message",
        "subtype": "channel_purpose",
        "ts": "1507668819.000237"
    },
    {
        "user": "U746RD3SN",
        "inviter": "U730RMBB3",
        "text": "<@U746RD3SN> has joined the channel",
        "type": "message",
        "subtype": "channel_join",
        "ts": "1507668819.000257"
    },
    {
        "user": "U7ED9S0S2",
        "inviter": "U730RMBB3",
        "text": "<@U7ED9S0S2> has joined the channel",
        "type": "message",
        "subtype": "channel_join",
        "ts": "1507668819.000294"
    },
    {
        "user": "U76QMPH8F",
        "inviter": "U730RMBB3",
        "text": "<@U76QMPH8F> has joined the channel",
        "type": "message",
        "subtype": "channel_join",
        "ts": "1507668819.000323"
    },
    {
        "type": "message",
        "user": "U730RMBB3",
        "text": "<@U7ED9S0S2> <@U76QMPH8F> \nAny progress on hardening the box? I would like to know where we are in terms of how secured the box is.",
        "ts": "1507669146.000178"
    },
    {
        "type": "message",
        "user": "U730RMBB3",
        "text": "If you guys have any doubts or problems with access you can ask me as well, I will help you out",
        "ts": "1507669192.000152"
    },
    {
        "type": "message",
        "user": "U7ED9S0S2",
        "text": "<@U730RMBB3> I have call today with Guru",
        "ts": "1507669206.000399"
    },
    {
        "type": "message",
        "user": "U730RMBB3",
        "text": "ok cool, how far do you think you two are?",
        "ts": "1507669249.000452"
    },
    {
        "type": "message",
        "user": "U730RMBB3",
        "text": "so we can set expectations on when the box will be fully secured",
        "ts": "1507669275.000487"
    },
    {
        "type": "message",
        "user": "U746RD3SN",
        "text": "Progress reports guys",
        "ts": "1507670630.000028"
    },
    {
        "type": "message",
        "user": "U746RD3SN",
        "text": "I am in dark",
        "ts": "1507670634.000053"
    },
    {
        "type": "message",
        "user": "U746RD3SN",
        "text": "Guru and Rajesh i need updates on the OS hardening",
        "ts": "1507682381.000037"
    },
    {
        "type": "message",
        "user": "U76QMPH8F",
        "text": "Sorry sir.. I have my project first paper submission last week that’s why I am busy with both paper and work.. I will keep track to work from tomorrow. I will contact with Rajesh from now onwards ",
        "ts": "1507682565.000068"
    },
    {
        "type": "message",
        "user": "U746RD3SN",
        "text": "We understand other priorities, kindly keep us posted when you have other priorities.",
        "ts": "1507682755.000031"
    }
]