[
    {
        "type": "message",
        "user": "U730RMBB3",
        "text": "<@U76QMPH8F> <@U7ED9S0S2> \nHey you guys, can we have a progress report on what's been done? Have you both gotten to securing the box?",
        "ts": "1508172144.000619"
    },
    {
        "type": "message",
        "user": "U746RD3SN",
        "text": "Guys silence is not acceptable. I need to move the project forward, if you are unable to commit time daily towards this effort kindly let me know. I cannot keep giving excuses to Om Prakash why we are not progressing",
        "ts": "1508174711.000615"
    }
]