[
    {
        "type": "message",
        "user": "U746RD3SN",
        "text": "Guru and Rajesh ",
        "ts": "1508259482.000424"
    },
    {
        "type": "message",
        "user": "U746RD3SN",
        "text": "Are you guys there",
        "ts": "1508264459.000494"
    },
    {
        "type": "message",
        "user": "U76QMPH8F",
        "text": "Yes sir",
        "ts": "1508265970.000464"
    },
    {
        "type": "message",
        "user": "U76QMPH8F",
        "text": "I am just came from DMV",
        "ts": "1508265980.000703"
    },
    {
        "type": "message",
        "user": "U76QMPH8F",
        "text": "We guys are meeting at 3",
        "ts": "1508265990.000594"
    },
    {
        "type": "message",
        "user": "U76QMPH8F",
        "text": "We will cal you if we find any doubts ",
        "ts": "1508266008.000481"
    },
    {
        "type": "message",
        "user": "U746RD3SN",
        "text": "Ok",
        "ts": "1508268078.000208"
    },
    {
        "type": "message",
        "user": "U746RD3SN",
        "text": "Guru will take break, so PSai and Rajesh please take over the tasks",
        "ts": "1508276880.000086"
    }
]