[
    {
        "type": "message",
        "user": "U746RD3SN",
        "text": "Rajesh and Guru kindly keep me posted on the progress",
        "ts": "1507819322.000301"
    },
    {
        "type": "message",
        "user": "U730RMBB3",
        "text": "are you both going to join the call",
        "ts": "1507841266.000542"
    },
    {
        "type": "message",
        "user": "U730RMBB3",
        "text": "?",
        "ts": "1507841269.000213"
    },
    {
        "type": "message",
        "user": "U746RD3SN",
        "text": "<https:\/\/www.networkworld.com\/article\/2992503\/security\/sans-20-critical-security-controls-you-need-to-add.html>",
        "attachments": [
            {
                "service_name": "Network World",
                "title": "SANS: 20 critical security controls you need to add",
                "title_link": "https:\/\/www.networkworld.com\/article\/2992503\/security\/sans-20-critical-security-controls-you-need-to-add.html",
                "text": "Prioritizing security measures is the first step toward accomplishing them, and the SANS Institute has created a list of the top 20 critical security controls businesses should implement.",
                "fallback": "Network World: SANS: 20 critical security controls you need to add",
                "image_url": "https:\/\/images.techhive.com\/images\/article\/2015\/09\/cyber-security-lock-secure-security-100613707-large.3x2.jpg",
                "image_width": 375,
                "image_height": 250,
                "from_url": "https:\/\/www.networkworld.com\/article\/2992503\/security\/sans-20-critical-security-controls-you-need-to-add.html",
                "image_bytes": 248129,
                "service_icon": "https:\/\/idge.staticworld.net\/nww\/nww_logo_300x300.png",
                "id": 1
            }
        ],
        "ts": "1507847576.000324"
    }
]