[
    {
        "type": "message",
        "user": "U746RD3SN",
        "text": "Team i want the security task completed",
        "ts": "1518210943.000426"
    },
    {
        "type": "message",
        "user": "U746RD3SN",
        "text": "Load kali linux and have opensource nessus",
        "ts": "1518210956.000433"
    },
    {
        "type": "message",
        "user": "U746RD3SN",
        "text": "And openvas as tools to scan the website",
        "ts": "1518210970.000046"
    },
    {
        "type": "message",
        "user": "U746RD3SN",
        "text": "I need to get back",
        "ts": "1518210980.000270"
    },
    {
        "type": "message",
        "user": "U746RD3SN",
        "text": "<https:\/\/youtu.be\/0b4SVyP0IqI>",
        "attachments": [
            {
                "service_name": "YouTube",
                "service_url": "https:\/\/www.youtube.com\/",
                "title": "Setting up OpenVAS on Kali Linux + Config and Scanning Howto + Free Startup Script",
                "title_link": "https:\/\/youtu.be\/0b4SVyP0IqI",
                "author_name": "NetSecNow",
                "author_link": "https:\/\/www.youtube.com\/user\/NetSecNow",
                "thumb_url": "https:\/\/i.ytimg.com\/vi\/0b4SVyP0IqI\/hqdefault.jpg",
                "thumb_width": 480,
                "thumb_height": 360,
                "fallback": "YouTube Video: Setting up OpenVAS on Kali Linux + Config and Scanning Howto + Free Startup Script",
                "video_html": "<iframe width=\"400\" height=\"300\" src=\"https:\/\/www.youtube.com\/embed\/0b4SVyP0IqI?feature=oembed&autoplay=1&iv_load_policy=3\" frameborder=\"0\" allow=\"autoplay; encrypted-media\" allowfullscreen><\/iframe>",
                "video_html_width": 400,
                "video_html_height": 300,
                "from_url": "https:\/\/youtu.be\/0b4SVyP0IqI",
                "service_icon": "https:\/\/a.slack-edge.com\/2089\/img\/unfurl_icons\/youtube.png",
                "id": 1
            }
        ],
        "ts": "1518211158.000022"
    },
    {
        "type": "message",
        "user": "U746RD3SN",
        "text": "<http:\/\/www.kali.org\/category\/tutorials\/|www.kali.org\/category\/tutorials\/>",
        "ts": "1518211609.000380"
    },
    {
        "type": "message",
        "user": "U746RD3SN",
        "text": "<https:\/\/www.esecurityplanet.com\/amp\/open-source-security\/slideshows\/10-open-source-vulnerability-assessment-tools.html>",
        "ts": "1518211639.000418"
    }
]