[
    {
        "type": "message",
        "user": "U746RD3SN",
        "text": "<https:\/\/www.nist.gov\/file\/20011>",
        "ts": "1523143741.000004"
    },
    {
        "type": "message",
        "user": "U746RD3SN",
        "text": "this is the framework that will be adopting for MPIT. Security team get yourself familiar with this framework, as you will enforcing this across the board.",
        "ts": "1523143790.000048"
    },
    {
        "type": "message",
        "user": "U746RD3SN",
        "text": "any new employee that gets onboarded, you need to educate them on this framework.",
        "ts": "1523143815.000093"
    },
    {
        "type": "message",
        "user": "U746RD3SN",
        "text": "Team, can you find out how to get this requirement - All users need to use AD credentials and OTP for logging into their workstations (Linux or Windows). Is this possible or not.",
        "ts": "1523145367.000034"
    },
    {
        "type": "message",
        "user": "U746RD3SN",
        "text": "<https:\/\/www.sumologic.com\/blog\/devops\/kubernetes-security-best-practices\/>",
        "attachments": [
            {
                "service_name": "Sumo Logic",
                "title": "Kubernetes Security Best Practices - Sumo Logic blog",
                "title_link": "https:\/\/www.sumologic.com\/blog\/devops\/kubernetes-security-best-practices\/",
                "text": "The best practices for securing a Kubernetes cluster at all layers, including the host operating system, the network and the application itself. While some of these lessons apply to any type of containerized environment, Kubernetes has its own ways of addressing security concerns.",
                "fallback": "Sumo Logic: Kubernetes Security Best Practices - Sumo Logic blog",
                "thumb_url": "https:\/\/www.sumologic.com\/wp-content\/uploads\/Kubernetes_Security_Best_Practices_ft.png",
                "ts": 1516653474,
                "from_url": "https:\/\/www.sumologic.com\/blog\/devops\/kubernetes-security-best-practices\/",
                "thumb_width": 603,
                "thumb_height": 300,
                "service_icon": "https:\/\/www.sumologic.com\/wp-content\/themes\/sumologic\/assets\/img\/favicon.png",
                "id": 1
            }
        ],
        "ts": "1523147911.000050"
    }
]