[
    {
        "type": "message",
        "user": "U746RD3SN",
        "text": "<https:\/\/www.kali.org\/news\/kali-linux-aws-cloud\/>",
        "attachments": [
            {
                "title": "Kali Linux in the AWS cloud, again",
                "title_link": "https:\/\/www.kali.org\/news\/kali-linux-aws-cloud\/",
                "fallback": "Kali Linux in the AWS cloud, again",
                "image_url": "https:\/\/www.kali.org\/wp-content\/uploads\/2016\/11\/kali-amazon-aws-2-300x107.png",
                "from_url": "https:\/\/www.kali.org\/news\/kali-linux-aws-cloud\/",
                "image_width": 300,
                "image_height": 107,
                "image_bytes": 50756,
                "service_icon": "https:\/\/www.kali.org\/favicon.ico",
                "service_name": "kali.org",
                "id": 1
            }
        ],
        "ts": "1516895365.000567"
    },
    {
        "type": "message",
        "user": "U730RMBB3",
        "text": "Ok security team\nTomorrow let's have a meeting at 12 pm Eastern so that I can run you guys through the basics of network scanning using Nmap and Neesus as well as Hashcat for password cracking.\nI'll also have an environment set up so that I can get you guys comfortable with SonarQube so that we can do Static Code Analysis on code going through our Development environment",
        "ts": "1516911392.000344"
    }
]