[
    {
        "type": "message",
        "user": "U746RD3SN",
        "text": "<https:\/\/www.youtube.com\/watch?v=8C9xNVYbCVk>",
        "client_msg_id": "52745782-3742-4b5c-aaa0-53daedd52b78",
        "attachments": [
            {
                "service_name": "YouTube",
                "service_url": "https:\/\/www.youtube.com\/",
                "title": "AWS re:Invent 2017: A Day in the Life of a Cloud Network Engineer at Netflix (NET303)",
                "title_link": "https:\/\/www.youtube.com\/watch?v=8C9xNVYbCVk",
                "author_name": "Amazon Web Services",
                "author_link": "https:\/\/www.youtube.com\/user\/AmazonWebServices",
                "thumb_url": "https:\/\/i.ytimg.com\/vi\/8C9xNVYbCVk\/hqdefault.jpg",
                "thumb_width": 480,
                "thumb_height": 360,
                "fallback": "YouTube Video: AWS re:Invent 2017: A Day in the Life of a Cloud Network Engineer at Netflix (NET303)",
                "video_html": "<iframe width=\"400\" height=\"225\" src=\"https:\/\/www.youtube.com\/embed\/8C9xNVYbCVk?feature=oembed&autoplay=1&iv_load_policy=3\" frameborder=\"0\" allow=\"autoplay; encrypted-media\" allowfullscreen><\/iframe>",
                "video_html_width": 400,
                "video_html_height": 225,
                "from_url": "https:\/\/www.youtube.com\/watch?v=8C9xNVYbCVk",
                "service_icon": "https:\/\/a.slack-edge.com\/2089\/img\/unfurl_icons\/youtube.png",
                "id": 1,
                "original_url": "https:\/\/www.youtube.com\/watch?v=8C9xNVYbCVk"
            }
        ],
        "ts": "1528658549.000029"
    }
]