[
    {
        "type": "message",
        "user": "U730RMBB3",
        "text": "I want all of security to look at this action plan. See what it includes and see what you can add\/change. We will all need to look at it in order to execute on it",
        "ts": "1521214109.000052"
    },
    {
        "type": "message",
        "user": "U74STF4HJ",
        "text": "Wonderful are we including ethical hacking,DLP,SQL injection  I meant we need 2 sets of security 1) at network\/ System level 2) Application level security",
        "client_msg_id": "8d755eac-4743-4726-87f2-d129e9ac4b1f",
        "ts": "1521214362.000806"
    },
    {
        "type": "message",
        "user": "U74STF4HJ",
        "text": "Here are high level topics market needs",
        "client_msg_id": "b342c09e-f94b-4671-9638-95f7f83ce8a8",
        "ts": "1521214415.000008"
    },
    {
        "type": "message",
        "user": "U74STF4HJ",
        "text": "1) Firewall Security (Palo Alto, Cisco, Juniper)\n2) Router Security (Cisco)\n3) DLP\n4) Security Event Management\n5) Forensics Investigation\n6) Security monitoring\n7) Incident management\n8) Patch management (WSUS, SCCM)\n9) Security automation (Python, Powershell)\n10) Cloud security (AWS, Azure)",
        "client_msg_id": "2b585362-e440-46cc-9ee9-201e05e4f463",
        "ts": "1521214417.000143"
    },
    {
        "type": "message",
        "user": "U74STF4HJ",
        "text": "Let's be pragmatic and your Hardwork should be monetized then we can reinvest back and become giant organization",
        "client_msg_id": "1ec640c6-35bf-4b05-9e69-d7e691b4f3cf",
        "ts": "1521214467.000575"
    }
]