[
    {
        "type": "message",
        "user": "U746RD3SN",
        "text": "John and Sai - harden the OS, Apache.",
        "ts": "1515427291.000162"
    },
    {
        "type": "message",
        "user": "U746RD3SN",
        "text": "John if you are not an expert in Linux get Rajesh to join you. Eventually we should script these using python.",
        "ts": "1515427342.000312"
    },
    {
        "type": "message",
        "user": "U746RD3SN",
        "text": "<https:\/\/books.google.com\/books?id=KaqUCgAAQBAJ&amp;pg=PR7&amp;dq=tcp\/ip+protocol+suite&amp;source=gbs_selected_pages&amp;cad=2#v=onepage&amp;q=tcp%2Fip%20protocol%20suite&amp;f=false>",
        "attachments": [
            {
                "service_name": "Google Books",
                "title": "TCP\/IP Protocol Suite",
                "title_link": "https:\/\/books.google.com\/books?id=KaqUCgAAQBAJ&pg=PR7&dq=tcp\/ip+protocol+suite&source=gbs_selected_pages&cad=2#v=onepage&q=tcp%2Fip%20protocol%20suite&f=false",
                "fallback": "Google Books: TCP\/IP Protocol Suite",
                "image_url": "https:\/\/books.google.com\/books\/content?id=KaqUCgAAQBAJ&printsec=frontcover&img=1&zoom=1&edge=curl&imgtk=AFLRE73QGBEKlnijbXrw5XHAtB5MeMhG9rH6RsvSUZMBRSJIVd1X4vc2RgrCEjvqu9vIcJsVG9bqGQ2OpUQhwTJCWlAbo3k5M0gl2UkB0-Xo1TI9nlLK6rfpQw2s_WGcAQLv3PvfQCuY",
                "from_url": "https:\/\/books.google.com\/books?id=KaqUCgAAQBAJ&pg=PR7&dq=tcp\/ip+protocol+suite&source=gbs_selected_pages&cad=2#v=onepage&q=tcp%2Fip%20protocol%20suite&f=false",
                "image_width": 128,
                "image_height": 170,
                "image_bytes": 12011,
                "service_icon": "https:\/\/books.google.com\/favicon.ico",
                "id": 1
            }
        ],
        "ts": "1515429042.000637"
    },
    {
        "type": "message",
        "user": "U746RD3SN",
        "text": "<https:\/\/books.google.com\/books?id=LY1OEbcl1JcC&amp;printsec=frontcover&amp;dq=ethical+hacking&amp;hl=en&amp;sa=X&amp;ved=0ahUKEwj0_r3A5MjYAhXLsFMKHfg6CCUQ6AEIJzAA#v=onepage&amp;q=ethical%20hacking&amp;f=false>",
        "attachments": [
            {
                "service_name": "Google Books",
                "title": "CEH Certified Ethical Hacker Study Guide",
                "title_link": "https:\/\/books.google.com\/books?id=LY1OEbcl1JcC&printsec=frontcover&dq=ethical+hacking&hl=en&sa=X&ved=0ahUKEwj0_r3A5MjYAhXLsFMKHfg6CCUQ6AEIJzAA#v=onepage&q=ethical%20hacking&f=false",
                "text": "Full Coverage of All Exam Objectives for the CEH Exams 312-50 and EC0-350 Thoroughly prepare for the challenging CEH Certified Ethical Hackers exam with this comprehensive study guide. The book provides full coverage of exam topics, real-world examples, and includes a CD with chapter review questions, two full-length practice exams, electronic flashcards, a glossary of key terms, and the entire book in a searchable pdf e-book. What's Inside: Covers ethics and legal issues, footprinting, scanning, enumeration, system hacking, trojans and backdoors, sniffers, denial of service, social engineering, session hijacking, hacking Web servers, Web application vulnerabilities, and more Walks you through exam topics and includes plenty of real-world scenarios to help reinforce concepts Includes a CD with an assessment test, review questions, practice exams, electronic flashcards, and the entire book in a searchable pdf",
                "fallback": "Google Books: CEH Certified Ethical Hacker Study Guide",
                "from_url": "https:\/\/books.google.com\/books?id=LY1OEbcl1JcC&printsec=frontcover&dq=ethical+hacking&hl=en&sa=X&ved=0ahUKEwj0_r3A5MjYAhXLsFMKHfg6CCUQ6AEIJzAA#v=onepage&q=ethical%20hacking&f=false",
                "thumb_url": "https:\/\/books.google.com\/books\/content?id=LY1OEbcl1JcC&printsec=frontcover&img=1&zoom=1&edge=curl&imgtk=AFLRE71CKsla-4OH3nogAfTyaGUZnzKh7pJzUCqEQLLY05NAsGf6alYNhajcBNEOaIUuSaiOpIWz5FyX-FWNONUcQt33aIv31-CFtmbmWKD-I7TUMhXiDV12K6XyIRMnmNqjteftBFVU",
                "thumb_width": 128,
                "thumb_height": 161,
                "service_icon": "https:\/\/books.google.com\/favicon.ico",
                "id": 1
            }
        ],
        "ts": "1515429065.000224"
    }
]