[
    {
        "type": "message",
        "user": "U730RMBB3",
        "text": "<@U8GC9C5M1> Can you please send me the action plan? Even if its incomplete I'll take a look at it",
        "ts": "1521135273.000579"
    },
    {
        "type": "message",
        "subtype": "file_share",
        "text": "<@U8GC9C5M1> uploaded a file: <https:\/\/mpinfotech.slack.com\/files\/U8GC9C5M1\/F9RG9K7BQ\/mpinfotech_website_test_draft.docx|MPinfotech website Test Draft.docx>",
        "file": {
            "id": "F9RG9K7BQ",
            "created": 1521138642,
            "timestamp": 1521138642,
            "name": "MPinfotech website Test Draft.docx",
            "title": "MPinfotech website Test Draft.docx",
            "mimetype": "application\/vnd.openxmlformats-officedocument.wordprocessingml.document",
            "filetype": "docx",
            "pretty_type": "Word Document",
            "user": "U8GC9C5M1",
            "editable": false,
            "size": 50126,
            "mode": "hosted",
            "is_external": false,
            "external_type": "",
            "is_public": true,
            "public_url_shared": false,
            "display_as_bot": false,
            "username": "",
            "url_private": "https:\/\/files.slack.com\/files-pri\/T730RMB7T-F9RG9K7BQ\/mpinfotech_website_test_draft.docx?t=xoxe-241025725265-384508339281-384508339409-5b92d26397ce6b615c24d77267fe6bb3",
            "url_private_download": "https:\/\/files.slack.com\/files-pri\/T730RMB7T-F9RG9K7BQ\/download\/mpinfotech_website_test_draft.docx?t=xoxe-241025725265-384508339281-384508339409-5b92d26397ce6b615c24d77267fe6bb3",
            "permalink": "https:\/\/mpinfotech.slack.com\/files\/U8GC9C5M1\/F9RG9K7BQ\/mpinfotech_website_test_draft.docx",
            "permalink_public": "https:\/\/slack-files.com\/T730RMB7T-F9RG9K7BQ-1baeb72b5e",
            "channels": [],
            "groups": [],
            "ims": [],
            "comments_count": 0
        },
        "user": "U8GC9C5M1",
        "upload": true,
        "display_as_bot": false,
        "username": "john",
        "bot_id": null,
        "ts": "1521138643.000435"
    },
    {
        "type": "message",
        "user": "U730RMBB3",
        "text": "Thanks for the upload John",
        "ts": "1521138685.000615"
    }
]