[
    {
        "type": "message",
        "subtype": "file_share",
        "text": "<@U746RD3SN> uploaded a file: <https:\/\/mpinfotech.slack.com\/files\/U746RD3SN\/FB46F728Z\/cheat-sheet-basic-commands.pdf|cheat-sheet-basic-commands.pdf> and commented: Linux basic commands",
        "file": {
            "id": "FB46F728Z",
            "created": 1528563750,
            "timestamp": 1528563750,
            "name": "cheat-sheet-basic-commands.pdf",
            "title": "cheat-sheet-basic-commands.pdf",
            "mimetype": "application\/pdf",
            "filetype": "pdf",
            "pretty_type": "PDF",
            "user": "U746RD3SN",
            "editable": false,
            "size": 52116,
            "mode": "hosted",
            "is_external": false,
            "external_type": "",
            "is_public": true,
            "public_url_shared": false,
            "display_as_bot": false,
            "username": "",
            "url_private": "https:\/\/files.slack.com\/files-pri\/T730RMB7T-FB46F728Z\/cheat-sheet-basic-commands.pdf?t=xoxe-241025725265-384508339281-384508339409-5b92d26397ce6b615c24d77267fe6bb3",
            "url_private_download": "https:\/\/files.slack.com\/files-pri\/T730RMB7T-FB46F728Z\/download\/cheat-sheet-basic-commands.pdf?t=xoxe-241025725265-384508339281-384508339409-5b92d26397ce6b615c24d77267fe6bb3",
            "thumb_pdf": "https:\/\/files.slack.com\/files-tmb\/T730RMB7T-FB46F728Z-e8b1c8bd8e\/cheat-sheet-basic-commands_thumb_pdf.png?t=xoxe-241025725265-384508339281-384508339409-5b92d26397ce6b615c24d77267fe6bb3",
            "thumb_pdf_w": 935,
            "thumb_pdf_h": 1210,
            "permalink": "https:\/\/mpinfotech.slack.com\/files\/U746RD3SN\/FB46F728Z\/cheat-sheet-basic-commands.pdf",
            "permalink_public": "https:\/\/slack-files.com\/T730RMB7T-FB46F728Z-d0c0c92e6b",
            "channels": [],
            "groups": [],
            "ims": [],
            "comments_count": 1,
            "initial_comment": {
                "id": "FcB4SK1P8V",
                "created": 1528563750,
                "timestamp": 1528563750,
                "user": "U746RD3SN",
                "is_intro": true,
                "comment": "Linux basic commands"
            }
        },
        "user": "U746RD3SN",
        "upload": true,
        "display_as_bot": false,
        "username": "mmurali",
        "bot_id": null,
        "ts": "1528563751.000128"
    }
]