[
    {
        "type": "message",
        "subtype": "file_share",
        "text": "<@U746RD3SN> uploaded a file: <https:\/\/mpinfotech.slack.com\/files\/U746RD3SN\/FB044GAHF\/opt_security_day-1_training.mp3|Opt Security Day-1 Training.mp3> and commented: Audio Recording of Day-1 Training for Security",
        "file": {
            "id": "FB044GAHF",
            "created": 1527994990,
            "timestamp": 1527994990,
            "name": "Opt Security Day-1 Training.mp3",
            "title": "Opt Security Day-1 Training.mp3",
            "mimetype": "audio\/mpeg",
            "filetype": "mp3",
            "pretty_type": "MP3",
            "user": "U746RD3SN",
            "editable": false,
            "size": 99575437,
            "mode": "hosted",
            "is_external": false,
            "external_type": "",
            "is_public": true,
            "public_url_shared": false,
            "display_as_bot": false,
            "username": "",
            "url_private": "https:\/\/files.slack.com\/files-pri\/T730RMB7T-FB044GAHF\/opt_security_day-1_training.mp3?t=xoxe-241025725265-384508339281-384508339409-5b92d26397ce6b615c24d77267fe6bb3",
            "url_private_download": "https:\/\/files.slack.com\/files-pri\/T730RMB7T-FB044GAHF\/download\/opt_security_day-1_training.mp3?t=xoxe-241025725265-384508339281-384508339409-5b92d26397ce6b615c24d77267fe6bb3",
            "permalink": "https:\/\/mpinfotech.slack.com\/files\/U746RD3SN\/FB044GAHF\/opt_security_day-1_training.mp3",
            "permalink_public": "https:\/\/slack-files.com\/T730RMB7T-FB044GAHF-a44acec967",
            "channels": [],
            "groups": [],
            "ims": [],
            "comments_count": 1,
            "initial_comment": {
                "id": "FcB1MJTW1M",
                "created": 1527994990,
                "timestamp": 1527994990,
                "user": "U746RD3SN",
                "is_intro": true,
                "comment": "Audio Recording of Day-1 Training for Security"
            }
        },
        "user": "U746RD3SN",
        "upload": true,
        "display_as_bot": false,
        "username": "mmurali",
        "bot_id": null,
        "ts": "1527994996.000003"
    },
    {
        "type": "message",
        "subtype": "file_share",
        "text": "<@U746RD3SN> uploaded a file: <https:\/\/mpinfotech.slack.com\/files\/U746RD3SN\/FB1H15A3G\/mpit_security_curricullam_2018_opt_training_-_networking.pdf|MPIT Security Curricullam 2018 OPT Training - Networking.pdf> and commented: Networking basics learning deck",
        "file": {
            "id": "FB1H15A3G",
            "created": 1527996434,
            "timestamp": 1527996434,
            "name": "MPIT Security Curricullam 2018 OPT Training - Networking.pdf",
            "title": "MPIT Security Curricullam 2018 OPT Training - Networking.pdf",
            "mimetype": "application\/pdf",
            "filetype": "pdf",
            "pretty_type": "PDF",
            "user": "U746RD3SN",
            "editable": false,
            "size": 1900148,
            "mode": "hosted",
            "is_external": false,
            "external_type": "",
            "is_public": true,
            "public_url_shared": false,
            "display_as_bot": false,
            "username": "",
            "url_private": "https:\/\/files.slack.com\/files-pri\/T730RMB7T-FB1H15A3G\/mpit_security_curricullam_2018_opt_training_-_networking.pdf?t=xoxe-241025725265-384508339281-384508339409-5b92d26397ce6b615c24d77267fe6bb3",
            "url_private_download": "https:\/\/files.slack.com\/files-pri\/T730RMB7T-FB1H15A3G\/download\/mpit_security_curricullam_2018_opt_training_-_networking.pdf?t=xoxe-241025725265-384508339281-384508339409-5b92d26397ce6b615c24d77267fe6bb3",
            "thumb_pdf": "https:\/\/files.slack.com\/files-tmb\/T730RMB7T-FB1H15A3G-b86f9bfe3e\/mpit_security_curricullam_2018_opt_training_-_networking_thumb_pdf.png?t=xoxe-241025725265-384508339281-384508339409-5b92d26397ce6b615c24d77267fe6bb3",
            "thumb_pdf_w": 1467,
            "thumb_pdf_h": 825,
            "permalink": "https:\/\/mpinfotech.slack.com\/files\/U746RD3SN\/FB1H15A3G\/mpit_security_curricullam_2018_opt_training_-_networking.pdf",
            "permalink_public": "https:\/\/slack-files.com\/T730RMB7T-FB1H15A3G-8f4af0233b",
            "channels": [],
            "groups": [],
            "ims": [],
            "comments_count": 1,
            "initial_comment": {
                "id": "FcB1MM9JDV",
                "created": 1527996434,
                "timestamp": 1527996434,
                "user": "U746RD3SN",
                "is_intro": true,
                "comment": "Networking basics learning deck"
            },
            "num_stars": 1
        },
        "user": "U746RD3SN",
        "upload": true,
        "display_as_bot": false,
        "username": "mmurali",
        "bot_id": null,
        "ts": "1527996435.000048"
    },
    {
        "type": "message",
        "user": "U746RD3SN",
        "text": "Reference links:",
        "ts": "1528005711.000039"
    },
    {
        "type": "message",
        "user": "U746RD3SN",
        "text": "<http:\/\/www.dauniv.ac.in\/downloads\/networkfundamental.ppt>\n<https:\/\/www.cisco.com\/c\/dam\/global\/fi_fi\/assets\/docs\/SMB_University_120307_Networking_Fundamentals.pdf>\n<http:\/\/packetlife.net\/media\/library\/40\/IOS_Interior_Routing_Protocols.pdf>\n<http:\/\/packetlife.net\/library\/cheat-sheets\/>\n<https:\/\/www.youtube.com\/watch?v=HEEnLZV2wGI>\n<https:\/\/www.youtube.com\/watch?v=rL8RSFQG8do&amp;list=PLF360ED1082F6F2A5>\nIP Subnetting:\n<https:\/\/www.youtube.com\/watch?v=rs39FWDhzDs> \n<https:\/\/www.youtube.com\/watch?v=EkNq4TrHP_U>\n<http:\/\/www.subnet-calculator.com\/>\n<https:\/\/www.youtube.com\/watch?v=72snZctFFtA> (DNS)",
        "ts": "1528005716.000004"
    }
]