[
    {
        "type": "message",
        "user": "U746RD3SN",
        "text": "John and Parvahu",
        "client_msg_id": "23FAE4F2-D29D-4475-A510-C5EEBFE00FD6",
        "ts": "1524758762.000358"
    },
    {
        "type": "message",
        "user": "U746RD3SN",
        "text": "* Parvathi ",
        "client_msg_id": "2C5C2553-E5E8-4903-9167-EA3F26D41253",
        "ts": "1524758771.000558"
    },
    {
        "type": "message",
        "user": "U746RD3SN",
        "text": "You should be receiving invites from Forcepoint",
        "client_msg_id": "08B0A5C0-A4C7-4DBE-9705-593E78B0D6B3",
        "ts": "1524758789.000373"
    },
    {
        "type": "message",
        "user": "U746RD3SN",
        "text": "Please register ",
        "client_msg_id": "FB64E080-35A2-4593-8A7B-D058256C28E8",
        "ts": "1524758794.000302"
    },
    {
        "type": "message",
        "user": "U746RD3SN",
        "text": "And go to their forcepoint university ",
        "client_msg_id": "A0692A9C-E9FD-46F3-A61B-43024645C14C",
        "ts": "1524758817.000070"
    },
    {
        "type": "message",
        "user": "U746RD3SN",
        "text": "DLP",
        "ts": "1524759171.000078"
    },
    {
        "type": "message",
        "user": "U746RD3SN",
        "text": "CASB",
        "ts": "1524759173.000240"
    },
    {
        "type": "message",
        "user": "U746RD3SN",
        "text": "Insider Threat",
        "ts": "1524759180.000591"
    },
    {
        "type": "message",
        "user": "U746RD3SN",
        "text": "these are the 3 products we are focusing from Forcepoint",
        "ts": "1524759200.000239"
    },
    {
        "type": "message",
        "user": "U746RD3SN",
        "text": "I will come back with the correct links",
        "ts": "1524759377.000652"
    },
    {
        "type": "message",
        "user": "U8GC9C5M1",
        "text": "Understood, sir.",
        "client_msg_id": "73bf910a-6192-4c12-a39a-f1ccd1f40a5d",
        "ts": "1524761248.000291"
    },
    {
        "type": "message",
        "user": "U746RD3SN",
        "text": "how is your Alertlogic coming along",
        "ts": "1524761264.000060"
    },
    {
        "type": "message",
        "user": "U746RD3SN",
        "text": "are u login into the partner portal",
        "ts": "1524761272.000718"
    },
    {
        "type": "message",
        "user": "U746RD3SN",
        "text": "and reading",
        "ts": "1524761277.000506"
    },
    {
        "type": "message",
        "user": "U8GC9C5M1",
        "text": "Yes, I've logged in and reading. It's going well!",
        "client_msg_id": "df41a992-e5d3-4e2e-8639-7d4e4d87e502",
        "ts": "1524761323.000034"
    },
    {
        "type": "message",
        "user": "U746RD3SN",
        "text": "once the SOC architecture is presented to the team and the SOC is built, we can start installing the Alertlogic sensors within our customer accounts, and we start monitoring.",
        "ts": "1524761338.000645"
    }
]