[
    {
        "type": "message",
        "user": "U730RMBB3",
        "text": "Security team, please take time to read through the following articles:\n\n<https:\/\/www.owasp.org\/index.php\/Authentication_Cheat_Sheet>\n\n<https:\/\/www.owasp.org\/index.php\/Session_Management_Cheat_Sheet>\n\n<https:\/\/www.owasp.org\/index.php\/Access_Control_Cheat_Sheet#tab=Introduction>",
        "ts": "1517336515.000986"
    },
    {
        "type": "message",
        "user": "U746RD3SN",
        "text": "<http:\/\/Www.isecom.org|Www.isecom.org>",
        "ts": "1517338497.000652"
    },
    {
        "type": "message",
        "user": "U746RD3SN",
        "text": "<http:\/\/Www.pen-tests.com|Www.pen-tests.com>",
        "ts": "1517338527.000682"
    }
]