[
    {
        "type": "message",
        "user": "U746RD3SN",
        "text": "John and Parvathi ur updates missing",
        "client_msg_id": "C8CFC0A8-8D81-4BF9-A9F0-223C8F9FB095",
        "ts": "1527166713.000598"
    },
    {
        "type": "message",
        "user": "U746RD3SN",
        "text": "From yesterday ",
        "client_msg_id": "67398DD3-472D-456B-807B-DEF4C165BD45",
        "ts": "1527166719.000292"
    },
    {
        "type": "message",
        "user": "U9M7W1F1B",
        "text": "My Update: Learning on OpenSCAP for vulnerability scanning on red hat servers and also learning Python.",
        "ts": "1527175574.000377"
    }
]