[
    {
        "type": "message",
        "user": "U730RMBB3",
        "text": "Hey John, if you can, get Prasanna Kumar involved as well. Since he has networking experience we can run him through security procedures and the tool sets.",
        "ts": "1520446324.000542"
    },
    {
        "type": "message",
        "user": "U730RMBB3",
        "text": "Also make sure you start playing around with Kali's tools when you can, understand what tools are used for what type of security test. Like using Hashcat to break passwords and Wireshark for packet sniffing",
        "ts": "1520446407.000717"
    },
    {
        "type": "message",
        "user": "U8GC9C5M1",
        "text": "Sounds good!",
        "ts": "1520446939.000411"
    },
    {
        "type": "message",
        "user": "U8GC9C5M1",
        "text": "Will collaborate with Pranna Kumar too",
        "ts": "1520446985.000439"
    },
    {
        "type": "message",
        "user": "U8GC9C5M1",
        "text": "Prasanna kUMAR*",
        "ts": "1520446995.000473"
    }
]