[
    {
        "type": "message",
        "user": "U8GC9C5M1",
        "text": "I apologize fro not being able to join today, but as for an update- I have been learning for thye CISSP and Solutions architect exams, and I'm learning about the tools in Kali too. (It's a fun distribution!)",
        "ts": "1518555027.000642"
    },
    {
        "type": "message",
        "user": "U730RMBB3",
        "text": "thanks for the update",
        "ts": "1518555045.000607"
    },
    {
        "type": "message",
        "user": "U730RMBB3",
        "text": "we need to get a plan together for how we're going to tackle the website",
        "ts": "1518555059.000545"
    },
    {
        "type": "message",
        "user": "U730RMBB3",
        "text": "the memo has already been requested so we are probably going to start tomorrow",
        "ts": "1518555080.000007"
    },
    {
        "type": "message",
        "user": "U8GC9C5M1",
        "text": "That's great!! Anything specific you'd like me to look into before tomorrow?",
        "ts": "1518555130.000428"
    },
    {
        "type": "message",
        "user": "U8GC9C5M1",
        "text": "apart from the owasp articles and links posted here",
        "ts": "1518555170.000076"
    },
    {
        "type": "message",
        "user": "U8GC9C5M1",
        "text": "I mean",
        "ts": "1518555175.000058"
    },
    {
        "type": "message",
        "user": "U730RMBB3",
        "text": "neesus and openvas are two things we need",
        "ts": "1518555225.000479"
    },
    {
        "type": "message",
        "user": "U730RMBB3",
        "text": "i believe those are already linked",
        "ts": "1518555234.000314"
    },
    {
        "type": "message",
        "user": "U730RMBB3",
        "text": "but based on what I've seen we'll still need firefox dev. edition to do some surface level scrubbing for anything we can take advantage of",
        "ts": "1518555275.000179"
    },
    {
        "type": "message",
        "user": "U730RMBB3",
        "text": "the fun part of ethical hacking",
        "ts": "1518555280.000745"
    },
    {
        "type": "message",
        "user": "U730RMBB3",
        "text": "is well",
        "ts": "1518555282.000594"
    },
    {
        "type": "message",
        "user": "U730RMBB3",
        "text": "you have to think like a hacker",
        "ts": "1518555288.000222"
    },
    {
        "user": "U98TG96PP",
        "text": "<@U98TG96PP> has joined the channel",
        "type": "message",
        "subtype": "channel_join",
        "ts": "1518583062.000077"
    }
]