[
    {
        "type": "message",
        "subtype": "file_share",
        "text": "<@U746RD3SN> uploaded a file: <https:\/\/mpinfotech.slack.com\/files\/U746RD3SN\/FA4ALAT1R\/image_uploaded_from_ios.jpg|Slack for iOS Upload.jpg>",
        "file": {
            "id": "FA4ALAT1R",
            "created": 1523385286,
            "timestamp": 1523385286,
            "name": "Image uploaded from iOS.jpg",
            "title": "Slack for iOS Upload.jpg",
            "mimetype": "image\/jpeg",
            "filetype": "jpg",
            "pretty_type": "JPEG",
            "user": "U746RD3SN",
            "editable": false,
            "size": 4199428,
            "mode": "hosted",
            "is_external": false,
            "external_type": "",
            "is_public": true,
            "public_url_shared": false,
            "display_as_bot": false,
            "username": "",
            "url_private": "https:\/\/files.slack.com\/files-pri\/T730RMB7T-FA4ALAT1R\/image_uploaded_from_ios.jpg?t=xoxe-241025725265-384508339281-384508339409-5b92d26397ce6b615c24d77267fe6bb3",
            "url_private_download": "https:\/\/files.slack.com\/files-pri\/T730RMB7T-FA4ALAT1R\/download\/image_uploaded_from_ios.jpg?t=xoxe-241025725265-384508339281-384508339409-5b92d26397ce6b615c24d77267fe6bb3",
            "thumb_64": "https:\/\/files.slack.com\/files-tmb\/T730RMB7T-FA4ALAT1R-42d1399718\/image_uploaded_from_ios_64.jpg?t=xoxe-241025725265-384508339281-384508339409-5b92d26397ce6b615c24d77267fe6bb3",
            "thumb_80": "https:\/\/files.slack.com\/files-tmb\/T730RMB7T-FA4ALAT1R-42d1399718\/image_uploaded_from_ios_80.jpg?t=xoxe-241025725265-384508339281-384508339409-5b92d26397ce6b615c24d77267fe6bb3",
            "thumb_360": "https:\/\/files.slack.com\/files-tmb\/T730RMB7T-FA4ALAT1R-42d1399718\/image_uploaded_from_ios_360.jpg?t=xoxe-241025725265-384508339281-384508339409-5b92d26397ce6b615c24d77267fe6bb3",
            "thumb_360_w": 360,
            "thumb_360_h": 270,
            "thumb_480": "https:\/\/files.slack.com\/files-tmb\/T730RMB7T-FA4ALAT1R-42d1399718\/image_uploaded_from_ios_480.jpg?t=xoxe-241025725265-384508339281-384508339409-5b92d26397ce6b615c24d77267fe6bb3",
            "thumb_480_w": 480,
            "thumb_480_h": 360,
            "thumb_160": "https:\/\/files.slack.com\/files-tmb\/T730RMB7T-FA4ALAT1R-42d1399718\/image_uploaded_from_ios_160.jpg?t=xoxe-241025725265-384508339281-384508339409-5b92d26397ce6b615c24d77267fe6bb3",
            "thumb_720": "https:\/\/files.slack.com\/files-tmb\/T730RMB7T-FA4ALAT1R-42d1399718\/image_uploaded_from_ios_720.jpg?t=xoxe-241025725265-384508339281-384508339409-5b92d26397ce6b615c24d77267fe6bb3",
            "thumb_720_w": 720,
            "thumb_720_h": 540,
            "thumb_800": "https:\/\/files.slack.com\/files-tmb\/T730RMB7T-FA4ALAT1R-42d1399718\/image_uploaded_from_ios_800.jpg?t=xoxe-241025725265-384508339281-384508339409-5b92d26397ce6b615c24d77267fe6bb3",
            "thumb_800_w": 800,
            "thumb_800_h": 600,
            "thumb_960": "https:\/\/files.slack.com\/files-tmb\/T730RMB7T-FA4ALAT1R-42d1399718\/image_uploaded_from_ios_960.jpg?t=xoxe-241025725265-384508339281-384508339409-5b92d26397ce6b615c24d77267fe6bb3",
            "thumb_960_w": 960,
            "thumb_960_h": 720,
            "thumb_1024": "https:\/\/files.slack.com\/files-tmb\/T730RMB7T-FA4ALAT1R-42d1399718\/image_uploaded_from_ios_1024.jpg?t=xoxe-241025725265-384508339281-384508339409-5b92d26397ce6b615c24d77267fe6bb3",
            "thumb_1024_w": 1024,
            "thumb_1024_h": 768,
            "image_exif_rotation": 1,
            "original_w": 4032,
            "original_h": 3024,
            "permalink": "https:\/\/mpinfotech.slack.com\/files\/U746RD3SN\/FA4ALAT1R\/image_uploaded_from_ios.jpg",
            "permalink_public": "https:\/\/slack-files.com\/T730RMB7T-FA4ALAT1R-fae164a75d",
            "channels": [],
            "groups": [],
            "ims": [],
            "comments_count": 0
        },
        "user": "U746RD3SN",
        "upload": true,
        "display_as_bot": false,
        "username": "mmurali",
        "bot_id": null,
        "upload_reply_to": "1517D284-AE9F-4A26-BE0E-C6E74B19FAF7",
        "ts": "1523385294.000638"
    }
]