[
    {
        "type": "message",
        "user": "U730RMBB3",
        "text": "OK, just a heads up for future plans for security team.\n\nwe do have more security analysis projects in the pipeline, including an internal one for our own website.\nWe also need to compile a list of open source security tools for use with our DevOps pipeline. For example, Neesus is a paid subscription service but OpenVas is a free alternative.",
        "ts": "1519925787.000332"
    },
    {
        "type": "message",
        "user": "U8GC9C5M1",
        "text": "Got it.",
        "ts": "1519935611.000471"
    }
]