[
    {
        "type": "message",
        "user": "U8GC9C5M1",
        "text": "Hi all, I've been trying to work with Kali Linux, it's been logging me out while I'm working on it, forcing me to login again every time it happens. Did this happen to anyone?",
        "ts": "1519066842.000176"
    },
    {
        "type": "message",
        "user": "U730RMBB3",
        "text": "Local or in the cloud?",
        "ts": "1519066886.000207"
    },
    {
        "type": "message",
        "user": "U8GC9C5M1",
        "text": "Local, virtual machine",
        "ts": "1519066897.000112"
    },
    {
        "type": "message",
        "user": "U730RMBB3",
        "text": "Do you have some lock settings on it?",
        "ts": "1519066972.000221"
    },
    {
        "type": "message",
        "user": "U8GC9C5M1",
        "text": "just regular username and password",
        "ts": "1519067169.000217"
    },
    {
        "type": "message",
        "user": "U730RMBB3",
        "text": "Is it a lock or logout?",
        "ts": "1519067214.000285"
    },
    {
        "type": "message",
        "user": "U730RMBB3",
        "text": "Logout meaning the session completely finishes",
        "ts": "1519067217.000046"
    },
    {
        "type": "message",
        "user": "U8GC9C5M1",
        "text": "It's logging me out",
        "ts": "1519067304.000097"
    },
    {
        "type": "message",
        "user": "U8GC9C5M1",
        "text": "I'm trying something, might work...",
        "ts": "1519067423.000012"
    },
    {
        "type": "message",
        "user": "U8GC9C5M1",
        "text": "Seems to have worked.",
        "ts": "1519068092.000081"
    },
    {
        "type": "message",
        "user": "U8GC9C5M1",
        "text": "I changed the display manager to lightdm from gdm3",
        "ts": "1519068131.000003"
    },
    {
        "type": "message",
        "user": "U8GC9C5M1",
        "text": "and force installed upgrades",
        "ts": "1519068152.000073"
    },
    {
        "type": "message",
        "user": "U8GC9C5M1",
        "text": "How may I use Kali on the cloud? Do you think I should do that instead?",
        "ts": "1519068244.000243"
    },
    {
        "type": "message",
        "user": "U8GC9C5M1",
        "text": "I was wrong- it didn't work",
        "ts": "1519068299.000182"
    },
    {
        "type": "message",
        "user": "U730RMBB3",
        "text": "You could use a kali instance on the cloud but it might be a hassle to set up",
        "ts": "1519074694.000175"
    },
    {
        "type": "message",
        "user": "U730RMBB3",
        "text": "If it’s giving you problems",
        "ts": "1519074699.000322"
    },
    {
        "type": "message",
        "user": "U730RMBB3",
        "text": "I recommend reinstalling the image",
        "ts": "1519074708.000303"
    },
    {
        "type": "message",
        "user": "U8GC9C5M1",
        "text": "Got it,",
        "ts": "1519074761.000224"
    },
    {
        "type": "message",
        "user": "U8GC9C5M1",
        "text": "I fixed it for now though, or so it seems anyway",
        "ts": "1519074781.000238"
    },
    {
        "type": "message",
        "user": "U8GC9C5M1",
        "text": "Not fixed",
        "ts": "1519075562.000320"
    },
    {
        "type": "message",
        "user": "U8GC9C5M1",
        "text": "I might try the cloud",
        "ts": "1519075578.000181"
    },
    {
        "type": "message",
        "user": "U730RMBB3",
        "text": "Ok",
        "ts": "1519075587.000048"
    },
    {
        "type": "message",
        "user": "U730RMBB3",
        "text": "You doing command line or GUI Kali?",
        "ts": "1519075613.000322"
    },
    {
        "type": "message",
        "user": "U746RD3SN",
        "text": "I tried on local machine, it didnt force me logout. However it locks and when i login back it the work is there.",
        "ts": "1519075730.000333"
    },
    {
        "type": "message",
        "user": "U746RD3SN",
        "text": "Use on laptop",
        "ts": "1519075754.000152"
    },
    {
        "type": "message",
        "user": "U746RD3SN",
        "text": "So u can test local lan",
        "ts": "1519075762.000336"
    },
    {
        "type": "message",
        "user": "U746RD3SN",
        "text": "Are you logged in as root or\nAs any other privileged user ?",
        "ts": "1519076081.000409"
    }
]