[
    {
        "type": "message",
        "user": "U730RMBB3",
        "text": "<https:\/\/www.nist.gov\/news-events\/events\/2018\/03\/release-public-draft-guidelines-cyber-resiliency-considerations-be>",
        "attachments": [
            {
                "service_name": "NIST",
                "title": "Release of Public Draft of Guidelines on Cyber Resiliency Considerations To Be Announced at Third Billington International Cybersecurity Summit",
                "title_link": "https:\/\/www.nist.gov\/news-events\/events\/2018\/03\/release-public-draft-guidelines-cyber-resiliency-considerations-be",
                "text": "Join Mark Kneidinger, Director, Federal Network Resilience, Dept. of Homeland Security (DHS); Charles Romine, Director, Information Technology Laboratory, NIST...",
                "fallback": "NIST: Release of Public Draft of Guidelines on Cyber Resiliency Considerations To Be Announced at Third Billington International Cybersecurity Summit",
                "ts": 1521615600,
                "from_url": "https:\/\/www.nist.gov\/news-events\/events\/2018\/03\/release-public-draft-guidelines-cyber-resiliency-considerations-be",
                "service_icon": "https:\/\/www.nist.gov\/sites\/all\/themes\/nist_style\/favicon.ico",
                "id": 1
            }
        ],
        "ts": "1521833184.000488"
    },
    {
        "type": "message",
        "user": "U8GC9C5M1",
        "text": ":+1::+1:",
        "ts": "1521834304.000454"
    }
]