[
    {
        "type": "message",
        "user": "U730RMBB3",
        "text": "Ok Security team: \nSo in order to make sure everyone is getting an all around training for security\n\nSo there are 5 fields I want people to learn so that they are up to a fair level in security:\n- Firewall\n- DLP\n- SCA\n- IDS\/IPS\n- Ethical Hacking",
        "ts": "1520538427.000388"
    },
    {
        "type": "message",
        "user": "U730RMBB3",
        "text": "So I put together a small curriculum for people to follow when it comes to understanding the above topics",
        "ts": "1520538463.000300"
    },
    {
        "type": "message",
        "user": "U730RMBB3",
        "text": "*THE CURRICULUM*\n\nDLP - Data Loss Prevention:\n\nWhat is DLP? How does it work?\n\nStandard Measures:\n\t- Firewalls, Anti-Virus, Scan Systems (OpenVas GreenBone, CB Defense)\n\n\t- Data-at-rest\n\t\t- Archive and Backup methods:\n\t\t\t- on-premise backup methods:\n\t\t\t\t- Backup PC (free opensource)\n\t\t\t\t- Box Backup (free opensource)\n\t\t\t\t- Windows Backup &amp; Restore (proprietary)\n\t\t\t- cloud backup methods:\n\t\t\t\t- S3 bucket policies for access and archive\n\t\t\t\t- S3 to S3 - IA to Glacier policies for archive\n\n\t- Data-in-use\n\t\t- proper access\/authorization policies\n\n\t- Data-in-motion\n\t\t- proper network traversal, routing, and encryption \n\t\t- Packet Loss prevention and TCP\n\n\nSCA - Static Code Analysis\n\nWhat is SCA? How does it work at a code level?\nSoftwares:\n\t- SONAR Qube\n\t- Fortify\n\n\nIDS\/IPS - Intrustion Detection\/Prevention System\nWhat is IDS\/IPS? How does it work? \nWhat is the difference between IDS\/IPS and Firewalls, and Anti-Virus systems?\n\nNetwork IDS - What is it? How it works? How its used?\nNetwork IDS simulation software:\n\t- OPNET\n\t- NetSim\n\nHostBased IDS - What is it? How it works? How its used?\n\nHow is IDS commonly evaded?\n\t- Common vulnerabilities that IDS is prone to\n\nIDS\/IPS Software:\n\t- SNORT - free open source IDS system, very popular \n\t- OSSEC - free open source",
        "ts": "1520538487.000541"
    },
    {
        "type": "message",
        "user": "U730RMBB3",
        "text": "Ethical Hacking is it's own category so that will need more details",
        "ts": "1520538579.000499"
    },
    {
        "user": "U9M7W1F1B",
        "text": "<@U9M7W1F1B> has joined the channel",
        "type": "message",
        "subtype": "channel_join",
        "ts": "1520563212.000252"
    },
    {
        "user": "U74STF4HJ",
        "text": "<@U74STF4HJ> has joined the channel",
        "type": "message",
        "subtype": "channel_join",
        "ts": "1520564468.000181"
    },
    {
        "type": "message",
        "user": "U74STF4HJ",
        "text": "Glad to see our unique way of empowering our employees and right steps to create and make Mpinfotech as a leader in Cloud and Cyber security",
        "client_msg_id": "4e9462c4-3470-46d8-861c-943fea5adb17",
        "ts": "1520573215.000194"
    }
]