[
    {
        "type": "message",
        "user": "U730RMBB3",
        "text": "<@U8GC9C5M1> So since this is already our internal website. How about you try and build the action plan for how we're going to pentest the company website.",
        "ts": "1520357395.000574"
    },
    {
        "type": "message",
        "user": "U730RMBB3",
        "text": "This way you'll build the experience of understanding how to build security procedure",
        "ts": "1520357416.000462"
    },
    {
        "type": "message",
        "user": "U730RMBB3",
        "text": "<https:\/\/www.owasp.org\/index.php\/Web_Application_Security_Testing_Cheat_Sheet>",
        "ts": "1520357430.000457"
    },
    {
        "type": "message",
        "user": "U730RMBB3",
        "text": "This is a good foundation from which to start",
        "ts": "1520357439.000183"
    },
    {
        "type": "message",
        "user": "U730RMBB3",
        "text": "our website is more complicated so we'll need a more advanced procedure.",
        "ts": "1520357459.000216"
    },
    {
        "type": "message",
        "user": "U8GC9C5M1",
        "text": "Got it",
        "ts": "1520368464.000692"
    }
]