[
    {
        "type": "message",
        "user": "U730RMBB3",
        "text": "Security team: The next goals for us to do is to come up with proper policy and procedure for IAM, VPC's Access Control Lists, and Security Groups and a method for hardening each of these critical security features:\n\nIAM hardening\/OS hardening: Manu and Parvathi are currently developing the scripts for this part.\n\nVPC Access Control Lists: We need to develop a policy that needs to be followed whenever a VPC ACL is created. We can then validate any necessary traffic types depending on the *infrastructure-level* needs\n\nSecurity Groups: This is also similar to the VPC ACLs, we need to have a policy for basic procedures and then validate what needs to be open\/closed for the *subnet-level* needs.",
        "ts": "1521566881.000457"
    },
    {
        "type": "message",
        "user": "U746RD3SN",
        "text": "Want to introduce SriRangatha ",
        "client_msg_id": "81124CA7-FE66-4A40-82AA-22C25567C7BF",
        "ts": "1521566907.000181"
    },
    {
        "type": "message",
        "user": "U746RD3SN",
        "text": "He will be in Networking \/ Security ",
        "client_msg_id": "EB68AE6B-9D93-42E9-B53E-223055800A8C",
        "edited": {
            "user": "U746RD3SN",
            "ts": "1521566929.000000"
        },
        "ts": "1521566919.000745"
    },
    {
        "type": "message",
        "user": "U74STF4HJ",
        "text": "<@U730RMBB3> security we should have  minimum of 4-5 member tram I don't want u to spend ur valuable time on one resource. Time is money so let's maximize ur time by enabling more people and documentation so next line of leadership will be able to scale up by multi folds",
        "client_msg_id": "69b0f7b5-bfbf-4c33-8471-ea1713651277",
        "ts": "1521567126.000700"
    },
    {
        "type": "message",
        "user": "U730RMBB3",
        "text": "yep so currently Security team has Manu, Parvathi (security with code experience), John (security analysis experience), Prasanna (network experience) \n\nOnce Manu, and Parvathi are done with their hardening scripts, the whole security team will get together and test them. We then want to have everyone's input on policies and procedure because this is something I want documented and then later enforced by the security team.",
        "ts": "1521567432.000218"
    },
    {
        "type": "message",
        "subtype": "file_share",
        "text": "<@U746RD3SN> uploaded a file: <https:\/\/mpinfotech.slack.com\/files\/U746RD3SN\/F9TCA812N\/kali-linux-revealed-1st-edition.pdf|Kali-Linux-Revealed-1st-edition.pdf>",
        "file": {
            "id": "F9TCA812N",
            "created": 1521608511,
            "timestamp": 1521608511,
            "name": "Kali-Linux-Revealed-1st-edition.pdf",
            "title": "Kali-Linux-Revealed-1st-edition.pdf",
            "mimetype": "application\/pdf",
            "filetype": "pdf",
            "pretty_type": "PDF",
            "user": "U746RD3SN",
            "editable": false,
            "size": 27595597,
            "mode": "hosted",
            "is_external": false,
            "external_type": "",
            "is_public": true,
            "public_url_shared": false,
            "display_as_bot": false,
            "username": "",
            "url_private": "https:\/\/files.slack.com\/files-pri\/T730RMB7T-F9TCA812N\/kali-linux-revealed-1st-edition.pdf?t=xoxe-241025725265-384508339281-384508339409-5b92d26397ce6b615c24d77267fe6bb3",
            "url_private_download": "https:\/\/files.slack.com\/files-pri\/T730RMB7T-F9TCA812N\/download\/kali-linux-revealed-1st-edition.pdf?t=xoxe-241025725265-384508339281-384508339409-5b92d26397ce6b615c24d77267fe6bb3",
            "thumb_pdf": "https:\/\/files.slack.com\/files-tmb\/T730RMB7T-F9TCA812N-1e3f24320b\/kali-linux-revealed-1st-edition_thumb_pdf.png?t=xoxe-241025725265-384508339281-384508339409-5b92d26397ce6b615c24d77267fe6bb3",
            "thumb_pdf_w": 825,
            "thumb_pdf_h": 1018,
            "permalink": "https:\/\/mpinfotech.slack.com\/files\/U746RD3SN\/F9TCA812N\/kali-linux-revealed-1st-edition.pdf",
            "permalink_public": "https:\/\/slack-files.com\/T730RMB7T-F9TCA812N-4763ccd12b",
            "channels": [],
            "groups": [],
            "ims": [],
            "comments_count": 0
        },
        "user": "U746RD3SN",
        "upload": true,
        "display_as_bot": false,
        "username": "mmurali",
        "bot_id": null,
        "ts": "1521608516.000017"
    }
]