[
    {
        "type": "message",
        "user": "U730RMBB3",
        "text": "<https:\/\/tools.kali.org\/information-gathering\/nmap>",
        "ts": "1516989667.000762"
    },
    {
        "type": "message",
        "user": "U730RMBB3",
        "text": "<https:\/\/uwnthesis.wordpress.com\/2013\/08\/07\/kali-how-to-crack-passwords-using-hashcat\/>",
        "attachments": [
            {
                "service_name": "University of South Wales:  Information Security &amp; Privacy",
                "service_url": "http:\/\/uwnthesis.wordpress.com",
                "title": "KALI – How to crack passwords using Hashcat – The Visual Guide",
                "title_link": "https:\/\/uwnthesis.wordpress.com\/2013\/08\/07\/kali-how-to-crack-passwords-using-hashcat\/",
                "author_name": "uwnthesis",
                "author_link": "https:\/\/uwnthesis.wordpress.com\/author\/uwnthesis\/",
                "thumb_url": "https:\/\/uwnthesis.files.wordpress.com\/2013\/08\/ntlm-rainbow-tables.jpg?fit=200%2C150",
                "thumb_width": 200,
                "thumb_height": 73,
                "text": "Windows passwords are stored as MD5 hashes, that can be cracked using Hashcat. &nbsp;There is a Windows 10 password hacking version here:\n\nStep 1 &ndash; Root terminal\nmkdir hashes\ncd \/hashes\ngedit hashes.txt\nThis organises a hashes directory for you, and a hashes.txt file which will contain the hashes to be cracked.\n*****\nStep 2 &ndash; Generate hashes for you to crack\n\n\nHashes.txt is the file of password hashes to be cracked &ndash; we&rsquo;ll create hashes to paste into this file.\n\nTo generate hashes, use:\n\nEnter the word &ldquo;password&rdquo; &ndash; and the site will return the MD5 hash, paste it into the hashes.txt\n\n\n\nNext, hash a second password ie &ldquo;password1&rdquo;,&nbsp; paste the md5 hashes into hashes.txt.\n\n\nFill up your hashes.txt with five test md5 hashes.\n\nThis is your test hash file complete.&nbsp; Now we move into attack mode.\n******\nHashcat options.&nbsp; Jump to step 4 &ndash; to attack.\nThis is background information so that you can adapt your attack for windows hashes or unix hashes etc.\nhashcat &ndash;help\n-m = hash type&nbsp; (the hash varies by operating system)\n-a = Attack Mode (we&rsquo;ll use both Straight and Combination Attack)\n-r = rules file (look for xyz.rule)\n\n******\nATTACK CODE:\n(Carries out a straight through attack against MD5 hashes using the rockyou dictionary).\nhashcat -m 0 -a 0 \/root\/hashes\/hashes.txt \/root\/rockyou.txt\n\n*********\nAttack Modes &ndash; just for reference\n-a 0&nbsp; (Each number is a DIFFERENT attack mode)\n0 = Straight\n1 = Combination\n2 = Toggle case\n3 = Brute Force\nI&rsquo;ve found that straight or -a 0 is ridiculously fast on simple passwords.\nYou have been warned.\n******\nHash Type &ndash; Just for reference\nThe operating system determines the hash used.&nbsp; You need to know the hash type.\nUnix = MD5 hash\nKali = SHA512 hash\nWindows XP = LM Hash\nWindows 7 = NTLM Hash\n-m 0 (Each number is a different Hash Type)\n0 = MD5 hash&hellip;. so we use -m 0\n50 = HMAC-MD5&hellip;.so we use -m 50\n1000 = NTLM&hellip;.so we use -m 1000\n\n*****\nStep 3 &ndash; Locate password database for the attack\nTo locate the Rockyou password database in KALI type:\nlocate *rock*\n\nTo locate Hashcat Rules files\n\ncd \/usr\/share\/hashcat\/rules\nls -l\n\nYou can gedit each rule file to read it if you wish&hellip;. that&rsquo;s a great way to learn more about hashcat &#128578;\n\n*****\n\nStep 4 &ndash; the REAL ATTACK code\nhashcat -m 0 -a 1 \/root\/hashes\/hashes.txt \/root\/rockyou.txt\n(to launch a combination attack against MD5 password hashes)\nor\nhashcat -m 0 -a 0 \/root\/hashes\/hashes.txt \/root\/rockyou.txt\n(a straight through attack is super fast on simple passwords)\n*****\nThe attack looks like this:\n\nThe hashes are shown &ndash; with the plain text password given next to it.\nThe Rockyou database has several million passwords, but if it&rsquo;s not in there, then it won&rsquo;t be cracked.\nThe 2 major cracking dictionaries are Rockyou, and CrackStation.\nRockyou contains 14 million unique passwords.\nCrackStation.&nbsp; For MD5 and SHA1 hashes, there is a 190GB, 15-billion-entry lookup table, and for other hashes, they offer a 19GB 1.5-billion-entry lookup table.\nDownload CrackStation by Torrent:\n\n****\nFree Rainbow Tables can also be found here (lots of them)\n\n\n\nSome hashes will fail to be cracked,&nbsp; this is due to several reasons, it may not be a md5 hash, it may not be in your password list etc.\nHashes are case sensitive, so Password1 is not the same as password1.\noclHashcat-Plus uses your GPU rather than your CPU to crack passwords.&nbsp; Graphics cards are MUCH faster as an attack tool, than a CPU&hellip; MANY times faster.\nCryptography\nHash Lengths\n\nHASH\nSIZE\nMD5 Hash Length\n16 Bytes\nSHA-1 Hash Length\n20 Bytes\nSHA-256 Hash Length\n32 Bytes\nSHA-512 Hash Length\n64 Bytes\n\nHash Examples\nLikely just use hash-identifier for this but here are some example hashes:\n\nHASH\nEXAMPLE\nMD5 Hash Example\n8743b52063cd84097a65d1633f5c74f5\nMD5 $PASS:$SALT Example\n01dfae6e5d4d90d9892622325959afbe:7050461\nMD5 $SALT:$PASS\nf0fda58630310a6dd91a7d8f0a4ceda2:4225637426\nSHA1 Hash Example\nb89eaac7e61417341b710b727768294d0e6a277b\nSHA1 $PASS:$SALT\n2fc5a684737ce1bf7b3b239df432416e0dd07357:2014\nSHA1 $SALT:$PASS\ncac35ec206d868b7d7cb0b55f31d9425b075082b:5363620024\nSHA-256\n127e6fbfe24a750e72930c220a8e138275656b\n8e5d8f48a98c3c92df2caba935\nSHA-256 $PASS:$SALT\nc73d08de890479518ed60cf670d17faa26a4a7\n1f995c1dcc978165399401a6c4\nSHA-256 $SALT:$PASS\neb368a2dfd38b405f014118c7d9747fcc97f4\nf0ee75c05963cd9da6ee65ef498:560407001617\nSHA-512\n82a9dda829eb7f8ffe9fbe49e45d47d2dad9\n664fbb7adf72492e3c81ebd3e29134d9bc\n12212bf83c6840f10e8246b9db54a4\n859b7ccd0123d86e5872c1e5082f\nSHA-512 $PASS:$SALT\ne5c3ede3e49fb86592fb03f471c35ba13e8\nd89b8ab65142c9a8fdafb635fa2223c24e5\n558fd9313e8995019dcbec1fb58414\n6b7bb12685c7765fc8c0d51379fd\nSHA-512 $SALT:$PASS\n976b451818634a1e2acba682da3fd6ef\na72adf8a7a08d7939550c244b237c72c7d4236754\n4e826c0c83fe5c02f97c0373b6b1\n386cc794bf0d21d2df01bb9c08a\nNTLM Hash Example\nb4b9b02e6f09a9bd760f388b67351e2b\n\n\nReference\n&nbsp;\n\n\n\n\n\n\n\n link to Kali Linux &ndash; How to crack passwords using Hashcat\n&nbsp;\n\n\n\n*****\nPassword hacking \/ password cracking &ndash; \n\nBRUTE FORCE HACKING &ndash; Brute force Calculator &ndash; A Visual&nbsp;Guide\n\n*****\nSupraFortix &ndash; Hashcat Password Cracking &ndash; Uni South Wales blog\n\nKALI &ndash; First things to do after installing Kali Debian Linux &ndash; The Visual&nbsp;Guide\n\nHow to write a password that takes over 35 quadrillion years to crack (but is easy to&nbsp;remember)\n\n",
                "fallback": "University of South Wales:  Information Security &amp; Privacy Link: KALI &#8211; How to crack passwords using Hashcat &#8211; The Visual&nbsp;Guide",
                "from_url": "https:\/\/uwnthesis.wordpress.com\/2013\/08\/07\/kali-how-to-crack-passwords-using-hashcat\/",
                "service_icon": "https:\/\/secure.gravatar.com\/blavatar\/d07eb78f9dfebf110312ad684ff5914c?s=114",
                "id": 1
            }
        ],
        "ts": "1516989678.000060"
    }
]