[
    {
        "type": "message",
        "user": "U730RMBB3",
        "text": "<https:\/\/www.owasp.org\/index.php\/Cross-site_Scripting_(XSS)>\n\n<https:\/\/www.owasp.org\/index.php\/Cross-Site_Request_Forgery_(CSRF)>\n\n<https:\/\/www.owasp.org\/index.php\/Code_Injection>\n\n<https:\/\/www.owasp.org\/index.php\/SQL_Injection>\n\n<https:\/\/www.owasp.org\/index.php\/Brute_force_attack>",
        "ts": "1517502963.000699"
    },
    {
        "type": "message",
        "user": "U730RMBB3",
        "text": "various attacks",
        "ts": "1517502981.000665"
    },
    {
        "type": "message",
        "user": "U730RMBB3",
        "text": "Security team please read up on these articles",
        "ts": "1517505660.000143"
    },
    {
        "type": "message",
        "user": "U730RMBB3",
        "text": "these are both very common yet very relevant attacks",
        "ts": "1517505695.000764"
    },
    {
        "type": "message",
        "user": "U730RMBB3",
        "text": "<https:\/\/www.learn-c.org\/>",
        "attachments": [
            {
                "title": "Learn C - Free Interactive C Tutorial",
                "title_link": "https:\/\/www.learn-c.org\/",
                "text": "<http:\/\/Learn-C.org|Learn-C.org> is a free interactive C tutorial for people who want to learn C, fast.",
                "fallback": "Learn C - Free Interactive C Tutorial",
                "from_url": "https:\/\/www.learn-c.org\/",
                "thumb_url": "http:\/\/learn-c.org\/static\/img\/share-logos\/learn-c-share.png",
                "thumb_width": 200,
                "thumb_height": 200,
                "service_icon": "https:\/\/www.learn-c.org\/favicon.ico",
                "service_name": "learn-c.org",
                "id": 1
            }
        ],
        "ts": "1517518131.000227"
    },
    {
        "type": "message",
        "user": "U730RMBB3",
        "text": "to help refresh C\/C++ knowledge",
        "ts": "1517518139.000648"
    },
    {
        "type": "message",
        "user": "U730RMBB3",
        "text": "if you guys get caught up on this",
        "ts": "1517518149.000013"
    },
    {
        "type": "message",
        "user": "U730RMBB3",
        "text": "you should be able to read these:\n<https:\/\/www.owasp.org\/index.php\/Buffer_overflow_attack>\n\n<https:\/\/www.owasp.org\/index.php\/Resource_Injection>",
        "ts": "1517518268.000149"
    }
]