[
    {
        "type": "message",
        "user": "U746RD3SN",
        "text": "<https:\/\/youtu.be\/Qa_Fq7wWRdA>",
        "attachments": [
            {
                "service_name": "YouTube",
                "service_url": "https:\/\/www.youtube.com\/",
                "title": "How To Put The Sec In DevOps",
                "title_link": "https:\/\/youtu.be\/Qa_Fq7wWRdA",
                "author_name": "Checkmarx",
                "author_link": "https:\/\/www.youtube.com\/user\/CheckmarxResearchLab",
                "thumb_url": "https:\/\/i.ytimg.com\/vi\/Qa_Fq7wWRdA\/hqdefault.jpg",
                "thumb_width": 480,
                "thumb_height": 360,
                "fallback": "YouTube Video: How To Put The Sec In DevOps",
                "video_html": "<iframe width=\"400\" height=\"225\" src=\"https:\/\/www.youtube.com\/embed\/Qa_Fq7wWRdA?feature=oembed&autoplay=1&iv_load_policy=3\" frameborder=\"0\" allow=\"autoplay; encrypted-media\" allowfullscreen><\/iframe>",
                "video_html_width": 400,
                "video_html_height": 225,
                "from_url": "https:\/\/youtu.be\/Qa_Fq7wWRdA",
                "service_icon": "https:\/\/a.slack-edge.com\/2089\/img\/unfurl_icons\/youtube.png",
                "id": 1
            }
        ],
        "ts": "1516843756.000074"
    },
    {
        "type": "message",
        "user": "U746RD3SN",
        "text": "<https:\/\/youtu.be\/aXMUQj8Wsqg>",
        "attachments": [
            {
                "service_name": "YouTube",
                "service_url": "https:\/\/www.youtube.com\/",
                "title": "Checkmarx: The First Scan in 2 Minutes",
                "title_link": "https:\/\/youtu.be\/aXMUQj8Wsqg",
                "author_name": "Checkmarx",
                "author_link": "https:\/\/www.youtube.com\/user\/CheckmarxResearchLab",
                "thumb_url": "https:\/\/i.ytimg.com\/vi\/aXMUQj8Wsqg\/hqdefault.jpg",
                "thumb_width": 480,
                "thumb_height": 360,
                "fallback": "YouTube Video: Checkmarx: The First Scan in 2 Minutes",
                "video_html": "<iframe width=\"400\" height=\"225\" src=\"https:\/\/www.youtube.com\/embed\/aXMUQj8Wsqg?feature=oembed&autoplay=1&iv_load_policy=3\" frameborder=\"0\" allow=\"autoplay; encrypted-media\" allowfullscreen><\/iframe>",
                "video_html_width": 400,
                "video_html_height": 225,
                "from_url": "https:\/\/youtu.be\/aXMUQj8Wsqg",
                "service_icon": "https:\/\/a.slack-edge.com\/2089\/img\/unfurl_icons\/youtube.png",
                "id": 1
            }
        ],
        "ts": "1516843788.000218"
    },
    {
        "type": "message",
        "user": "U746RD3SN",
        "text": "<https:\/\/youtu.be\/xW-X6dwyL6o>",
        "attachments": [
            {
                "service_name": "YouTube",
                "service_url": "https:\/\/www.youtube.com\/",
                "title": "Introducing Checkmarx",
                "title_link": "https:\/\/youtu.be\/xW-X6dwyL6o",
                "author_name": "Andrea Ross",
                "author_link": "https:\/\/www.youtube.com\/user\/osbootcamp",
                "thumb_url": "https:\/\/i.ytimg.com\/vi\/xW-X6dwyL6o\/hqdefault.jpg",
                "thumb_width": 480,
                "thumb_height": 360,
                "fallback": "YouTube Video: Introducing Checkmarx",
                "video_html": "<iframe width=\"400\" height=\"225\" src=\"https:\/\/www.youtube.com\/embed\/xW-X6dwyL6o?feature=oembed&autoplay=1&iv_load_policy=3\" frameborder=\"0\" allow=\"autoplay; encrypted-media\" allowfullscreen><\/iframe>",
                "video_html_width": 400,
                "video_html_height": 225,
                "from_url": "https:\/\/youtu.be\/xW-X6dwyL6o",
                "service_icon": "https:\/\/a.slack-edge.com\/2089\/img\/unfurl_icons\/youtube.png",
                "id": 1
            }
        ],
        "ts": "1516843805.000323"
    },
    {
        "type": "message",
        "user": "U746RD3SN",
        "text": "<https:\/\/youtu.be\/aXMUQj8Wsqg>",
        "ts": "1516843827.000145"
    },
    {
        "type": "message",
        "user": "U746RD3SN",
        "text": "<https:\/\/youtu.be\/RS7NHIhEnIo>",
        "attachments": [
            {
                "service_name": "YouTube",
                "service_url": "https:\/\/www.youtube.com\/",
                "title": "Viewing results and understanding security issues via Checkmarx online scanner",
                "title_link": "https:\/\/youtu.be\/RS7NHIhEnIo",
                "author_name": "Abhinv Gupta",
                "author_link": "https:\/\/www.youtube.com\/user\/abhinavgupta697",
                "thumb_url": "https:\/\/i.ytimg.com\/vi\/RS7NHIhEnIo\/hqdefault.jpg",
                "thumb_width": 480,
                "thumb_height": 360,
                "fallback": "YouTube Video: Viewing results and understanding security issues via Checkmarx online scanner",
                "video_html": "<iframe width=\"400\" height=\"225\" src=\"https:\/\/www.youtube.com\/embed\/RS7NHIhEnIo?feature=oembed&autoplay=1&iv_load_policy=3\" frameborder=\"0\" allow=\"autoplay; encrypted-media\" allowfullscreen><\/iframe>",
                "video_html_width": 400,
                "video_html_height": 225,
                "from_url": "https:\/\/youtu.be\/RS7NHIhEnIo",
                "service_icon": "https:\/\/a.slack-edge.com\/2089\/img\/unfurl_icons\/youtube.png",
                "id": 1
            }
        ],
        "ts": "1516843879.000366"
    },
    {
        "type": "message",
        "user": "U746RD3SN",
        "text": "<https:\/\/youtu.be\/7wcGp5jbrsE>",
        "attachments": [
            {
                "service_name": "YouTube",
                "service_url": "https:\/\/www.youtube.com\/",
                "title": "Checkmarx Source Code Analysis for Eclipse",
                "title_link": "https:\/\/youtu.be\/7wcGp5jbrsE",
                "author_name": "Checkmarx",
                "author_link": "https:\/\/www.youtube.com\/user\/CheckmarxResearchLab",
                "thumb_url": "https:\/\/i.ytimg.com\/vi\/7wcGp5jbrsE\/hqdefault.jpg",
                "thumb_width": 480,
                "thumb_height": 360,
                "fallback": "YouTube Video: Checkmarx Source Code Analysis for Eclipse",
                "video_html": "<iframe width=\"400\" height=\"225\" src=\"https:\/\/www.youtube.com\/embed\/7wcGp5jbrsE?feature=oembed&autoplay=1&iv_load_policy=3\" frameborder=\"0\" allow=\"autoplay; encrypted-media\" allowfullscreen><\/iframe>",
                "video_html_width": 400,
                "video_html_height": 225,
                "from_url": "https:\/\/youtu.be\/7wcGp5jbrsE",
                "service_icon": "https:\/\/a.slack-edge.com\/2089\/img\/unfurl_icons\/youtube.png",
                "id": 1
            }
        ],
        "ts": "1516843901.000202"
    },
    {
        "type": "message",
        "user": "U746RD3SN",
        "text": "<https:\/\/youtu.be\/piQzPov27yQ>",
        "attachments": [
            {
                "service_name": "YouTube",
                "service_url": "https:\/\/www.youtube.com\/",
                "title": "What makes Checkmarx a good fit for DevOps?",
                "title_link": "https:\/\/youtu.be\/piQzPov27yQ",
                "author_name": "Checkmarx",
                "author_link": "https:\/\/www.youtube.com\/user\/CheckmarxResearchLab",
                "thumb_url": "https:\/\/i.ytimg.com\/vi\/piQzPov27yQ\/hqdefault.jpg",
                "thumb_width": 480,
                "thumb_height": 360,
                "fallback": "YouTube Video: What makes Checkmarx a good fit for DevOps?",
                "video_html": "<iframe width=\"400\" height=\"225\" src=\"https:\/\/www.youtube.com\/embed\/piQzPov27yQ?feature=oembed&autoplay=1&iv_load_policy=3\" frameborder=\"0\" allow=\"autoplay; encrypted-media\" allowfullscreen><\/iframe>",
                "video_html_width": 400,
                "video_html_height": 225,
                "from_url": "https:\/\/youtu.be\/piQzPov27yQ",
                "service_icon": "https:\/\/a.slack-edge.com\/2089\/img\/unfurl_icons\/youtube.png",
                "id": 1
            }
        ],
        "ts": "1516843928.000090"
    },
    {
        "type": "message",
        "user": "U746RD3SN",
        "text": "<https:\/\/youtu.be\/gV1_6Fp-9Jk>",
        "attachments": [
            {
                "service_name": "YouTube",
                "service_url": "https:\/\/www.youtube.com\/",
                "title": "Checkmarx Webinar: \"Why do develpers choose Checkmarx?\"(demo 영상 포함)",
                "title_link": "https:\/\/youtu.be\/gV1_6Fp-9Jk",
                "author_name": "Rimahr Co.",
                "author_link": "https:\/\/www.youtube.com\/channel\/UCClG8GSN81sEG16VBhcZI-A",
                "thumb_url": "https:\/\/i.ytimg.com\/vi\/gV1_6Fp-9Jk\/hqdefault.jpg",
                "thumb_width": 480,
                "thumb_height": 360,
                "fallback": "YouTube Video: Checkmarx Webinar: \"Why do develpers choose Checkmarx?\"(demo 영상 포함)",
                "video_html": "<iframe width=\"400\" height=\"225\" src=\"https:\/\/www.youtube.com\/embed\/gV1_6Fp-9Jk?feature=oembed&autoplay=1&iv_load_policy=3\" frameborder=\"0\" allow=\"autoplay; encrypted-media\" allowfullscreen><\/iframe>",
                "video_html_width": 400,
                "video_html_height": 225,
                "from_url": "https:\/\/youtu.be\/gV1_6Fp-9Jk",
                "service_icon": "https:\/\/a.slack-edge.com\/2089\/img\/unfurl_icons\/youtube.png",
                "id": 1
            }
        ],
        "ts": "1516843955.000213"
    },
    {
        "type": "message",
        "user": "U746RD3SN",
        "text": "<https:\/\/youtu.be\/-7ThbeAMqkw>",
        "attachments": [
            {
                "service_name": "YouTube",
                "service_url": "https:\/\/www.youtube.com\/",
                "title": "Introduction To Using The Nessus Vulnerability Scanner",
                "title_link": "https:\/\/youtu.be\/-7ThbeAMqkw",
                "author_name": "Tenable",
                "author_link": "https:\/\/www.youtube.com\/user\/tenablesecurity",
                "thumb_url": "https:\/\/i.ytimg.com\/vi\/-7ThbeAMqkw\/hqdefault.jpg",
                "thumb_width": 480,
                "thumb_height": 360,
                "fallback": "YouTube Video: Introduction To Using The Nessus Vulnerability Scanner",
                "video_html": "<iframe width=\"400\" height=\"225\" src=\"https:\/\/www.youtube.com\/embed\/-7ThbeAMqkw?feature=oembed&autoplay=1&iv_load_policy=3\" frameborder=\"0\" allow=\"autoplay; encrypted-media\" allowfullscreen><\/iframe>",
                "video_html_width": 400,
                "video_html_height": 225,
                "from_url": "https:\/\/youtu.be\/-7ThbeAMqkw",
                "service_icon": "https:\/\/a.slack-edge.com\/2089\/img\/unfurl_icons\/youtube.png",
                "id": 1
            }
        ],
        "ts": "1516843995.000140"
    },
    {
        "type": "message",
        "user": "U746RD3SN",
        "text": "<https:\/\/youtu.be\/YYsv32TioEs>",
        "attachments": [
            {
                "service_name": "YouTube",
                "service_url": "https:\/\/www.youtube.com\/",
                "title": "OpenVAS: Installation and Vulnerability Scanning",
                "title_link": "https:\/\/youtu.be\/YYsv32TioEs",
                "author_name": "Jesse Kurrus",
                "author_link": "https:\/\/www.youtube.com\/channel\/UCWkf0Uupl2MZNW3SZDlWoXg",
                "thumb_url": "https:\/\/i.ytimg.com\/vi\/YYsv32TioEs\/hqdefault.jpg",
                "thumb_width": 480,
                "thumb_height": 360,
                "fallback": "YouTube Video: OpenVAS: Installation and Vulnerability Scanning",
                "video_html": "<iframe width=\"400\" height=\"225\" src=\"https:\/\/www.youtube.com\/embed\/YYsv32TioEs?feature=oembed&autoplay=1&iv_load_policy=3\" frameborder=\"0\" allow=\"autoplay; encrypted-media\" allowfullscreen><\/iframe>",
                "video_html_width": 400,
                "video_html_height": 225,
                "from_url": "https:\/\/youtu.be\/YYsv32TioEs",
                "service_icon": "https:\/\/a.slack-edge.com\/2089\/img\/unfurl_icons\/youtube.png",
                "id": 1
            }
        ],
        "ts": "1516844083.000176"
    },
    {
        "type": "message",
        "user": "U746RD3SN",
        "text": "<https:\/\/youtu.be\/-iF7-RT7CI4>",
        "attachments": [
            {
                "service_name": "YouTube",
                "service_url": "https:\/\/www.youtube.com\/",
                "title": "Network Vulnerability Assessment using OpenVAS",
                "title_link": "https:\/\/youtu.be\/-iF7-RT7CI4",
                "author_name": "GujjuGeeks",
                "author_link": "https:\/\/www.youtube.com\/channel\/UCKY-sclwmd8_VLKjybidFQg",
                "thumb_url": "https:\/\/i.ytimg.com\/vi\/-iF7-RT7CI4\/hqdefault.jpg",
                "thumb_width": 480,
                "thumb_height": 360,
                "fallback": "YouTube Video: Network Vulnerability Assessment using OpenVAS",
                "video_html": "<iframe width=\"400\" height=\"225\" src=\"https:\/\/www.youtube.com\/embed\/-iF7-RT7CI4?feature=oembed&autoplay=1&iv_load_policy=3\" frameborder=\"0\" allow=\"autoplay; encrypted-media\" allowfullscreen><\/iframe>",
                "video_html_width": 400,
                "video_html_height": 225,
                "from_url": "https:\/\/youtu.be\/-iF7-RT7CI4",
                "service_icon": "https:\/\/a.slack-edge.com\/2089\/img\/unfurl_icons\/youtube.png",
                "id": 1
            }
        ],
        "ts": "1516844111.000145"
    },
    {
        "type": "message",
        "user": "U746RD3SN",
        "text": "<https:\/\/youtu.be\/E03gh1huvW4>",
        "attachments": [
            {
                "service_name": "YouTube",
                "service_url": "https:\/\/www.youtube.com\/",
                "title": "Network Security 101: Full Workshop",
                "title_link": "https:\/\/youtu.be\/E03gh1huvW4",
                "author_name": "SecureSet",
                "author_link": "https:\/\/www.youtube.com\/channel\/UCo7g5wKeNu32YIziwDqempw",
                "thumb_url": "https:\/\/i.ytimg.com\/vi\/E03gh1huvW4\/hqdefault.jpg",
                "thumb_width": 480,
                "thumb_height": 360,
                "fallback": "YouTube Video: Network Security 101: Full Workshop",
                "video_html": "<iframe width=\"400\" height=\"225\" src=\"https:\/\/www.youtube.com\/embed\/E03gh1huvW4?feature=oembed&autoplay=1&iv_load_policy=3\" frameborder=\"0\" allow=\"autoplay; encrypted-media\" allowfullscreen><\/iframe>",
                "video_html_width": 400,
                "video_html_height": 225,
                "from_url": "https:\/\/youtu.be\/E03gh1huvW4",
                "service_icon": "https:\/\/a.slack-edge.com\/2089\/img\/unfurl_icons\/youtube.png",
                "id": 1
            }
        ],
        "ts": "1516854314.000164"
    }
]