[
    {
        "type": "message",
        "user": "U746RD3SN",
        "text": "Sai, please share the CIS hardening guide to parvathi, so that she can start hardening. The hardening should be done using SCRIPTS ONLY (PERL or PHYTHON)",
        "ts": "1520862326.000321"
    },
    {
        "type": "message",
        "user": "U746RD3SN",
        "text": "Once she completes the hardening exercise, Security please certify the image and store in our APP Store.",
        "ts": "1520862365.000245"
    },
    {
        "type": "message",
        "user": "U746RD3SN",
        "text": "Next exercise - Patch process to be developed by Parvathi working with Security team.",
        "ts": "1520862399.000534"
    },
    {
        "type": "message",
        "user": "U74STF4HJ",
        "text": "Did we get help on docker",
        "client_msg_id": "2712b4c1-efdc-40b2-b299-bb7d26639600",
        "ts": "1520862480.000711"
    },
    {
        "type": "message",
        "user": "U746RD3SN",
        "text": "there is 11:30 AM Call with Anudeep, Sai, Vidyulatha.",
        "ts": "1520862516.000013"
    },
    {
        "type": "message",
        "user": "U730RMBB3",
        "text": "<@U8GC9C5M1> Do you have the action plan ready to go?",
        "ts": "1520864511.000394"
    }
]