[
    {
        "type": "message",
        "user": "U746RD3SN",
        "text": "<https:\/\/krebsonsecurity.com\/2018\/02\/how-to-fight-mobile-number-port-out-scams\/>",
        "ts": "1519839972.000742"
    },
    {
        "type": "message",
        "user": "U8GC9C5M1",
        "text": "The security report is being customized for client. Here is a link to it: <https:\/\/1drv.ms\/w\/s!Asl4RMVvckGMlV-vrqpAOZHL28e5>",
        "ts": "1519850547.000507"
    },
    {
        "type": "message",
        "subtype": "file_share",
        "text": "<@U8GC9C5M1> uploaded a file: <https:\/\/mpinfotech.slack.com\/files\/U8GC9C5M1\/F9HJFPP3R\/security_report.docx|Finteksoft Security Report Draft.docx>",
        "file": {
            "id": "F9HJFPP3R",
            "created": 1519853824,
            "timestamp": 1519853824,
            "name": "Security Report.docx",
            "title": "Finteksoft Security Report Draft.docx",
            "mimetype": "application\/vnd.openxmlformats-officedocument.wordprocessingml.document",
            "filetype": "docx",
            "pretty_type": "Word Document",
            "user": "U8GC9C5M1",
            "editable": false,
            "size": 87121,
            "mode": "hosted",
            "is_external": false,
            "external_type": "",
            "is_public": true,
            "public_url_shared": false,
            "display_as_bot": false,
            "username": "",
            "url_private": "https:\/\/files.slack.com\/files-pri\/T730RMB7T-F9HJFPP3R\/security_report.docx?t=xoxe-241025725265-384508339281-384508339409-5b92d26397ce6b615c24d77267fe6bb3",
            "url_private_download": "https:\/\/files.slack.com\/files-pri\/T730RMB7T-F9HJFPP3R\/download\/security_report.docx?t=xoxe-241025725265-384508339281-384508339409-5b92d26397ce6b615c24d77267fe6bb3",
            "permalink": "https:\/\/mpinfotech.slack.com\/files\/U8GC9C5M1\/F9HJFPP3R\/security_report.docx",
            "permalink_public": "https:\/\/slack-files.com\/T730RMB7T-F9HJFPP3R-cf9d8bdeb0",
            "channels": [],
            "groups": [],
            "ims": [],
            "comments_count": 0
        },
        "user": "U8GC9C5M1",
        "upload": true,
        "display_as_bot": false,
        "username": "john",
        "bot_id": null,
        "ts": "1519853825.000493"
    },
    {
        "type": "message",
        "user": "U8GC9C5M1",
        "text": "Consolidated the report generated by OpenVas into the document along with a few other notes.",
        "ts": "1519853932.000178"
    },
    {
        "type": "message",
        "user": "U8GC9C5M1",
        "text": "The report did not address all of the open ports though, working with <@U730RMBB3> to figure out why.",
        "ts": "1519854085.000569"
    },
    {
        "type": "message",
        "user": "U730RMBB3",
        "text": "repeated threats are consolidated into groups",
        "ts": "1519859802.000133"
    },
    {
        "type": "message",
        "user": "U730RMBB3",
        "text": "the ports are listed with each group",
        "ts": "1519859816.000106"
    },
    {
        "type": "message",
        "user": "U730RMBB3",
        "text": "that's why it seems like there are less threats than we saw on OpenVas",
        "ts": "1519859839.000150"
    }
]