[
    {
        "type": "message",
        "user": "U9M7W1F1B",
        "text": "Team, Do we already have any documentation of current components(network\/systems(physical\/virtual)) etc for our infrastructure? If not we can go ahead and start creating one for the easy maintenance and tracking.",
        "ts": "1526416773.000449"
    },
    {
        "type": "message",
        "user": "U746RD3SN",
        "text": "We have templates, however the team hasnt filled in when building the template.",
        "ts": "1526422518.000329"
    },
    {
        "type": "message",
        "user": "U746RD3SN",
        "text": "Its an good initiative to have documentation.",
        "ts": "1526422741.000252"
    },
    {
        "type": "message",
        "user": "U730RMBB3",
        "text": "Let's start creating the documentation anyway, especially for the pipeline, MPIT Labs and eventually the new AlertLogic monitoring infrastructure that will be worked on soon.",
        "ts": "1526431586.000261"
    },
    {
        "type": "message",
        "user": "U730RMBB3",
        "text": "We also need to have an analysis of current systems to make sure they are following proper security procedures i.e.: hardened OS, hardened networking, proper monitoring, and eventually proper authentication for certain applications such as the pipeline. \nThese sort of procedures can also be automated via Ansible since it should be able to run a hardening script post-configuration of software.",
        "ts": "1526431783.000047"
    }
]