[
    {
        "type": "message",
        "user": "U746RD3SN",
        "text": "Team, I am happy to announce now that we are Registered Symantec partner.",
        "ts": "1528342914.000124"
    },
    {
        "type": "message",
        "user": "U746RD3SN",
        "text": "PSai, John and Parvathi, you all should have received invites",
        "ts": "1528342930.000035"
    },
    {
        "type": "message",
        "user": "U746RD3SN",
        "text": "please register using your invite.",
        "ts": "1528343025.000039"
    },
    {
        "type": "message",
        "user": "U746RD3SN",
        "text": "a lot of learning on Security.",
        "ts": "1528343032.000043"
    },
    {
        "type": "message",
        "user": "U746RD3SN",
        "text": "once you complete registration, please contact me.",
        "ts": "1528343089.000185"
    },
    {
        "type": "message",
        "subtype": "file_share",
        "text": "<@U746RD3SN> uploaded a file: <https:\/\/mpinfotech.slack.com\/files\/U746RD3SN\/FB42JFALE\/symantec_partner-enablement-resources.pdf|Symantec partner-enablement-resources.pdf>",
        "file": {
            "id": "FB42JFALE",
            "created": 1528343115,
            "timestamp": 1528343115,
            "name": "Symantec partner-enablement-resources.pdf",
            "title": "Symantec partner-enablement-resources.pdf",
            "mimetype": "application\/pdf",
            "filetype": "pdf",
            "pretty_type": "PDF",
            "user": "U746RD3SN",
            "editable": false,
            "size": 4528857,
            "mode": "hosted",
            "is_external": false,
            "external_type": "",
            "is_public": true,
            "public_url_shared": false,
            "display_as_bot": false,
            "username": "",
            "url_private": "https:\/\/files.slack.com\/files-pri\/T730RMB7T-FB42JFALE\/symantec_partner-enablement-resources.pdf?t=xoxe-241025725265-384508339281-384508339409-5b92d26397ce6b615c24d77267fe6bb3",
            "url_private_download": "https:\/\/files.slack.com\/files-pri\/T730RMB7T-FB42JFALE\/download\/symantec_partner-enablement-resources.pdf?t=xoxe-241025725265-384508339281-384508339409-5b92d26397ce6b615c24d77267fe6bb3",
            "thumb_pdf": "https:\/\/files.slack.com\/files-tmb\/T730RMB7T-FB42JFALE-fdb7a64384\/symantec_partner-enablement-resources_thumb_pdf.png?t=xoxe-241025725265-384508339281-384508339409-5b92d26397ce6b615c24d77267fe6bb3",
            "thumb_pdf_w": 1467,
            "thumb_pdf_h": 825,
            "permalink": "https:\/\/mpinfotech.slack.com\/files\/U746RD3SN\/FB42JFALE\/symantec_partner-enablement-resources.pdf",
            "permalink_public": "https:\/\/slack-files.com\/T730RMB7T-FB42JFALE-71653f6239",
            "channels": [],
            "groups": [],
            "ims": [],
            "comments_count": 0
        },
        "user": "U746RD3SN",
        "upload": true,
        "display_as_bot": false,
        "username": "mmurali",
        "bot_id": null,
        "ts": "1528343117.000203"
    },
    {
        "type": "message",
        "subtype": "file_share",
        "text": "<@U746RD3SN> uploaded a file: <https:\/\/mpinfotech.slack.com\/files\/U746RD3SN\/FB2K473FT\/symantec_pnet-navigation-guide-en.pdf|Symantec pnet-navigation-guide-en.pdf>",
        "file": {
            "id": "FB2K473FT",
            "created": 1528343130,
            "timestamp": 1528343130,
            "name": "Symantec pnet-navigation-guide-en.pdf",
            "title": "Symantec pnet-navigation-guide-en.pdf",
            "mimetype": "application\/pdf",
            "filetype": "pdf",
            "pretty_type": "PDF",
            "user": "U746RD3SN",
            "editable": false,
            "size": 2236330,
            "mode": "hosted",
            "is_external": false,
            "external_type": "",
            "is_public": true,
            "public_url_shared": false,
            "display_as_bot": false,
            "username": "",
            "url_private": "https:\/\/files.slack.com\/files-pri\/T730RMB7T-FB2K473FT\/symantec_pnet-navigation-guide-en.pdf?t=xoxe-241025725265-384508339281-384508339409-5b92d26397ce6b615c24d77267fe6bb3",
            "url_private_download": "https:\/\/files.slack.com\/files-pri\/T730RMB7T-FB2K473FT\/download\/symantec_pnet-navigation-guide-en.pdf?t=xoxe-241025725265-384508339281-384508339409-5b92d26397ce6b615c24d77267fe6bb3",
            "thumb_pdf": "https:\/\/files.slack.com\/files-tmb\/T730RMB7T-FB2K473FT-e0ad2fdeb9\/symantec_pnet-navigation-guide-en_thumb_pdf.png?t=xoxe-241025725265-384508339281-384508339409-5b92d26397ce6b615c24d77267fe6bb3",
            "thumb_pdf_w": 1466,
            "thumb_pdf_h": 825,
            "permalink": "https:\/\/mpinfotech.slack.com\/files\/U746RD3SN\/FB2K473FT\/symantec_pnet-navigation-guide-en.pdf",
            "permalink_public": "https:\/\/slack-files.com\/T730RMB7T-FB2K473FT-50e3f8960b",
            "channels": [],
            "groups": [],
            "ims": [],
            "comments_count": 0
        },
        "user": "U746RD3SN",
        "upload": true,
        "display_as_bot": false,
        "username": "mmurali",
        "bot_id": null,
        "ts": "1528343131.000059"
    },
    {
        "type": "message",
        "subtype": "file_share",
        "text": "<@U746RD3SN> uploaded a file: <https:\/\/mpinfotech.slack.com\/files\/U746RD3SN\/FB39X1JRK\/symantec_casb-channel-training-deck-en.pptx|symantec casb-channel-training-deck-en.pptx>",
        "file": {
            "id": "FB39X1JRK",
            "created": 1528343783,
            "timestamp": 1528343783,
            "name": "symantec casb-channel-training-deck-en.pptx",
            "title": "symantec casb-channel-training-deck-en.pptx",
            "mimetype": "application\/vnd.openxmlformats-officedocument.presentationml.presentation",
            "filetype": "pptx",
            "pretty_type": "PowerPoint Presentation",
            "user": "U746RD3SN",
            "editable": false,
            "size": 27272081,
            "mode": "hosted",
            "is_external": false,
            "external_type": "",
            "is_public": true,
            "public_url_shared": false,
            "display_as_bot": false,
            "username": "",
            "url_private": "https:\/\/files.slack.com\/files-pri\/T730RMB7T-FB39X1JRK\/symantec_casb-channel-training-deck-en.pptx?t=xoxe-241025725265-384508339281-384508339409-5b92d26397ce6b615c24d77267fe6bb3",
            "url_private_download": "https:\/\/files.slack.com\/files-pri\/T730RMB7T-FB39X1JRK\/download\/symantec_casb-channel-training-deck-en.pptx?t=xoxe-241025725265-384508339281-384508339409-5b92d26397ce6b615c24d77267fe6bb3",
            "permalink": "https:\/\/mpinfotech.slack.com\/files\/U746RD3SN\/FB39X1JRK\/symantec_casb-channel-training-deck-en.pptx",
            "permalink_public": "https:\/\/slack-files.com\/T730RMB7T-FB39X1JRK-a17c827e55",
            "channels": [],
            "groups": [],
            "ims": [],
            "comments_count": 0
        },
        "user": "U746RD3SN",
        "upload": true,
        "display_as_bot": false,
        "username": "mmurali",
        "bot_id": null,
        "ts": "1528343785.000111"
    },
    {
        "type": "message",
        "user": "U746RD3SN",
        "text": "Security team please go through the CASB Deck",
        "ts": "1528343789.000195"
    }
]