[
    {
        "type": "message",
        "subtype": "file_share",
        "text": "<@U746RD3SN> uploaded a file: <https:\/\/mpinfotech.slack.com\/files\/U746RD3SN\/FA3G5B75Y\/image_uploaded_from_ios.jpg|Slack for iOS Upload.jpg>",
        "file": {
            "id": "FA3G5B75Y",
            "created": 1523283150,
            "timestamp": 1523283150,
            "name": "Image uploaded from iOS.jpg",
            "title": "Slack for iOS Upload.jpg",
            "mimetype": "image\/jpeg",
            "filetype": "jpg",
            "pretty_type": "JPEG",
            "user": "U746RD3SN",
            "editable": false,
            "size": 6125685,
            "mode": "hosted",
            "is_external": false,
            "external_type": "",
            "is_public": true,
            "public_url_shared": false,
            "display_as_bot": false,
            "username": "",
            "url_private": "https:\/\/files.slack.com\/files-pri\/T730RMB7T-FA3G5B75Y\/image_uploaded_from_ios.jpg?t=xoxe-241025725265-384508339281-384508339409-5b92d26397ce6b615c24d77267fe6bb3",
            "url_private_download": "https:\/\/files.slack.com\/files-pri\/T730RMB7T-FA3G5B75Y\/download\/image_uploaded_from_ios.jpg?t=xoxe-241025725265-384508339281-384508339409-5b92d26397ce6b615c24d77267fe6bb3",
            "thumb_64": "https:\/\/files.slack.com\/files-tmb\/T730RMB7T-FA3G5B75Y-0025ccb9ef\/image_uploaded_from_ios_64.jpg?t=xoxe-241025725265-384508339281-384508339409-5b92d26397ce6b615c24d77267fe6bb3",
            "thumb_80": "https:\/\/files.slack.com\/files-tmb\/T730RMB7T-FA3G5B75Y-0025ccb9ef\/image_uploaded_from_ios_80.jpg?t=xoxe-241025725265-384508339281-384508339409-5b92d26397ce6b615c24d77267fe6bb3",
            "thumb_360": "https:\/\/files.slack.com\/files-tmb\/T730RMB7T-FA3G5B75Y-0025ccb9ef\/image_uploaded_from_ios_360.jpg?t=xoxe-241025725265-384508339281-384508339409-5b92d26397ce6b615c24d77267fe6bb3",
            "thumb_360_w": 270,
            "thumb_360_h": 360,
            "thumb_480": "https:\/\/files.slack.com\/files-tmb\/T730RMB7T-FA3G5B75Y-0025ccb9ef\/image_uploaded_from_ios_480.jpg?t=xoxe-241025725265-384508339281-384508339409-5b92d26397ce6b615c24d77267fe6bb3",
            "thumb_480_w": 360,
            "thumb_480_h": 480,
            "thumb_160": "https:\/\/files.slack.com\/files-tmb\/T730RMB7T-FA3G5B75Y-0025ccb9ef\/image_uploaded_from_ios_160.jpg?t=xoxe-241025725265-384508339281-384508339409-5b92d26397ce6b615c24d77267fe6bb3",
            "thumb_720": "https:\/\/files.slack.com\/files-tmb\/T730RMB7T-FA3G5B75Y-0025ccb9ef\/image_uploaded_from_ios_720.jpg?t=xoxe-241025725265-384508339281-384508339409-5b92d26397ce6b615c24d77267fe6bb3",
            "thumb_720_w": 540,
            "thumb_720_h": 720,
            "thumb_800": "https:\/\/files.slack.com\/files-tmb\/T730RMB7T-FA3G5B75Y-0025ccb9ef\/image_uploaded_from_ios_800.jpg?t=xoxe-241025725265-384508339281-384508339409-5b92d26397ce6b615c24d77267fe6bb3",
            "thumb_800_w": 800,
            "thumb_800_h": 1067,
            "thumb_960": "https:\/\/files.slack.com\/files-tmb\/T730RMB7T-FA3G5B75Y-0025ccb9ef\/image_uploaded_from_ios_960.jpg?t=xoxe-241025725265-384508339281-384508339409-5b92d26397ce6b615c24d77267fe6bb3",
            "thumb_960_w": 720,
            "thumb_960_h": 960,
            "thumb_1024": "https:\/\/files.slack.com\/files-tmb\/T730RMB7T-FA3G5B75Y-0025ccb9ef\/image_uploaded_from_ios_1024.jpg?t=xoxe-241025725265-384508339281-384508339409-5b92d26397ce6b615c24d77267fe6bb3",
            "thumb_1024_w": 768,
            "thumb_1024_h": 1024,
            "image_exif_rotation": 1,
            "original_w": 3024,
            "original_h": 4032,
            "permalink": "https:\/\/mpinfotech.slack.com\/files\/U746RD3SN\/FA3G5B75Y\/image_uploaded_from_ios.jpg",
            "permalink_public": "https:\/\/slack-files.com\/T730RMB7T-FA3G5B75Y-0cfb53521d",
            "channels": [],
            "groups": [],
            "ims": [],
            "comments_count": 0
        },
        "user": "U746RD3SN",
        "upload": true,
        "display_as_bot": false,
        "username": "mmurali",
        "bot_id": null,
        "upload_reply_to": "88E90574-A3DC-4E51-83EF-3A9C2607736A",
        "ts": "1523283159.000451"
    },
    {
        "type": "message",
        "user": "U746RD3SN",
        "text": "Security and network team put a pic using lucid chart and design the network",
        "client_msg_id": "244A580C-DCF8-417B-920B-D84806869C26",
        "ts": "1523283186.000239"
    },
    {
        "type": "message",
        "user": "U746RD3SN",
        "text": "Sai assign this to SriRanganatha",
        "client_msg_id": "5B89AB0E-2C31-490A-BFB4-46C0F458160D",
        "ts": "1523283218.000726"
    },
    {
        "type": "message",
        "user": "U746RD3SN",
        "text": "<https:\/\/www.youtube.com\/watch?v=ddAtMMDeeq8>",
        "client_msg_id": "58B5BA6B-C70D-45BB-B03B-A5369C901F6E",
        "attachments": [
            {
                "service_name": "YouTube",
                "service_url": "https:\/\/www.youtube.com\/",
                "title": "Renowned Author Cyber Pioneer Cliff Stoll Mesmerizes at CrowdStrike Conference",
                "title_link": "https:\/\/www.youtube.com\/watch?v=ddAtMMDeeq8",
                "author_name": "CrowdStrike",
                "author_link": "https:\/\/www.youtube.com\/user\/CrowdStrike",
                "thumb_url": "https:\/\/i.ytimg.com\/vi\/ddAtMMDeeq8\/hqdefault.jpg",
                "thumb_width": 480,
                "thumb_height": 360,
                "fallback": "YouTube Video: Renowned Author Cyber Pioneer Cliff Stoll Mesmerizes at CrowdStrike Conference",
                "video_html": "<iframe width=\"400\" height=\"225\" src=\"https:\/\/www.youtube.com\/embed\/ddAtMMDeeq8?feature=oembed&autoplay=1&iv_load_policy=3\" frameborder=\"0\" allow=\"autoplay; encrypted-media\" allowfullscreen><\/iframe>",
                "video_html_width": 400,
                "video_html_height": 225,
                "from_url": "https:\/\/www.youtube.com\/watch?v=ddAtMMDeeq8",
                "service_icon": "https:\/\/a.slack-edge.com\/2089\/img\/unfurl_icons\/youtube.png",
                "id": 1
            }
        ],
        "ts": "1523307679.000423"
    },
    {
        "type": "message",
        "user": "U746RD3SN",
        "text": "Very interesting presentation ",
        "client_msg_id": "F8852019-529B-432C-AC6D-8F2822B9B081",
        "ts": "1523307689.000433"
    },
    {
        "type": "message",
        "user": "U74STF4HJ",
        "text": "Team we need that diagram in Visio asap",
        "client_msg_id": "f68e1a02-52bf-4724-afb8-cb3bba14fb1e",
        "ts": "1523323119.000062"
    },
    {
        "type": "message",
        "user": "U74STF4HJ",
        "text": "We are close to getting big project  we will implement under leadership of Murali and Sai",
        "client_msg_id": "9e846618-8a11-4051-835f-8eea6d6efd06",
        "ts": "1523327768.000082"
    },
    {
        "type": "message",
        "user": "U74STF4HJ",
        "text": "This is great opportunity let's do best impressing client is critical once u establish they come to us",
        "client_msg_id": "2a90dca8-63d1-45a2-99a3-3dcbf4097e98",
        "ts": "1523327821.000237"
    }
]