[
    {
        "type": "message",
        "user": "U746RD3SN",
        "text": "Can you guys do a security assessment on <https:\/\/www.mpinfotech.com>",
        "ts": "1520266866.000167"
    },
    {
        "type": "message",
        "user": "U746RD3SN",
        "text": "hosted in godaddy.",
        "ts": "1520266869.000859"
    },
    {
        "type": "message",
        "user": "U746RD3SN",
        "text": "sai please find out what notification we need to communicate to godaddy before the assessment is started.",
        "ts": "1520266899.000656"
    },
    {
        "user": "U9KKCK4QN",
        "text": "<@U9KKCK4QN> has joined the channel",
        "type": "message",
        "subtype": "channel_join",
        "ts": "1520272320.000557"
    },
    {
        "user": "U9JT2HAP4",
        "text": "<@U9JT2HAP4> has joined the channel",
        "type": "message",
        "subtype": "channel_join",
        "ts": "1520282314.000438"
    },
    {
        "user": "U9L0UC1TR",
        "text": "<@U9L0UC1TR> has joined the channel",
        "type": "message",
        "subtype": "channel_join",
        "ts": "1520288093.000303"
    }
]