[
    {
        "type": "message",
        "user": "U9M7W1F1B",
        "text": "Can you please share us the templates, so that we can start with the documentation for our existing infrastructure?",
        "ts": "1526477948.000032"
    },
    {
        "type": "message",
        "user": "U730RMBB3",
        "text": "<@U9M7W1F1B> <@U8GC9C5M1> please check your emails I sent you a copy of the template that is used to document infrastructures.",
        "ts": "1526487780.000695"
    },
    {
        "type": "message",
        "user": "U9M7W1F1B",
        "text": "Thank you Sai",
        "ts": "1526490965.000329"
    }
]