[
    {
        "type": "message",
        "user": "U746RD3SN",
        "text": "Team, can we find the log location sources for the following:",
        "ts": "1523032329.000722"
    },
    {
        "type": "message",
        "user": "U746RD3SN",
        "text": "Source  Descri�tion                              Ouantitl;'.\nAnti virus Servers                                                                  2\nBackun  Server                                                                       I\nCertificatb  Authoritv Servers                                               2\nCloud-based Vulnerabilirv  Assessment  Tool                    t\nData Los$ Prevention Systems                                            4\nDomain  Name Service Servers                                           7\nEndpoint  Svstems  Management  Devices                           4\nE-web Armlication  Firewalls                                               8\nFile Intearitv Monitorin.e                                                      I\nFirewalls                                                                               22\nHosted Email Securitv                                                         4\nInternal  Vulnerabilitv Assessment  Aonliance                    I\nIntrusion Detection  and Prevention  Svstems                    12\nMidrange, Comouter  Svstem                                                I\nMobile  Performance Management  Servers                       3\nNetwork  Access Control  Svstems                                       I \n\n\n\n\nNetwork Addressable Storaae  Devices                            8\nNetwork Monitorin2:  Server                                                   I\nRemote Deskton Connection  Broker Servers                     3\nRouters                                                                              21\nServer Lt\\ad  Balancers                                                            2\nUnix  Seti'ers                                                                             JO Virtual Private  Network Aooliance                                    I Virtual Private  Network Service (Cloud  Based)                 I Virtual Server Hosts                                                               25\nWeb serlers                                                            20\nWindowd Domain Controllers                                          5\nwindows Servers                                                             25\nWindows Workstations                                                         I IO\nWireless Controllers                                                         4",
        "ts": "1523032332.000284"
    },
    {
        "type": "message",
        "user": "U746RD3SN",
        "text": "ignore the quantity",
        "ts": "1523032341.000488"
    },
    {
        "type": "message",
        "user": "U746RD3SN",
        "text": "2PM EST we will have a meeting to go over this project that we are trying to bid.",
        "ts": "1523032355.000415"
    },
    {
        "type": "message",
        "user": "U746RD3SN",
        "text": "<http:\/\/www.logz.io\/pricing|www.logz.io\/pricing> and you can see community",
        "ts": "1523032485.000128"
    },
    {
        "type": "message",
        "user": "U746RD3SN",
        "text": "lets start with the community, as its free.",
        "ts": "1523032495.000701"
    },
    {
        "type": "message",
        "user": "U746RD3SN",
        "text": "and when we scale we can go for PRO or Enterprise.",
        "ts": "1523032507.000310"
    },
    {
        "type": "message",
        "subtype": "file_share",
        "text": "<@U9M7W1F1B> uploaded a file: <https:\/\/mpinfotech.slack.com\/files\/U9M7W1F1B\/FA276CHRP\/logging_syslog.docx|Here is my document>",
        "file": {
            "id": "FA276CHRP",
            "created": 1523050050,
            "timestamp": 1523050050,
            "name": "Logging_syslog.docx",
            "title": "Here is my document",
            "mimetype": "application\/vnd.openxmlformats-officedocument.wordprocessingml.document",
            "filetype": "docx",
            "pretty_type": "Word Document",
            "user": "U9M7W1F1B",
            "editable": false,
            "size": 124962,
            "mode": "hosted",
            "is_external": false,
            "external_type": "",
            "is_public": true,
            "public_url_shared": false,
            "display_as_bot": false,
            "username": "",
            "url_private": "https:\/\/files.slack.com\/files-pri\/T730RMB7T-FA276CHRP\/logging_syslog.docx?t=xoxe-241025725265-384508339281-384508339409-5b92d26397ce6b615c24d77267fe6bb3",
            "url_private_download": "https:\/\/files.slack.com\/files-pri\/T730RMB7T-FA276CHRP\/download\/logging_syslog.docx?t=xoxe-241025725265-384508339281-384508339409-5b92d26397ce6b615c24d77267fe6bb3",
            "permalink": "https:\/\/mpinfotech.slack.com\/files\/U9M7W1F1B\/FA276CHRP\/logging_syslog.docx",
            "permalink_public": "https:\/\/slack-files.com\/T730RMB7T-FA276CHRP-f8ee3482cb",
            "channels": [],
            "groups": [],
            "ims": [],
            "comments_count": 0
        },
        "user": "U9M7W1F1B",
        "upload": true,
        "display_as_bot": false,
        "username": "sdonepudi",
        "bot_id": null,
        "ts": "1523050051.000348"
    },
    {
        "type": "message",
        "user": "U746RD3SN",
        "text": "looks good",
        "ts": "1523051681.000007"
    },
    {
        "type": "message",
        "user": "U746RD3SN",
        "text": "can you start looking at the Alert logic videos on how the systems logs on being sent to alert logic",
        "ts": "1523051701.000124"
    },
    {
        "type": "message",
        "user": "U74STF4HJ",
        "text": "Great team work we will rock",
        "client_msg_id": "54415eb1-ca9a-459f-888a-71fb75a4645c",
        "ts": "1523052053.000308"
    }
]