[
    {
        "user": "U9606M37C",
        "text": "<@U9606M37C> has joined the channel",
        "type": "message",
        "subtype": "channel_join",
        "ts": "1518097927.000314"
    },
    {
        "type": "message",
        "user": "U746RD3SN",
        "text": "<https:\/\/finteksoft.com>\n",
        "client_msg_id": "88B12089-5D55-436F-BFA1-9F754F7E3504",
        "attachments": [
            {
                "title": "FintekSoft Inc",
                "title_link": "https:\/\/finteksoft.com",
                "text": "FintekSoft, Inc",
                "fallback": "FintekSoft Inc",
                "from_url": "https:\/\/finteksoft.com",
                "service_name": "finteksoft.com",
                "id": 1
            }
        ],
        "ts": "1518122222.000566"
    },
    {
        "type": "message",
        "user": "U746RD3SN",
        "text": "The site that needs security assessments",
        "client_msg_id": "5F8056D4-82CC-49A2-922E-957232923DC0",
        "ts": "1518122263.000631"
    }
]