[
    {
        "type": "message",
        "user": "U730RMBB3",
        "text": "Ok beyond the security meeting I will need <@U8GC9C5M1> <@U9M7W1F1B> <@U9TTEGVQW> to be available for the weekend. We have some tasks we need to cover and need your help with. Please be available so that I can contact you all. \n\n<@U9JT2HAP4> you’ll be involved with MRADAR for a bit so I’ll fill you in on that once we have a MRADAR meeting",
        "client_msg_id": "D5B9BBE5-7D87-42CA-8969-B10CF211CB40",
        "ts": "1522959493.000569"
    },
    {
        "type": "message",
        "user": "U9JT2HAP4",
        "text": "Sure Sai",
        "ts": "1522960084.000331"
    },
    {
        "type": "message",
        "user": "U746RD3SN",
        "text": "Sai may be we need some help from Samba \/ Parvathi with respect to best way to build and patch systems. ( in traditional Data Center)",
        "client_msg_id": "5BFEC5B1-9944-41FE-ACF1-40E1774D1577",
        "ts": "1522960297.000617"
    },
    {
        "type": "message",
        "user": "U8GC9C5M1",
        "text": "Will be available. Saturday?",
        "ts": "1522960500.000044"
    },
    {
        "type": "message",
        "user": "U74STF4HJ",
        "text": "Team,we have very critical presentation to client on Monday need all ur help to keep MPIT on top of queue.  Sai and Murali will guide on this",
        "client_msg_id": "ea5ca82b-25b9-432b-8f38-33f61ef77826",
        "ts": "1522960764.000159"
    },
    {
        "type": "message",
        "user": "U74STF4HJ",
        "text": "Good job Vivek and Prasanna for putting together nice MRDAR Screens and project jira.",
        "client_msg_id": "08ef3256-51c1-4e87-bccd-a9b1c545c95e",
        "ts": "1522961461.000517"
    }
]