[
    {
        "type": "message",
        "user": "U746RD3SN",
        "text": "Dated: 2\/16\/2018\nAssessment: Finteksoft website\n\nTools: Firefox Developers Edition, Kali Linux, OpenVas, NPing\n\nGoal: \nPerform a security assessment on <http:\/\/Finteksoft.com|Finteksoft.com>.\nFind and document security errors that cause risk to the website and recommending possible fixes to remediate the situation. \nReference framework: OWASP framework \n\nProcess:\n1)\tNetwork level\na.\tDNS assessment\nb.\tNetwork level controls\n\n2)\tSurface Level scrubbing. \na.\tUsing Firefox Developers edition, parse through the HTML to look for hidden form fields and possible connections to other form fields that require back end scripting calls. Possible fields include logins and search bars as both require connection to a database.\nb.\tSearch for executable code that could be manipulated via XSS and XSRF.\nFor XSS look for vulnerabilities such as URL encoding (URLs with open parameters)\nFor XSRF look for GET and POST statements with open parameters.\nc.\tLook through cookies for params that can be modified or vulnerable information, such as open IPs. Use NPing to find detailed information about IP’s that we can see.\nd.\tLook for any network information. A useful one would be the originating IP address. \nIf we find it and we can ping it then we have a point of entry\/analysis.\n\n3)\tNetwork Level Scanning\na.\tDocument the IP of the website by A record.\nb.\tFrom this point on Kali Linux toolset should be used.\nc.\tOnce the IP is found use OpenVas to do vulnerability scanning to find potential vulnerabilities and audit them. \nNote: These must be documented clearly as these will need to be presented to the stakeholders. Use the template for documenting the observation.\nd.\tVulnerabilities identified, further analysis by in the tools and find which ones can potentially lead to mission critical data, mark these down as priorities for remediations. We’ll need to find the solutions for these immediately.\ne.\tCertificate errors\n\n\n4)\tDocumentation and Resolution\nProcess: List vulnerabilities starting with OpenVas critical vulnerabilities first, followed by vulnerabilities found though Firefox Developers edition, and then the rest of the vulnerabilities in OpenVas.\na.\tProvide necessary remediations for critical vulnerabilities and then recommended solutions for the rest. Solutions should be generic because we don’t know the underlying architecture\/code base.",
        "ts": "1518795327.000416"
    },
    {
        "type": "message",
        "user": "U746RD3SN",
        "text": "Sai, I have reviewed it, your proposal looks good. I did few format adjustments.",
        "ts": "1518795349.000740"
    }
]