[
    {
        "type": "message",
        "user": "U746RD3SN",
        "text": "<http:\/\/Partners.alertlogic.com|Partners.alertlogic.com>",
        "client_msg_id": "ACB21DE3-A6EC-4D0D-BD95-EF08F962A4B5",
        "ts": "1524165171.000393"
    },
    {
        "type": "message",
        "user": "U746RD3SN",
        "text": "John and Parvathi please register ",
        "client_msg_id": "60731709-E7C1-4CC2-A24E-E9169DA47FEE",
        "ts": "1524165189.000199"
    },
    {
        "type": "message",
        "user": "U746RD3SN",
        "text": "Search for Introductory alert logic partner training",
        "client_msg_id": "7CEDFB30-BFA2-452C-9D48-94EF219FB90B",
        "ts": "1524166375.000064"
    }
]