[
    {
        "type": "message",
        "user": "U746RD3SN",
        "text": "Parvathy and John please confirm that you were able to request your access to Alertlogic.",
        "ts": "1524436681.000088"
    },
    {
        "type": "message",
        "user": "U9M7W1F1B",
        "text": "Yes Murali, I am able to access Alertlogic",
        "ts": "1524440956.000092"
    },
    {
        "type": "message",
        "user": "U746RD3SN",
        "text": "Please start reading about their cloud based deployment of receiving logs and sending to alertlogic.",
        "client_msg_id": "8E3A2BFF-816D-40B0-8949-FAF3A837132E",
        "ts": "1524441098.000012"
    },
    {
        "type": "message",
        "user": "U746RD3SN",
        "text": "Vulnerability and patch mgmt on cloud for the systems our approach, how we can achieve “near zero down patching”",
        "client_msg_id": "549AEFF8-D383-400F-BD0C-08C9A0977141",
        "ts": "1524441226.000016"
    },
    {
        "type": "message",
        "user": "U9M7W1F1B",
        "text": "Sure Murali",
        "ts": "1524441303.000127"
    },
    {
        "type": "message",
        "user": "U746RD3SN",
        "text": "And John for you touch base with Sai for your curriculum of learning.",
        "client_msg_id": "9783A33B-99B9-4863-89BE-32E82C9F8228",
        "ts": "1524441350.000019"
    },
    {
        "type": "message",
        "user": "U746RD3SN",
        "text": "You 3 will be Security team",
        "client_msg_id": "5FAD981D-4F36-4A3C-A9C2-CDFD6668E0FA",
        "ts": "1524441368.000077"
    },
    {
        "type": "message",
        "user": "U746RD3SN",
        "text": "Parvathi more system side security focus",
        "client_msg_id": "2C5FDAE2-BB7F-498D-962C-B64C2C8789C7",
        "ts": "1524441409.000107"
    },
    {
        "type": "message",
        "user": "U746RD3SN",
        "text": "John more networking, endpoints, assessments",
        "client_msg_id": "313365FB-859A-4F89-B2C5-A7FA92ED5AE1",
        "ts": "1524441465.000106"
    },
    {
        "type": "message",
        "user": "U746RD3SN",
        "text": "Sai will focus on appsec",
        "client_msg_id": "626A044D-7241-4153-89C1-594B6AAB7F40",
        "ts": "1524441480.000059"
    }
]