[
    {
        "type": "message",
        "user": "U730RMBB3",
        "text": "Security team, we're going to hold a meeting from 12 - 1 PM EST today so that we can go over some security knowledge that we need to apply",
        "ts": "1521646029.000921"
    },
    {
        "type": "message",
        "user": "U746RD3SN",
        "text": "security team, bridge is open",
        "ts": "1521648368.000077"
    },
    {
        "type": "message",
        "user": "U8GC9C5M1",
        "text": "My updates: Learning for AWS Solutions Architect Associate, will be taking exam soon, went to an OWASP Convention at 6 yesterday,                 for DevSecOps, talked about what people were doing, and it seemed relevant that they were talking about security concepts and how integration should be from start to production. Here are a couple pictures I took, do let me know if this sort of stuff is good exposure in terms of learning.",
        "ts": "1521659504.000329"
    },
    {
        "type": "message",
        "subtype": "file_share",
        "text": "<@U8GC9C5M1> uploaded a file: <https:\/\/mpinfotech.slack.com\/files\/U8GC9C5M1\/F9UMGFNPQ\/whatsapp_image_2018-03-21_at_2.12.43_pm__1_.jpeg|Presentation on DevSecOps>",
        "file": {
            "id": "F9UMGFNPQ",
            "created": 1521659667,
            "timestamp": 1521659667,
            "name": "WhatsApp Image 2018-03-21 at 2.12.43 PM (1).jpeg",
            "title": "Presentation on DevSecOps",
            "mimetype": "image\/jpeg",
            "filetype": "jpg",
            "pretty_type": "JPEG",
            "user": "U8GC9C5M1",
            "editable": false,
            "size": 60021,
            "mode": "hosted",
            "is_external": false,
            "external_type": "",
            "is_public": true,
            "public_url_shared": false,
            "display_as_bot": false,
            "username": "",
            "url_private": "https:\/\/files.slack.com\/files-pri\/T730RMB7T-F9UMGFNPQ\/whatsapp_image_2018-03-21_at_2.12.43_pm__1_.jpeg?t=xoxe-241025725265-384508339281-384508339409-5b92d26397ce6b615c24d77267fe6bb3",
            "url_private_download": "https:\/\/files.slack.com\/files-pri\/T730RMB7T-F9UMGFNPQ\/download\/whatsapp_image_2018-03-21_at_2.12.43_pm__1_.jpeg?t=xoxe-241025725265-384508339281-384508339409-5b92d26397ce6b615c24d77267fe6bb3",
            "thumb_64": "https:\/\/files.slack.com\/files-tmb\/T730RMB7T-F9UMGFNPQ-b57242c629\/whatsapp_image_2018-03-21_at_2.12.43_pm__1__64.jpg?t=xoxe-241025725265-384508339281-384508339409-5b92d26397ce6b615c24d77267fe6bb3",
            "thumb_80": "https:\/\/files.slack.com\/files-tmb\/T730RMB7T-F9UMGFNPQ-b57242c629\/whatsapp_image_2018-03-21_at_2.12.43_pm__1__80.jpg?t=xoxe-241025725265-384508339281-384508339409-5b92d26397ce6b615c24d77267fe6bb3",
            "thumb_360": "https:\/\/files.slack.com\/files-tmb\/T730RMB7T-F9UMGFNPQ-b57242c629\/whatsapp_image_2018-03-21_at_2.12.43_pm__1__360.jpg?t=xoxe-241025725265-384508339281-384508339409-5b92d26397ce6b615c24d77267fe6bb3",
            "thumb_360_w": 360,
            "thumb_360_h": 203,
            "thumb_480": "https:\/\/files.slack.com\/files-tmb\/T730RMB7T-F9UMGFNPQ-b57242c629\/whatsapp_image_2018-03-21_at_2.12.43_pm__1__480.jpg?t=xoxe-241025725265-384508339281-384508339409-5b92d26397ce6b615c24d77267fe6bb3",
            "thumb_480_w": 480,
            "thumb_480_h": 270,
            "thumb_160": "https:\/\/files.slack.com\/files-tmb\/T730RMB7T-F9UMGFNPQ-b57242c629\/whatsapp_image_2018-03-21_at_2.12.43_pm__1__160.jpg?t=xoxe-241025725265-384508339281-384508339409-5b92d26397ce6b615c24d77267fe6bb3",
            "thumb_720": "https:\/\/files.slack.com\/files-tmb\/T730RMB7T-F9UMGFNPQ-b57242c629\/whatsapp_image_2018-03-21_at_2.12.43_pm__1__720.jpg?t=xoxe-241025725265-384508339281-384508339409-5b92d26397ce6b615c24d77267fe6bb3",
            "thumb_720_w": 720,
            "thumb_720_h": 405,
            "thumb_800": "https:\/\/files.slack.com\/files-tmb\/T730RMB7T-F9UMGFNPQ-b57242c629\/whatsapp_image_2018-03-21_at_2.12.43_pm__1__800.jpg?t=xoxe-241025725265-384508339281-384508339409-5b92d26397ce6b615c24d77267fe6bb3",
            "thumb_800_w": 800,
            "thumb_800_h": 450,
            "thumb_960": "https:\/\/files.slack.com\/files-tmb\/T730RMB7T-F9UMGFNPQ-b57242c629\/whatsapp_image_2018-03-21_at_2.12.43_pm__1__960.jpg?t=xoxe-241025725265-384508339281-384508339409-5b92d26397ce6b615c24d77267fe6bb3",
            "thumb_960_w": 960,
            "thumb_960_h": 540,
            "thumb_1024": "https:\/\/files.slack.com\/files-tmb\/T730RMB7T-F9UMGFNPQ-b57242c629\/whatsapp_image_2018-03-21_at_2.12.43_pm__1__1024.jpg?t=xoxe-241025725265-384508339281-384508339409-5b92d26397ce6b615c24d77267fe6bb3",
            "thumb_1024_w": 1024,
            "thumb_1024_h": 576,
            "image_exif_rotation": 1,
            "original_w": 1328,
            "original_h": 747,
            "permalink": "https:\/\/mpinfotech.slack.com\/files\/U8GC9C5M1\/F9UMGFNPQ\/whatsapp_image_2018-03-21_at_2.12.43_pm__1_.jpeg",
            "permalink_public": "https:\/\/slack-files.com\/T730RMB7T-F9UMGFNPQ-4d0b95e1bb",
            "channels": [],
            "groups": [],
            "ims": [],
            "comments_count": 0
        },
        "user": "U8GC9C5M1",
        "upload": true,
        "display_as_bot": false,
        "username": "john",
        "bot_id": null,
        "ts": "1521659670.000405"
    },
    {
        "type": "message",
        "subtype": "file_share",
        "text": "<@U8GC9C5M1> uploaded a file: <https:\/\/mpinfotech.slack.com\/files\/U8GC9C5M1\/F9T739HTJ\/whatsapp_image_2018-03-21_at_2.12.43_pm__2_.jpeg|2>",
        "file": {
            "id": "F9T739HTJ",
            "created": 1521659678,
            "timestamp": 1521659678,
            "name": "WhatsApp Image 2018-03-21 at 2.12.43 PM (2).jpeg",
            "title": "2",
            "mimetype": "image\/jpeg",
            "filetype": "jpg",
            "pretty_type": "JPEG",
            "user": "U8GC9C5M1",
            "editable": false,
            "size": 62740,
            "mode": "hosted",
            "is_external": false,
            "external_type": "",
            "is_public": true,
            "public_url_shared": false,
            "display_as_bot": false,
            "username": "",
            "url_private": "https:\/\/files.slack.com\/files-pri\/T730RMB7T-F9T739HTJ\/whatsapp_image_2018-03-21_at_2.12.43_pm__2_.jpeg?t=xoxe-241025725265-384508339281-384508339409-5b92d26397ce6b615c24d77267fe6bb3",
            "url_private_download": "https:\/\/files.slack.com\/files-pri\/T730RMB7T-F9T739HTJ\/download\/whatsapp_image_2018-03-21_at_2.12.43_pm__2_.jpeg?t=xoxe-241025725265-384508339281-384508339409-5b92d26397ce6b615c24d77267fe6bb3",
            "thumb_64": "https:\/\/files.slack.com\/files-tmb\/T730RMB7T-F9T739HTJ-c3e4157b43\/whatsapp_image_2018-03-21_at_2.12.43_pm__2__64.jpg?t=xoxe-241025725265-384508339281-384508339409-5b92d26397ce6b615c24d77267fe6bb3",
            "thumb_80": "https:\/\/files.slack.com\/files-tmb\/T730RMB7T-F9T739HTJ-c3e4157b43\/whatsapp_image_2018-03-21_at_2.12.43_pm__2__80.jpg?t=xoxe-241025725265-384508339281-384508339409-5b92d26397ce6b615c24d77267fe6bb3",
            "thumb_360": "https:\/\/files.slack.com\/files-tmb\/T730RMB7T-F9T739HTJ-c3e4157b43\/whatsapp_image_2018-03-21_at_2.12.43_pm__2__360.jpg?t=xoxe-241025725265-384508339281-384508339409-5b92d26397ce6b615c24d77267fe6bb3",
            "thumb_360_w": 360,
            "thumb_360_h": 203,
            "thumb_480": "https:\/\/files.slack.com\/files-tmb\/T730RMB7T-F9T739HTJ-c3e4157b43\/whatsapp_image_2018-03-21_at_2.12.43_pm__2__480.jpg?t=xoxe-241025725265-384508339281-384508339409-5b92d26397ce6b615c24d77267fe6bb3",
            "thumb_480_w": 480,
            "thumb_480_h": 270,
            "thumb_160": "https:\/\/files.slack.com\/files-tmb\/T730RMB7T-F9T739HTJ-c3e4157b43\/whatsapp_image_2018-03-21_at_2.12.43_pm__2__160.jpg?t=xoxe-241025725265-384508339281-384508339409-5b92d26397ce6b615c24d77267fe6bb3",
            "thumb_720": "https:\/\/files.slack.com\/files-tmb\/T730RMB7T-F9T739HTJ-c3e4157b43\/whatsapp_image_2018-03-21_at_2.12.43_pm__2__720.jpg?t=xoxe-241025725265-384508339281-384508339409-5b92d26397ce6b615c24d77267fe6bb3",
            "thumb_720_w": 720,
            "thumb_720_h": 405,
            "thumb_800": "https:\/\/files.slack.com\/files-tmb\/T730RMB7T-F9T739HTJ-c3e4157b43\/whatsapp_image_2018-03-21_at_2.12.43_pm__2__800.jpg?t=xoxe-241025725265-384508339281-384508339409-5b92d26397ce6b615c24d77267fe6bb3",
            "thumb_800_w": 800,
            "thumb_800_h": 450,
            "thumb_960": "https:\/\/files.slack.com\/files-tmb\/T730RMB7T-F9T739HTJ-c3e4157b43\/whatsapp_image_2018-03-21_at_2.12.43_pm__2__960.jpg?t=xoxe-241025725265-384508339281-384508339409-5b92d26397ce6b615c24d77267fe6bb3",
            "thumb_960_w": 960,
            "thumb_960_h": 540,
            "thumb_1024": "https:\/\/files.slack.com\/files-tmb\/T730RMB7T-F9T739HTJ-c3e4157b43\/whatsapp_image_2018-03-21_at_2.12.43_pm__2__1024.jpg?t=xoxe-241025725265-384508339281-384508339409-5b92d26397ce6b615c24d77267fe6bb3",
            "thumb_1024_w": 1024,
            "thumb_1024_h": 576,
            "image_exif_rotation": 1,
            "original_w": 1328,
            "original_h": 747,
            "permalink": "https:\/\/mpinfotech.slack.com\/files\/U8GC9C5M1\/F9T739HTJ\/whatsapp_image_2018-03-21_at_2.12.43_pm__2_.jpeg",
            "permalink_public": "https:\/\/slack-files.com\/T730RMB7T-F9T739HTJ-759a9493d2",
            "channels": [],
            "groups": [],
            "ims": [],
            "comments_count": 0
        },
        "user": "U8GC9C5M1",
        "upload": true,
        "display_as_bot": false,
        "username": "john",
        "bot_id": null,
        "ts": "1521659683.000066"
    },
    {
        "type": "message",
        "subtype": "file_share",
        "text": "<@U8GC9C5M1> uploaded a file: <https:\/\/mpinfotech.slack.com\/files\/U8GC9C5M1\/F9TSFAG02\/whatsapp_image_2018-03-21_at_2.12.43_pm.jpeg|3>",
        "file": {
            "id": "F9TSFAG02",
            "created": 1521659683,
            "timestamp": 1521659683,
            "name": "WhatsApp Image 2018-03-21 at 2.12.43 PM.jpeg",
            "title": "3",
            "mimetype": "image\/jpeg",
            "filetype": "jpg",
            "pretty_type": "JPEG",
            "user": "U8GC9C5M1",
            "editable": false,
            "size": 55596,
            "mode": "hosted",
            "is_external": false,
            "external_type": "",
            "is_public": true,
            "public_url_shared": false,
            "display_as_bot": false,
            "username": "",
            "url_private": "https:\/\/files.slack.com\/files-pri\/T730RMB7T-F9TSFAG02\/whatsapp_image_2018-03-21_at_2.12.43_pm.jpeg?t=xoxe-241025725265-384508339281-384508339409-5b92d26397ce6b615c24d77267fe6bb3",
            "url_private_download": "https:\/\/files.slack.com\/files-pri\/T730RMB7T-F9TSFAG02\/download\/whatsapp_image_2018-03-21_at_2.12.43_pm.jpeg?t=xoxe-241025725265-384508339281-384508339409-5b92d26397ce6b615c24d77267fe6bb3",
            "thumb_64": "https:\/\/files.slack.com\/files-tmb\/T730RMB7T-F9TSFAG02-27d66bb7dc\/whatsapp_image_2018-03-21_at_2.12.43_pm_64.jpg?t=xoxe-241025725265-384508339281-384508339409-5b92d26397ce6b615c24d77267fe6bb3",
            "thumb_80": "https:\/\/files.slack.com\/files-tmb\/T730RMB7T-F9TSFAG02-27d66bb7dc\/whatsapp_image_2018-03-21_at_2.12.43_pm_80.jpg?t=xoxe-241025725265-384508339281-384508339409-5b92d26397ce6b615c24d77267fe6bb3",
            "thumb_360": "https:\/\/files.slack.com\/files-tmb\/T730RMB7T-F9TSFAG02-27d66bb7dc\/whatsapp_image_2018-03-21_at_2.12.43_pm_360.jpg?t=xoxe-241025725265-384508339281-384508339409-5b92d26397ce6b615c24d77267fe6bb3",
            "thumb_360_w": 360,
            "thumb_360_h": 203,
            "thumb_480": "https:\/\/files.slack.com\/files-tmb\/T730RMB7T-F9TSFAG02-27d66bb7dc\/whatsapp_image_2018-03-21_at_2.12.43_pm_480.jpg?t=xoxe-241025725265-384508339281-384508339409-5b92d26397ce6b615c24d77267fe6bb3",
            "thumb_480_w": 480,
            "thumb_480_h": 270,
            "thumb_160": "https:\/\/files.slack.com\/files-tmb\/T730RMB7T-F9TSFAG02-27d66bb7dc\/whatsapp_image_2018-03-21_at_2.12.43_pm_160.jpg?t=xoxe-241025725265-384508339281-384508339409-5b92d26397ce6b615c24d77267fe6bb3",
            "thumb_720": "https:\/\/files.slack.com\/files-tmb\/T730RMB7T-F9TSFAG02-27d66bb7dc\/whatsapp_image_2018-03-21_at_2.12.43_pm_720.jpg?t=xoxe-241025725265-384508339281-384508339409-5b92d26397ce6b615c24d77267fe6bb3",
            "thumb_720_w": 720,
            "thumb_720_h": 405,
            "thumb_800": "https:\/\/files.slack.com\/files-tmb\/T730RMB7T-F9TSFAG02-27d66bb7dc\/whatsapp_image_2018-03-21_at_2.12.43_pm_800.jpg?t=xoxe-241025725265-384508339281-384508339409-5b92d26397ce6b615c24d77267fe6bb3",
            "thumb_800_w": 800,
            "thumb_800_h": 450,
            "thumb_960": "https:\/\/files.slack.com\/files-tmb\/T730RMB7T-F9TSFAG02-27d66bb7dc\/whatsapp_image_2018-03-21_at_2.12.43_pm_960.jpg?t=xoxe-241025725265-384508339281-384508339409-5b92d26397ce6b615c24d77267fe6bb3",
            "thumb_960_w": 960,
            "thumb_960_h": 540,
            "thumb_1024": "https:\/\/files.slack.com\/files-tmb\/T730RMB7T-F9TSFAG02-27d66bb7dc\/whatsapp_image_2018-03-21_at_2.12.43_pm_1024.jpg?t=xoxe-241025725265-384508339281-384508339409-5b92d26397ce6b615c24d77267fe6bb3",
            "thumb_1024_w": 1024,
            "thumb_1024_h": 576,
            "image_exif_rotation": 1,
            "original_w": 1328,
            "original_h": 747,
            "permalink": "https:\/\/mpinfotech.slack.com\/files\/U8GC9C5M1\/F9TSFAG02\/whatsapp_image_2018-03-21_at_2.12.43_pm.jpeg",
            "permalink_public": "https:\/\/slack-files.com\/T730RMB7T-F9TSFAG02-642d5b75bd",
            "channels": [],
            "groups": [],
            "ims": [],
            "comments_count": 0
        },
        "user": "U8GC9C5M1",
        "upload": true,
        "display_as_bot": false,
        "username": "john",
        "bot_id": null,
        "ts": "1521659687.000498"
    },
    {
        "type": "message",
        "user": "U730RMBB3",
        "text": "So do you think it helped you understand security in a more practical sense?",
        "ts": "1521659766.000698"
    },
    {
        "type": "message",
        "user": "U8GC9C5M1",
        "text": "Yes, it certainly helped to talk to people on how they were implementing security in their companies and projects.",
        "edited": {
            "user": "U8GC9C5M1",
            "ts": "1521659873.000000"
        },
        "ts": "1521659861.000618"
    },
    {
        "type": "message",
        "user": "U730RMBB3",
        "text": "yep, these sort of conventions really give an insight to security at a high level, we can then try and use that knowledge to delve into security at a lower more technical level.",
        "ts": "1521659930.000277"
    },
    {
        "type": "message",
        "user": "U746RD3SN",
        "text": "Thanks for sharing",
        "ts": "1521661223.000020"
    }
]