[
    {
        "type": "message",
        "user": "U746RD3SN",
        "text": "John \/ Parvathi, please work with Vidyulatha and Siva on the Alertlogic logger installation and syslog and application configuration to receive the logs and validate.",
        "client_msg_id": "7f34564f-773a-4394-bb55-c184cfcebdb7",
        "ts": "1528982103.000622"
    },
    {
        "type": "message",
        "user": "U746RD3SN",
        "text": "John \/ Parvathi once Vidyulatha and team completes the server sizing, you need to make sure that specific AMI you have the hardened versions ready.",
        "client_msg_id": "74d7c46e-befe-4196-b58f-cd47d288e27d",
        "ts": "1528982132.000556"
    },
    {
        "type": "message",
        "user": "U746RD3SN",
        "text": "John \/ Parvathi also we need the Apache hardened",
        "client_msg_id": "7638f3ab-b815-4564-9754-e8f39fa60c12",
        "ts": "1528982180.000559"
    },
    {
        "type": "message",
        "user": "U746RD3SN",
        "text": "<https:\/\/docs.alertlogic.com\/install\/alert-logic-agent-linux.htm#downloadAgent>",
        "client_msg_id": "f4fb51a3-51e6-4e6e-aa03-f435eafd5ae0",
        "attachments": [
            {
                "title": "How To Install The Alert Logic Agent For Linux",
                "title_link": "https:\/\/docs.alertlogic.com\/install\/alert-logic-agent-linux.htm#downloadAgent",
                "text": "Installing the Alert Logic Agent for Linux is a hassle free process. Follow this simple guide to ensure the agent is installed properly.",
                "fallback": "How To Install The Alert Logic Agent For Linux",
                "from_url": "https:\/\/docs.alertlogic.com\/install\/alert-logic-agent-linux.htm#downloadAgent",
                "service_icon": "https:\/\/docs.alertlogic.com\/Skins\/Favicons\/AlertLogic_Logo_2C_RGB_V_Standard.png",
                "service_name": "docs.alertlogic.com",
                "id": 1,
                "original_url": "https:\/\/docs.alertlogic.com\/install\/alert-logic-agent-linux.htm#downloadAgent"
            }
        ],
        "ts": "1528982477.000566"
    },
    {
        "type": "message",
        "user": "U746RD3SN",
        "text": "try this in MPIT LAB",
        "client_msg_id": "80dcb0fe-c53d-4bef-8007-d9007028f5d2",
        "ts": "1528982486.000386"
    },
    {
        "type": "message",
        "user": "U9MF5E7PF",
        "text": "I installed the Alert logic agent on ubuntu instance with ansible role from terraform.",
        "client_msg_id": "019ac5c7-591d-459e-86bb-30a8d02e296a",
        "ts": "1528984130.000399"
    },
    {
        "type": "message",
        "user": "U9MF5E7PF",
        "text": "```ubuntu@ip-172-31-0-246:~$ sudo \/etc\/init.d\/al-agent status\nal-agent is running with pid 8420.\nubuntu@ip-172-31-0-246:~$ sudo ps -eaf|grep al-agent\nroot      8420     1  0 13:44 ?        00:00:00 \/var\/alertlogic\/lib\/agent\/bin\/al-agent -d\n```",
        "client_msg_id": "d81eabd2-4447-41d3-9355-44d839e00d3f",
        "ts": "1528984145.001042"
    },
    {
        "type": "message",
        "user": "U746RD3SN",
        "text": "Ok cool",
        "client_msg_id": "84E8E09D-2403-4B3B-9A4B-7990F5B17A04",
        "ts": "1528986393.000586"
    },
    {
        "type": "message",
        "user": "U746RD3SN",
        "text": "We need the logger",
        "client_msg_id": "6C79E797-EA3B-49EE-8AFB-4AE72A0174CB",
        "ts": "1528986401.000122"
    },
    {
        "type": "message",
        "user": "U8GC9C5M1",
        "text": "Got it sir",
        "client_msg_id": "925649a9-6171-475e-b473-ea99db9a8154",
        "ts": "1528996049.000576"
    },
    {
        "type": "message",
        "user": "U746RD3SN",
        "text": "call my mobile John",
        "client_msg_id": "bda27159-081c-4689-b63f-fb7175b8c52c",
        "ts": "1528996063.000230"
    },
    {
        "type": "message",
        "user": "U746RD3SN",
        "text": "Team i attended a webcast yesterday for Forcepoint for which we are a partner.",
        "client_msg_id": "29949dae-8cfd-4ee5-ac18-43d627c1711a",
        "ts": "1528998063.000205"
    },
    {
        "type": "message",
        "user": "U746RD3SN",
        "text": "We hope you enjoyed our webcast. \n\nTo access the presentation deck, click on the link below: \n<https:\/\/go.forcepoint.com\/rs\/018-NKF-008\/images\/Forcepoint%20CASB.Webinar%20deep-dive.pdf>",
        "client_msg_id": "8af7eadd-5641-4798-a906-d47285c60229",
        "ts": "1528998066.000009"
    },
    {
        "type": "message",
        "user": "U746RD3SN",
        "text": "If you would like to revisit this webcast session please follow the link below to access the recording: \n<https:\/\/na31.salesforce.com\/069370000027tYe>",
        "client_msg_id": "bbcba6e6-2f5c-456e-9ad3-f005ad266200",
        "ts": "1528998110.000380"
    },
    {
        "type": "message",
        "user": "U746RD3SN",
        "text": "If you would like to revisit this webcast session please follow the link below to access the recording: \n<https:\/\/na31.salesforce.com\/069370000027tYe>",
        "client_msg_id": "810e1480-0c95-429e-aefb-5b5a948990a0",
        "ts": "1528998124.000786"
    },
    {
        "type": "message",
        "subtype": "file_share",
        "text": "<@U746RD3SN> uploaded a file: <https:\/\/mpinfotech.slack.com\/files\/U746RD3SN\/FB7BK1WP2\/alert_logic_threat_manager_for_activewatch_solution_overview.pdf|Alert_Logic_Threat_Manager_for_ActiveWatch_Solution_Overview.pdf>",
        "file": {
            "id": "FB7BK1WP2",
            "created": 1529032324,
            "timestamp": 1529032324,
            "name": "Alert_Logic_Threat_Manager_for_ActiveWatch_Solution_Overview.pdf",
            "title": "Alert_Logic_Threat_Manager_for_ActiveWatch_Solution_Overview.pdf",
            "mimetype": "application\/pdf",
            "filetype": "pdf",
            "pretty_type": "PDF",
            "user": "U746RD3SN",
            "editable": false,
            "size": 768608,
            "mode": "hosted",
            "is_external": false,
            "external_type": "",
            "is_public": true,
            "public_url_shared": false,
            "display_as_bot": false,
            "username": "",
            "url_private": "https:\/\/files.slack.com\/files-pri\/T730RMB7T-FB7BK1WP2\/alert_logic_threat_manager_for_activewatch_solution_overview.pdf?t=xoxe-241025725265-384508339281-384508339409-5b92d26397ce6b615c24d77267fe6bb3",
            "url_private_download": "https:\/\/files.slack.com\/files-pri\/T730RMB7T-FB7BK1WP2\/download\/alert_logic_threat_manager_for_activewatch_solution_overview.pdf?t=xoxe-241025725265-384508339281-384508339409-5b92d26397ce6b615c24d77267fe6bb3",
            "thumb_pdf": "https:\/\/files.slack.com\/files-tmb\/T730RMB7T-FB7BK1WP2-c4a38f6481\/alert_logic_threat_manager_for_activewatch_solution_overview_thumb_pdf.png?t=xoxe-241025725265-384508339281-384508339409-5b92d26397ce6b615c24d77267fe6bb3",
            "thumb_pdf_w": 935,
            "thumb_pdf_h": 1210,
            "permalink": "https:\/\/mpinfotech.slack.com\/files\/U746RD3SN\/FB7BK1WP2\/alert_logic_threat_manager_for_activewatch_solution_overview.pdf",
            "permalink_public": "https:\/\/slack-files.com\/T730RMB7T-FB7BK1WP2-6e2560072b",
            "channels": [],
            "groups": [],
            "ims": [],
            "comments_count": 0
        },
        "user": "U746RD3SN",
        "upload": true,
        "display_as_bot": false,
        "username": "mmurali",
        "bot_id": null,
        "ts": "1529032325.000142"
    },
    {
        "type": "message",
        "subtype": "file_share",
        "text": "<@U746RD3SN> uploaded a file: <https:\/\/mpinfotech.slack.com\/files\/U746RD3SN\/FB82NRR42\/alert-logic-master-terms-conditions-us-20180301.pdf|Alert-Logic-Master-Terms-Conditions-US-20180301.pdf>",
        "file": {
            "id": "FB82NRR42",
            "created": 1529032391,
            "timestamp": 1529032391,
            "name": "Alert-Logic-Master-Terms-Conditions-US-20180301.pdf",
            "title": "Alert-Logic-Master-Terms-Conditions-US-20180301.pdf",
            "mimetype": "application\/pdf",
            "filetype": "pdf",
            "pretty_type": "PDF",
            "user": "U746RD3SN",
            "editable": false,
            "size": 299615,
            "mode": "hosted",
            "is_external": false,
            "external_type": "",
            "is_public": true,
            "public_url_shared": false,
            "display_as_bot": false,
            "username": "",
            "url_private": "https:\/\/files.slack.com\/files-pri\/T730RMB7T-FB82NRR42\/alert-logic-master-terms-conditions-us-20180301.pdf?t=xoxe-241025725265-384508339281-384508339409-5b92d26397ce6b615c24d77267fe6bb3",
            "url_private_download": "https:\/\/files.slack.com\/files-pri\/T730RMB7T-FB82NRR42\/download\/alert-logic-master-terms-conditions-us-20180301.pdf?t=xoxe-241025725265-384508339281-384508339409-5b92d26397ce6b615c24d77267fe6bb3",
            "thumb_pdf": "https:\/\/files.slack.com\/files-tmb\/T730RMB7T-FB82NRR42-8fdfe2b43a\/alert-logic-master-terms-conditions-us-20180301_thumb_pdf.png?t=xoxe-241025725265-384508339281-384508339409-5b92d26397ce6b615c24d77267fe6bb3",
            "thumb_pdf_w": 935,
            "thumb_pdf_h": 1210,
            "permalink": "https:\/\/mpinfotech.slack.com\/files\/U746RD3SN\/FB82NRR42\/alert-logic-master-terms-conditions-us-20180301.pdf",
            "permalink_public": "https:\/\/slack-files.com\/T730RMB7T-FB82NRR42-9af21ca986",
            "channels": [],
            "groups": [],
            "ims": [],
            "comments_count": 0
        },
        "user": "U746RD3SN",
        "upload": true,
        "display_as_bot": false,
        "username": "mmurali",
        "bot_id": null,
        "ts": "1529032392.000171"
    }
]