[
    {
        "type": "message",
        "user": "U746RD3SN",
        "text": "US team i want the following to be followed by every one. A) send an update end of the day what you learnt and worked. B) if you cannot work or train for the email needs to be send to <mailto:mmurali@mpinfotech.com|mmurali@mpinfotech.com>. \n\nIts a discipline that we need to have as a team and is being strictly enforced.\n\nAlso moving forward there will be monthly performance feedback &amp; review where you will have to present what you have learnt or worked on.",
        "ts": "1514991015.000649"
    },
    {
        "type": "message",
        "user": "U8GC9C5M1",
        "text": "I understand, sir. Will do.",
        "ts": "1515011536.000645"
    }
]