[
    {
        "user": "U746RD3SN",
        "text": "<@U746RD3SN> has joined the channel",
        "type": "message",
        "subtype": "channel_join",
        "ts": "1521577118.000789"
    },
    {
        "user": "U746RD3SN",
        "purpose": "discussion on AWS Certifications",
        "text": "<@U746RD3SN> set the channel purpose: discussion on AWS Certifications",
        "type": "message",
        "subtype": "channel_purpose",
        "ts": "1521577119.000125"
    },
    {
        "user": "U9MF5E7PF",
        "text": "<@U9MF5E7PF> has joined the channel",
        "type": "message",
        "subtype": "channel_join",
        "ts": "1521577216.000736"
    },
    {
        "user": "U9R2J9HCG",
        "text": "<@U9R2J9HCG> has joined the channel",
        "type": "message",
        "subtype": "channel_join",
        "ts": "1521589841.000277"
    },
    {
        "type": "message",
        "user": "U9R2J9HCG",
        "text": "Having Issues... When trying to access the \"AWS Business Professional - Module 2: AWS Products and Services\", the window is directly going to the Corresponding Assessment. Did anyone face this issue?",
        "ts": "1521589971.000230"
    },
    {
        "type": "message",
        "user": "U9MF5E7PF",
        "text": "Yes Matt . For me also directly its going to assessment page.",
        "ts": "1521593638.000093"
    },
    {
        "type": "message",
        "user": "U9R2J9HCG",
        "text": "Guess we both are in the same boat...",
        "ts": "1521594158.000011"
    },
    {
        "user": "U8AJ8835X",
        "text": "<@U8AJ8835X> has joined the channel",
        "type": "message",
        "subtype": "channel_join",
        "ts": "1521594715.000069"
    },
    {
        "type": "message",
        "user": "U746RD3SN",
        "text": "Team standby, will send screen shots",
        "client_msg_id": "72433DA1-ECD5-4567-BAF0-E815C1EF9D22",
        "ts": "1521597328.000021"
    },
    {
        "type": "message",
        "user": "U746RD3SN",
        "text": "Once you login you will land in this page",
        "ts": "1521601766.000162"
    },
    {
        "type": "message",
        "subtype": "file_share",
        "text": "<@U746RD3SN> uploaded a file: <https:\/\/mpinfotech.slack.com\/files\/U746RD3SN\/F9TF0BDM3\/image.png|AWS Partner-net portal landing page> and commented: Once you login please see the circled 2 training. Kindly go through them. Any questions email me",
        "file": {
            "id": "F9TF0BDM3",
            "created": 1521601889,
            "timestamp": 1521601889,
            "name": "image.png",
            "title": "AWS Partner-net portal landing page",
            "mimetype": "image\/png",
            "filetype": "png",
            "pretty_type": "PNG",
            "user": "U746RD3SN",
            "editable": false,
            "size": 302704,
            "mode": "hosted",
            "is_external": false,
            "external_type": "",
            "is_public": true,
            "public_url_shared": false,
            "display_as_bot": false,
            "username": "",
            "url_private": "https:\/\/files.slack.com\/files-pri\/T730RMB7T-F9TF0BDM3\/image.png?t=xoxe-241025725265-384508339281-384508339409-5b92d26397ce6b615c24d77267fe6bb3",
            "url_private_download": "https:\/\/files.slack.com\/files-pri\/T730RMB7T-F9TF0BDM3\/download\/image.png?t=xoxe-241025725265-384508339281-384508339409-5b92d26397ce6b615c24d77267fe6bb3",
            "thumb_64": "https:\/\/files.slack.com\/files-tmb\/T730RMB7T-F9TF0BDM3-7999b66aa0\/image_64.png?t=xoxe-241025725265-384508339281-384508339409-5b92d26397ce6b615c24d77267fe6bb3",
            "thumb_80": "https:\/\/files.slack.com\/files-tmb\/T730RMB7T-F9TF0BDM3-7999b66aa0\/image_80.png?t=xoxe-241025725265-384508339281-384508339409-5b92d26397ce6b615c24d77267fe6bb3",
            "thumb_360": "https:\/\/files.slack.com\/files-tmb\/T730RMB7T-F9TF0BDM3-7999b66aa0\/image_360.png?t=xoxe-241025725265-384508339281-384508339409-5b92d26397ce6b615c24d77267fe6bb3",
            "thumb_360_w": 360,
            "thumb_360_h": 202,
            "thumb_480": "https:\/\/files.slack.com\/files-tmb\/T730RMB7T-F9TF0BDM3-7999b66aa0\/image_480.png?t=xoxe-241025725265-384508339281-384508339409-5b92d26397ce6b615c24d77267fe6bb3",
            "thumb_480_w": 480,
            "thumb_480_h": 269,
            "thumb_160": "https:\/\/files.slack.com\/files-tmb\/T730RMB7T-F9TF0BDM3-7999b66aa0\/image_160.png?t=xoxe-241025725265-384508339281-384508339409-5b92d26397ce6b615c24d77267fe6bb3",
            "thumb_720": "https:\/\/files.slack.com\/files-tmb\/T730RMB7T-F9TF0BDM3-7999b66aa0\/image_720.png?t=xoxe-241025725265-384508339281-384508339409-5b92d26397ce6b615c24d77267fe6bb3",
            "thumb_720_w": 720,
            "thumb_720_h": 404,
            "thumb_800": "https:\/\/files.slack.com\/files-tmb\/T730RMB7T-F9TF0BDM3-7999b66aa0\/image_800.png?t=xoxe-241025725265-384508339281-384508339409-5b92d26397ce6b615c24d77267fe6bb3",
            "thumb_800_w": 800,
            "thumb_800_h": 449,
            "thumb_960": "https:\/\/files.slack.com\/files-tmb\/T730RMB7T-F9TF0BDM3-7999b66aa0\/image_960.png?t=xoxe-241025725265-384508339281-384508339409-5b92d26397ce6b615c24d77267fe6bb3",
            "thumb_960_w": 960,
            "thumb_960_h": 539,
            "thumb_1024": "https:\/\/files.slack.com\/files-tmb\/T730RMB7T-F9TF0BDM3-7999b66aa0\/image_1024.png?t=xoxe-241025725265-384508339281-384508339409-5b92d26397ce6b615c24d77267fe6bb3",
            "thumb_1024_w": 1024,
            "thumb_1024_h": 574,
            "image_exif_rotation": 1,
            "original_w": 1927,
            "original_h": 1081,
            "permalink": "https:\/\/mpinfotech.slack.com\/files\/U746RD3SN\/F9TF0BDM3\/image.png",
            "permalink_public": "https:\/\/slack-files.com\/T730RMB7T-F9TF0BDM3-161081f16c",
            "channels": [],
            "groups": [],
            "ims": [],
            "comments_count": 1,
            "initial_comment": {
                "id": "Fc9U6NQ9T8",
                "created": 1521601889,
                "timestamp": 1521601889,
                "user": "U746RD3SN",
                "is_intro": true,
                "comment": "Once you login please see the circled 2 training. Kindly go through them. Any questions email me"
            }
        },
        "user": "U746RD3SN",
        "upload": true,
        "display_as_bot": false,
        "username": "mmurali",
        "bot_id": null,
        "ts": "1521601892.000197"
    },
    {
        "type": "message",
        "user": "U746RD3SN",
        "text": "Please confirm that you are able to see the above page once u login to APN.",
        "ts": "1521601992.000149"
    },
    {
        "type": "message",
        "user": "U9MF5E7PF",
        "text": "<@U746RD3SN> I cant see those 2 tabs. I can see only Events and updates on home page.",
        "ts": "1521604114.000117"
    },
    {
        "type": "message",
        "user": "U746RD3SN",
        "text": "what is u r screen showing",
        "ts": "1521605110.000176"
    },
    {
        "type": "message",
        "user": "U746RD3SN",
        "text": "<https:\/\/aws.amazon.com\/partners\/training\/>",
        "attachments": [
            {
                "service_name": "Amazon Web Services, Inc.",
                "title": "Partner Training &amp; Certification",
                "title_link": "https:\/\/aws.amazon.com\/partners\/training\/",
                "text": "Training and AWS Certification resources for AWS APN Partners.",
                "fallback": "Amazon Web Services, Inc.: Partner Training &amp; Certification",
                "thumb_url": "https:\/\/a0.awsstatic.com\/main\/images\/logos\/aws_logo_smile_179x109.png",
                "from_url": "https:\/\/aws.amazon.com\/partners\/training\/",
                "thumb_width": 179,
                "thumb_height": 109,
                "service_icon": "https:\/\/a0.awsstatic.com\/main\/images\/site\/touch-icon-iphone-114-smile.png",
                "id": 1
            }
        ],
        "ts": "1521605141.000140"
    },
    {
        "type": "message",
        "user": "U746RD3SN",
        "text": "once logged in see if u r able to access this link",
        "ts": "1521605156.000179"
    },
    {
        "type": "message",
        "user": "U746RD3SN",
        "text": "and you will see Technical and Business.",
        "ts": "1521605168.000192"
    }
]