[
    {
        "type": "message",
        "user": "U9R2J9HCG",
        "text": "<@U746RD3SN> I have the two trainings. When I try to launch the Module 2 training under the Business Profession, its directly going to the Assessment Link of the Module 2 instead of the training.",
        "ts": "1521662538.000016"
    },
    {
        "type": "message",
        "user": "U746RD3SN",
        "text": "matt",
        "ts": "1521665811.000475"
    },
    {
        "type": "message",
        "user": "U746RD3SN",
        "text": "come on <http:\/\/uberconference.com\/akashnzenith|uberconference.com\/akashnzenith>",
        "ts": "1521665824.000279"
    }
]