[
    {
        "text": "",
        "username": "Trello",
        "bot_id": "B73M4DEVB",
        "attachments": [
            {
                "author_name": "Prasannasai Meruga",
                "fallback": "Prasannasai Meruga moved the card Test Slack integration from To Do to Done.",
                "text": "Moved *<https:\/\/trello.com\/c\/GJ7Dzpqc|Test Slack integration>* from *To Do* to *Done*.",
                "id": 1,
                "author_link": "https:\/\/trello.com\/prasannasaimeruga",
                "color": "0079BF",
                "mrkdwn_in": [
                    "text",
                    "pretext"
                ]
            }
        ],
        "type": "message",
        "subtype": "bot_message",
        "ts": "1505489619.000128"
    },
    {
        "text": "",
        "username": "Trello",
        "bot_id": "B73M4DEVB",
        "attachments": [
            {
                "author_name": "Prasannasai Meruga",
                "fallback": "Renamed list \"To Do\" to \"BackLog\" on board MPIT Tasks.",
                "text": "Renamed list \"To Do\" to *BackLog* on board *<https:\/\/trello.com\/b\/WhPb9Lo0|MPIT Tasks>*.",
                "id": 1,
                "author_link": "https:\/\/trello.com\/prasannasaimeruga",
                "color": "0079BF",
                "mrkdwn_in": [
                    "text",
                    "pretext"
                ]
            }
        ],
        "type": "message",
        "subtype": "bot_message",
        "ts": "1505489644.000193"
    },
    {
        "text": "",
        "username": "Trello",
        "bot_id": "B73M4DEVB",
        "attachments": [
            {
                "author_name": "Prasannasai Meruga",
                "fallback": "Renamed list \"Doing\" to \"Ready\" on board MPIT Tasks.",
                "text": "Renamed list \"Doing\" to *Ready* on board *<https:\/\/trello.com\/b\/WhPb9Lo0|MPIT Tasks>*.",
                "id": 1,
                "author_link": "https:\/\/trello.com\/prasannasaimeruga",
                "color": "0079BF",
                "mrkdwn_in": [
                    "text",
                    "pretext"
                ]
            }
        ],
        "type": "message",
        "subtype": "bot_message",
        "ts": "1505489652.000080"
    },
    {
        "text": "",
        "username": "Trello",
        "bot_id": "B73M4DEVB",
        "attachments": [
            {
                "author_name": "Prasannasai Meruga",
                "fallback": "Renamed list \"Done\" to \"In Progress\" on board MPIT Tasks.",
                "text": "Renamed list \"Done\" to *In Progress* on board *<https:\/\/trello.com\/b\/WhPb9Lo0|MPIT Tasks>*.",
                "id": 1,
                "author_link": "https:\/\/trello.com\/prasannasaimeruga",
                "color": "0079BF",
                "mrkdwn_in": [
                    "text",
                    "pretext"
                ]
            }
        ],
        "type": "message",
        "subtype": "bot_message",
        "ts": "1505489664.000331"
    },
    {
        "text": "",
        "username": "Trello",
        "bot_id": "B73M4DEVB",
        "attachments": [
            {
                "author_name": "Prasannasai Meruga",
                "fallback": "New list Done added to board MPIT Tasks.",
                "text": "Created new list *Done* on board *<https:\/\/trello.com\/b\/WhPb9Lo0|MPIT Tasks>*.",
                "id": 1,
                "author_link": "https:\/\/trello.com\/prasannasaimeruga",
                "color": "0079BF",
                "mrkdwn_in": [
                    "text",
                    "pretext"
                ]
            }
        ],
        "type": "message",
        "subtype": "bot_message",
        "ts": "1505489678.000169"
    },
    {
        "text": "",
        "username": "Trello",
        "bot_id": "B73M4DEVB",
        "attachments": [
            {
                "author_name": "Prasannasai Meruga",
                "fallback": "Prasannasai Meruga moved the card Test Slack integration from In Progress to Done.",
                "text": "Moved *<https:\/\/trello.com\/c\/GJ7Dzpqc|Test Slack integration>* from *In Progress* to *Done*.",
                "id": 1,
                "author_link": "https:\/\/trello.com\/prasannasaimeruga",
                "color": "0079BF",
                "mrkdwn_in": [
                    "text",
                    "pretext"
                ]
            }
        ],
        "type": "message",
        "subtype": "bot_message",
        "ts": "1505489682.000230"
    }
]