[
    {
        "type": "message",
        "user": "U746SCQ90",
        "text": "Hi , yesterday I have learned on Opsworks and S3 Buckets .. sorry for delayed response..",
        "ts": "1506611052.000473"
    },
    {
        "type": "message",
        "user": "U746RD3SN",
        "text": "Cloud Architecture team, the onpremise template is located here <https:\/\/drive.google.com\/drive\/folders\/0B836dVts86y8cXNSWXUwTkdtaVE>",
        "ts": "1506639248.000004"
    },
    {
        "type": "message",
        "user": "U746RD3SN",
        "text": "<https:\/\/drive.google.com\/open?id=0B836dVts86y8WXJDV1hqczM3c3M> use this link",
        "ts": "1506639314.000233"
    }
]