[
    {
        "type": "message",
        "user": "U761HUB8B",
        "text": "Today we created Vpc in cloudformation with Json script (created stack)",
        "ts": "1510157545.000187"
    },
    {
        "type": "message",
        "user": "U730RMBB3",
        "text": "Just some Reinforcement for all working in Devops and for those who don’t know the following.\n\nIf you're deploying stacks in Cloudformation, when you're deleting the stacks please check to see if any security groups also got deleted as well. \n\nAlong with deleting the security groups that were created via the stacks we need to make sure that the newly created VPCs are also deleted.\n\nWe have a region limit of 5 so whenever we hit that limit you’ll get authorization errors if you try and deploy more stacks. So make sure the newly made VPCs are deleted.",
        "ts": "1510159365.000046"
    },
    {
        "type": "message",
        "user": "U770EERUN",
        "text": "Ok Sir",
        "ts": "1510206422.000162"
    }
]