[
    {
        "text": "",
        "username": "Trello",
        "bot_id": "B73M4DEVB",
        "attachments": [
            {
                "author_name": "MMurali",
                "fallback": "MMurali removed tarun from card Everyone in cloud team please Install Virtual box on your laptop and then install Ubuntu client and server.",
                "text": "Removed *<https:\/\/trello.com\/tarun291|tarun>* from card *<https:\/\/trello.com\/c\/BmR4bZ6v|Everyone in cloud team please Install Virtual box on your laptop and then install Ubuntu client and server.>*",
                "id": 1,
                "author_link": "https:\/\/trello.com\/mmurali",
                "color": "0079BF",
                "mrkdwn_in": [
                    "text",
                    "pretext"
                ]
            }
        ],
        "type": "message",
        "subtype": "bot_message",
        "ts": "1507512840.000069"
    },
    {
        "text": "",
        "username": "Trello",
        "bot_id": "B73M4DEVB",
        "attachments": [
            {
                "author_name": "MMurali",
                "fallback": "MMurali removed guru from card Everyone in cloud team please Install Virtual box on your laptop and then install Ubuntu client and server.",
                "text": "Removed *<https:\/\/trello.com\/guru246|guru>* from card *<https:\/\/trello.com\/c\/BmR4bZ6v|Everyone in cloud team please Install Virtual box on your laptop and then install Ubuntu client and server.>*",
                "id": 1,
                "author_link": "https:\/\/trello.com\/mmurali",
                "color": "0079BF",
                "mrkdwn_in": [
                    "text",
                    "pretext"
                ]
            }
        ],
        "type": "message",
        "subtype": "bot_message",
        "ts": "1507512840.000071"
    },
    {
        "text": "",
        "username": "Trello",
        "bot_id": "B73M4DEVB",
        "attachments": [
            {
                "author_name": "MMurali",
                "fallback": "MMurali removed Vidyulatha D from card Everyone in cloud team please Install Virtual box on your laptop and then install Ubuntu client and server.",
                "text": "Removed *<https:\/\/trello.com\/vidyulathad1|Vidyulatha D>* from card *<https:\/\/trello.com\/c\/BmR4bZ6v|Everyone in cloud team please Install Virtual box on your laptop and then install Ubuntu client and server.>*",
                "id": 1,
                "author_link": "https:\/\/trello.com\/mmurali",
                "color": "0079BF",
                "mrkdwn_in": [
                    "text",
                    "pretext"
                ]
            }
        ],
        "type": "message",
        "subtype": "bot_message",
        "ts": "1507512840.000072"
    },
    {
        "text": "",
        "username": "Trello",
        "bot_id": "B73M4DEVB",
        "attachments": [
            {
                "author_name": "MMurali",
                "fallback": "MMurali removed Vamshi S from card Everyone in cloud team please Install Virtual box on your laptop and then install Ubuntu client and server.",
                "text": "Removed *<https:\/\/trello.com\/vamshis2|Vamshi S>* from card *<https:\/\/trello.com\/c\/BmR4bZ6v|Everyone in cloud team please Install Virtual box on your laptop and then install Ubuntu client and server.>*",
                "id": 1,
                "author_link": "https:\/\/trello.com\/mmurali",
                "color": "0079BF",
                "mrkdwn_in": [
                    "text",
                    "pretext"
                ]
            }
        ],
        "type": "message",
        "subtype": "bot_message",
        "ts": "1507512840.000073"
    },
    {
        "text": "",
        "username": "Trello",
        "bot_id": "B73M4DEVB",
        "attachments": [
            {
                "author_name": "MMurali",
                "fallback": "MMurali removed ramsai amrutham from card Everyone in cloud team please Install Virtual box on your laptop and then install Ubuntu client and server.",
                "text": "Removed *<https:\/\/trello.com\/ramsaiamrutham|ramsai amrutham>* from card *<https:\/\/trello.com\/c\/BmR4bZ6v|Everyone in cloud team please Install Virtual box on your laptop and then install Ubuntu client and server.>*",
                "id": 1,
                "author_link": "https:\/\/trello.com\/mmurali",
                "color": "0079BF",
                "mrkdwn_in": [
                    "text",
                    "pretext"
                ]
            }
        ],
        "type": "message",
        "subtype": "bot_message",
        "ts": "1507512840.000074"
    },
    {
        "text": "",
        "username": "Trello",
        "bot_id": "B73M4DEVB",
        "attachments": [
            {
                "author_name": "MMurali",
                "fallback": "MMurali left card Everyone in cloud team please Install Virtual box on your laptop and then install Ubuntu client and server..",
                "text": "Left card *<https:\/\/trello.com\/c\/BmR4bZ6v|Everyone in cloud team please Install Virtual box on your laptop and then install Ubuntu client and server.>*.",
                "id": 1,
                "author_link": "https:\/\/trello.com\/mmurali",
                "color": "0079BF",
                "mrkdwn_in": [
                    "text",
                    "pretext"
                ]
            }
        ],
        "type": "message",
        "subtype": "bot_message",
        "ts": "1507512840.000088"
    },
    {
        "text": "",
        "username": "Trello",
        "bot_id": "B73M4DEVB",
        "attachments": [
            {
                "author_name": "MMurali",
                "fallback": "MMurali removed <mailto:guru@mpinfotech.com|guru@mpinfotech.com> from card Everyone in cloud team please Install Virtual box on your laptop and then install Ubuntu client and server.",
                "text": "Removed *<https:\/\/trello.com\/gurumpinfotechcom|guru@mpinfotech.com>* from card *<https:\/\/trello.com\/c\/BmR4bZ6v|Everyone in cloud team please Install Virtual box on your laptop and then install Ubuntu client and server.>*",
                "id": 1,
                "author_link": "https:\/\/trello.com\/mmurali",
                "color": "0079BF",
                "mrkdwn_in": [
                    "text",
                    "pretext"
                ]
            }
        ],
        "type": "message",
        "subtype": "bot_message",
        "ts": "1507512841.000029"
    },
    {
        "text": "",
        "username": "Trello",
        "bot_id": "B73M4DEVB",
        "attachments": [
            {
                "author_name": "MMurali",
                "fallback": "MMurali added Vidyulatha D to card Everyone in cloud team please Install Virtual box on your laptop and then install Ubuntu client and server..",
                "text": "Added *<https:\/\/trello.com\/vidyulathad1|Vidyulatha D>* to card *<https:\/\/trello.com\/c\/BmR4bZ6v|Everyone in cloud team please Install Virtual box on your laptop and then install Ubuntu client and server.>*.",
                "id": 1,
                "author_link": "https:\/\/trello.com\/mmurali",
                "color": "0079BF",
                "mrkdwn_in": [
                    "text",
                    "pretext"
                ]
            }
        ],
        "type": "message",
        "subtype": "bot_message",
        "ts": "1507512841.000109"
    }
]