[
    {
        "type": "message",
        "user": "U730RMBB3",
        "text": "sg-d9492bab",
        "ts": "1509397186.000082"
    },
    {
        "type": "message",
        "user": "U730RMBB3",
        "text": "group id:^^",
        "ts": "1509397195.000319"
    },
    {
        "type": "message",
        "user": "U730RMBB3",
        "text": "name: dbsggroup",
        "ts": "1509397206.000001"
    },
    {
        "type": "message",
        "user": "U730RMBB3",
        "text": "group name: rds-launch-wizard-2",
        "ts": "1509397237.000547"
    }
]