[
    {
        "text": "",
        "username": "Trello",
        "bot_id": "B73M4DEVB",
        "attachments": [
            {
                "author_name": "MMurali",
                "fallback": "New card Cloud monitoring tools ( Nagios, Cacti, Cloudwatch, Gnaglia) added to list Backlog on board DevOps.",
                "text": "In list *Backlog* on *<https:\/\/trello.com\/b\/g6OdnM9b|DevOps>*.",
                "pretext": "New card created",
                "title": "Cloud monitoring tools ( Nagios, Cacti, Cloudwatch, Gnaglia)",
                "id": 1,
                "title_link": "https:\/\/trello.com\/c\/TeRIXhUX",
                "author_link": "https:\/\/trello.com\/mmurali",
                "color": "0079BF",
                "mrkdwn_in": [
                    "text",
                    "pretext"
                ]
            }
        ],
        "type": "message",
        "subtype": "bot_message",
        "ts": "1506271484.000017"
    },
    {
        "text": "",
        "username": "Trello",
        "bot_id": "B73M4DEVB",
        "attachments": [
            {
                "author_name": "MMurali",
                "fallback": "New card Architecture team needs to be familiar in VPN, Regions, subnets, HA and DR, AWS AMI architecture and development of machine templates and blueprints added to list Backlog on board DevOps.",
                "text": "In list *Backlog* on *<https:\/\/trello.com\/b\/g6OdnM9b|DevOps>*.",
                "pretext": "New card created",
                "title": "Architecture team needs to be familiar in VPN, Regions, subnets, HA and DR, AWS AMI architecture and development of machine templates and blueprints",
                "id": 1,
                "title_link": "https:\/\/trello.com\/c\/hPlTEti1",
                "author_link": "https:\/\/trello.com\/mmurali",
                "color": "0079BF",
                "mrkdwn_in": [
                    "text",
                    "pretext"
                ]
            }
        ],
        "type": "message",
        "subtype": "bot_message",
        "ts": "1506271733.000064"
    },
    {
        "text": "",
        "username": "Trello",
        "bot_id": "B73M4DEVB",
        "attachments": [
            {
                "author_name": "MMurali",
                "fallback": "New card Devops team having good working knowledge on Chef, puppet, Ansible, Jenkins added to list Backlog on board DevOps.",
                "text": "In list *Backlog* on *<https:\/\/trello.com\/b\/g6OdnM9b|DevOps>*.",
                "pretext": "New card created",
                "title": "Devops team having good working knowledge on Chef, puppet, Ansible, Jenkins",
                "id": 1,
                "title_link": "https:\/\/trello.com\/c\/Rfxch68m",
                "author_link": "https:\/\/trello.com\/mmurali",
                "color": "0079BF",
                "mrkdwn_in": [
                    "text",
                    "pretext"
                ]
            }
        ],
        "type": "message",
        "subtype": "bot_message",
        "ts": "1506271779.000052"
    },
    {
        "text": "",
        "username": "Trello",
        "bot_id": "B73M4DEVB",
        "attachments": [
            {
                "author_name": "MMurali",
                "fallback": "MMurali renamed the card \"Architecture team needs to be familiar in VPN, Regions, subnets, HA and DR, AWS AMI architecture and development of machine templates and blueprints\" to Architecture team needs to be familiar in VPN, Regions, subnets, HA and DR, AWS AMI architecture and development of machine templates and blueprints. Also scalable systems using ( load balancers, memcached, master slave architecture.",
                "text": "Renamed the card \"Architecture team needs to be familiar in VPN, Regions, subnets, HA and DR, AWS AMI architecture and development of machine templates and blueprints\" to *<https:\/\/trello.com\/c\/hPlTEti1|Architecture team needs to be familiar in VPN, Regions, subnets, HA and DR, AWS AMI architecture and development of machine templates and blueprints. Also scalable systems using ( load balancers, memcached, master slave architecture>*.",
                "id": 1,
                "author_link": "https:\/\/trello.com\/mmurali",
                "color": "0079BF",
                "mrkdwn_in": [
                    "text",
                    "pretext"
                ]
            }
        ],
        "type": "message",
        "subtype": "bot_message",
        "ts": "1506271920.000116"
    },
    {
        "text": "",
        "username": "Trello",
        "bot_id": "B73M4DEVB",
        "attachments": [
            {
                "author_name": "MMurali",
                "fallback": "New card Tools: packer, terraform, vagrant added to list Backlog on board DevOps.",
                "text": "In list *Backlog* on *<https:\/\/trello.com\/b\/g6OdnM9b|DevOps>*.",
                "pretext": "New card created",
                "title": "Tools: packer, terraform, vagrant",
                "id": 1,
                "title_link": "https:\/\/trello.com\/c\/PcvXCQob",
                "author_link": "https:\/\/trello.com\/mmurali",
                "color": "0079BF",
                "mrkdwn_in": [
                    "text",
                    "pretext"
                ]
            }
        ],
        "type": "message",
        "subtype": "bot_message",
        "ts": "1506272068.000017"
    },
    {
        "text": "",
        "username": "Trello",
        "bot_id": "B73M4DEVB",
        "attachments": [
            {
                "author_name": "Prasannasai Meruga",
                "fallback": "New card Give P.Sai your home IP (using <http:\/\/www.whatsmyip.org|www.whatsmyip.org>) so that everyone can access the MPIT Lab environment. added to list Backlog on board DevOps.",
                "text": "In list *Backlog* on *<https:\/\/trello.com\/b\/g6OdnM9b|DevOps>*.",
                "pretext": "New card created",
                "title": "Give P.Sai your home IP (using www.whatsmyip.org) so that everyone can access the MPIT Lab environment.",
                "id": 1,
                "title_link": "https:\/\/trello.com\/c\/LrCLUU88",
                "author_link": "https:\/\/trello.com\/prasannasaimeruga",
                "color": "0079BF",
                "mrkdwn_in": [
                    "text",
                    "pretext"
                ]
            }
        ],
        "type": "message",
        "subtype": "bot_message",
        "ts": "1506293244.000037"
    },
    {
        "text": "",
        "username": "Trello",
        "bot_id": "B73M4DEVB",
        "attachments": [
            {
                "author_name": "Prasannasai Meruga",
                "fallback": "Prasannasai Meruga moved the card Give P.Sai your home IP (using <http:\/\/www.whatsmyip.org|www.whatsmyip.org>) so that everyone can access the MPIT Lab environment. from Backlog to Ready.",
                "text": "Moved *<https:\/\/trello.com\/c\/LrCLUU88|Give P.Sai your home IP (using www.whatsmyip.org) so that everyone can access the MPIT Lab environment.>* from *Backlog* to *Ready*.",
                "id": 1,
                "author_link": "https:\/\/trello.com\/prasannasaimeruga",
                "color": "0079BF",
                "mrkdwn_in": [
                    "text",
                    "pretext"
                ]
            }
        ],
        "type": "message",
        "subtype": "bot_message",
        "ts": "1506293257.000007"
    },
    {
        "type": "message",
        "user": "U746RD3SN",
        "text": "Today evening meeting, The following attended, Murali, P.Sai, Vamshi, Vidyulatha and Guru",
        "ts": "1506307937.000034"
    },
    {
        "type": "message",
        "user": "U746RD3SN",
        "text": "Todays participants gave a brief about them self and also hv introductions among team members. \n\nDefined the group names and the team members in each group, and their roles.\n\nArchitecture \nDevops and Devops development \nSecurity &amp; Governancd",
        "ts": "1506308695.000117"
    },
    {
        "type": "message",
        "user": "U746RD3SN",
        "text": " Cloudops",
        "ts": "1506308722.000019"
    },
    {
        "type": "message",
        "user": "U746RD3SN",
        "text": "Next steps:",
        "ts": "1506308738.000142"
    },
    {
        "type": "message",
        "user": "U746RD3SN",
        "text": "Murali will provide the templates to Architecture and Security &amp; Governance by this wed",
        "ts": "1506308846.000063"
    },
    {
        "type": "message",
        "user": "U746RD3SN",
        "text": "Guru will read CIS AWS controls, AMI to be hardened and notify PSai, so that he can perform assessments.",
        "ts": "1506309095.000043"
    },
    {
        "type": "message",
        "user": "U746RD3SN",
        "text": "PSai will put diagram with all details incl tags.",
        "ts": "1506309263.000025"
    },
    {
        "type": "message",
        "user": "U746RD3SN",
        "text": "Till the team engages Vidyulatha and Vamshi keep studying ",
        "ts": "1506309758.000145"
    },
    {
        "type": "message",
        "user": "U746RD3SN",
        "text": "Effort is to build a web infrastructure with Web, App, DB, IAM, Cloudwatch. I want the identified team to work in collaboration, as if its a real project, with all documentation.",
        "ts": "1506309871.000080"
    },
    {
        "type": "message",
        "user": "U746RD3SN",
        "text": "I will speak to Lohit tomorrow or Tuesday to be the customer (frontend ) and see how we can map the requirements to the template ",
        "ts": "1506309953.000145"
    },
    {
        "type": "message",
        "user": "U746RD3SN",
        "text": "\nArchitecture team: PSai, RSai and Lohit\nDevOps: Vidyulatha, Vamshi, Kiran, Abbas, Tarun and Sureka\nSecurity &amp; Gov: Guru\nCloud ops: Above team step into this role as needed. ",
        "ts": "1506310293.000079"
    }
]