[
    {
        "type": "message",
        "subtype": "file_share",
        "text": "<@U8B25LH0B> uploaded a file: <https:\/\/mpinfotech.slack.com\/files\/U8B25LH0B\/F8F1SFSR5\/v-ssh.png|v-ssh.png>",
        "file": {
            "id": "F8F1SFSR5",
            "created": 1513161918,
            "timestamp": 1513161918,
            "name": "v-ssh.png",
            "title": "v-ssh.png",
            "mimetype": "image\/png",
            "filetype": "png",
            "pretty_type": "PNG",
            "user": "U8B25LH0B",
            "editable": false,
            "size": 103253,
            "mode": "hosted",
            "is_external": false,
            "external_type": "",
            "is_public": true,
            "public_url_shared": false,
            "display_as_bot": false,
            "username": "",
            "url_private": "https:\/\/files.slack.com\/files-pri\/T730RMB7T-F8F1SFSR5\/v-ssh.png?t=xoxe-241025725265-384508339281-384508339409-5b92d26397ce6b615c24d77267fe6bb3",
            "url_private_download": "https:\/\/files.slack.com\/files-pri\/T730RMB7T-F8F1SFSR5\/download\/v-ssh.png?t=xoxe-241025725265-384508339281-384508339409-5b92d26397ce6b615c24d77267fe6bb3",
            "thumb_64": "https:\/\/files.slack.com\/files-tmb\/T730RMB7T-F8F1SFSR5-92fb4406f1\/v-ssh_64.png?t=xoxe-241025725265-384508339281-384508339409-5b92d26397ce6b615c24d77267fe6bb3",
            "thumb_80": "https:\/\/files.slack.com\/files-tmb\/T730RMB7T-F8F1SFSR5-92fb4406f1\/v-ssh_80.png?t=xoxe-241025725265-384508339281-384508339409-5b92d26397ce6b615c24d77267fe6bb3",
            "thumb_360": "https:\/\/files.slack.com\/files-tmb\/T730RMB7T-F8F1SFSR5-92fb4406f1\/v-ssh_360.png?t=xoxe-241025725265-384508339281-384508339409-5b92d26397ce6b615c24d77267fe6bb3",
            "thumb_360_w": 360,
            "thumb_360_h": 202,
            "thumb_480": "https:\/\/files.slack.com\/files-tmb\/T730RMB7T-F8F1SFSR5-92fb4406f1\/v-ssh_480.png?t=xoxe-241025725265-384508339281-384508339409-5b92d26397ce6b615c24d77267fe6bb3",
            "thumb_480_w": 480,
            "thumb_480_h": 270,
            "thumb_160": "https:\/\/files.slack.com\/files-tmb\/T730RMB7T-F8F1SFSR5-92fb4406f1\/v-ssh_160.png?t=xoxe-241025725265-384508339281-384508339409-5b92d26397ce6b615c24d77267fe6bb3",
            "thumb_720": "https:\/\/files.slack.com\/files-tmb\/T730RMB7T-F8F1SFSR5-92fb4406f1\/v-ssh_720.png?t=xoxe-241025725265-384508339281-384508339409-5b92d26397ce6b615c24d77267fe6bb3",
            "thumb_720_w": 720,
            "thumb_720_h": 405,
            "thumb_800": "https:\/\/files.slack.com\/files-tmb\/T730RMB7T-F8F1SFSR5-92fb4406f1\/v-ssh_800.png?t=xoxe-241025725265-384508339281-384508339409-5b92d26397ce6b615c24d77267fe6bb3",
            "thumb_800_w": 800,
            "thumb_800_h": 450,
            "thumb_960": "https:\/\/files.slack.com\/files-tmb\/T730RMB7T-F8F1SFSR5-92fb4406f1\/v-ssh_960.png?t=xoxe-241025725265-384508339281-384508339409-5b92d26397ce6b615c24d77267fe6bb3",
            "thumb_960_w": 960,
            "thumb_960_h": 540,
            "thumb_1024": "https:\/\/files.slack.com\/files-tmb\/T730RMB7T-F8F1SFSR5-92fb4406f1\/v-ssh_1024.png?t=xoxe-241025725265-384508339281-384508339409-5b92d26397ce6b615c24d77267fe6bb3",
            "thumb_1024_w": 1024,
            "thumb_1024_h": 576,
            "image_exif_rotation": 1,
            "original_w": 1366,
            "original_h": 768,
            "permalink": "https:\/\/mpinfotech.slack.com\/files\/U8B25LH0B\/F8F1SFSR5\/v-ssh.png",
            "permalink_public": "https:\/\/slack-files.com\/T730RMB7T-F8F1SFSR5-a96c9618a1",
            "channels": [],
            "groups": [],
            "ims": [],
            "comments_count": 0
        },
        "user": "U8B25LH0B",
        "upload": true,
        "display_as_bot": false,
        "username": "manikanta",
        "bot_id": null,
        "ts": "1513161921.000039"
    },
    {
        "type": "message",
        "user": "U8B25LH0B",
        "text": "vagrant ssh command is not working",
        "ts": "1513161942.000037"
    },
    {
        "type": "message",
        "user": "U746RD3SN",
        "text": "<https:\/\/mpinfotech.atlassian.net\/wiki\/spaces\/TEC\/pages\/15532036\/E-Trademine+UAT>",
        "ts": "1513201535.000633"
    },
    {
        "type": "message",
        "user": "U746RD3SN",
        "text": "E-Trademine UAT Cloud side template filled.",
        "ts": "1513201572.000378"
    },
    {
        "type": "message",
        "user": "U746RD3SN",
        "text": "<https:\/\/mpinfotech.atlassian.net\/wiki\/spaces\/TEC\/pages\/622717\/e-Trademine+UAT+Buildout> is the main page from where you can see the tempalate or u can click the above link.",
        "ts": "1513201839.000152"
    },
    {
        "type": "message",
        "user": "U746RD3SN",
        "text": "<https:\/\/aws.amazon.com\/blogs\/security\/how-to-restrict-amazon-s3-bucket-access-to-a-specific-iam-role\/>",
        "attachments": [
            {
                "service_name": "Amazon Web Services",
                "title": "How to Restrict Amazon S3 Bucket Access to a Specific IAM Role | Amazon Web Services",
                "title_link": "https:\/\/aws.amazon.com\/blogs\/security\/how-to-restrict-amazon-s3-bucket-access-to-a-specific-iam-role\/",
                "text": "I am a cloud support engineer here at AWS, and customers often ask me how they can limit Amazon S3 bucket access to a specific AWS Identity and Access Management (IAM) role. In general, they attempt to do this the same way that they would with an IAM user: use a bucket policy to explicitly […]",
                "fallback": "Amazon Web Services: How to Restrict Amazon S3 Bucket Access to a Specific IAM Role | Amazon Web Services",
                "image_url": "https:\/\/d2908q01vomqb2.cloudfront.net\/22d200f8670dbdb3e253a90eee5098477c95c23d\/2017\/11\/15\/CC_Diagram2_0717_a1.png",
                "image_width": 333,
                "image_height": 250,
                "ts": 1468245196,
                "from_url": "https:\/\/aws.amazon.com\/blogs\/security\/how-to-restrict-amazon-s3-bucket-access-to-a-specific-iam-role\/",
                "image_bytes": 59007,
                "service_icon": "http:\/\/a0.awsstatic.com\/main\/images\/site\/touch-icon-iphone-114-smile.png",
                "id": 1
            }
        ],
        "ts": "1513203790.000543"
    }
]