[
    {
        "type": "message",
        "user": "U746RD3SN",
        "text": "<https:\/\/www.youtube.com\/watch?v=8DDIxqIW1sM>",
        "attachments": [
            {
                "service_name": "YouTube",
                "service_url": "https:\/\/www.youtube.com\/",
                "title": "AWS re:Invent 2016: Add User Sign-In, User Management, and Security with Amazon Cognito (MBL310)",
                "title_link": "https:\/\/www.youtube.com\/watch?v=8DDIxqIW1sM",
                "author_name": "Amazon Web Services",
                "author_link": "https:\/\/www.youtube.com\/user\/AmazonWebServices",
                "thumb_url": "https:\/\/i.ytimg.com\/vi\/8DDIxqIW1sM\/hqdefault.jpg",
                "thumb_width": 480,
                "thumb_height": 360,
                "fallback": "YouTube Video: AWS re:Invent 2016: Add User Sign-In, User Management, and Security with Amazon Cognito (MBL310)",
                "video_html": "<iframe width=\"400\" height=\"225\" src=\"https:\/\/www.youtube.com\/embed\/8DDIxqIW1sM?feature=oembed&autoplay=1&iv_load_policy=3\" frameborder=\"0\" gesture=\"media\" allow=\"encrypted-media\" allowfullscreen><\/iframe>",
                "video_html_width": 400,
                "video_html_height": 225,
                "from_url": "https:\/\/www.youtube.com\/watch?v=8DDIxqIW1sM",
                "service_icon": "https:\/\/a.slack-edge.com\/2089\/img\/unfurl_icons\/youtube.png",
                "id": 1
            }
        ],
        "ts": "1513124207.000100"
    }
]