[
    {
        "type": "message",
        "subtype": "file_share",
        "text": "<@U8B25LH0B> uploaded a file: <https:\/\/mpinfotech.slack.com\/files\/U8B25LH0B\/F8HDJSG92\/e-3.png|e-3.png> and commented: It is taking long time and  unable to unpack",
        "file": {
            "id": "F8HDJSG92",
            "created": 1513776496,
            "timestamp": 1513776496,
            "name": "e-3.png",
            "title": "e-3.png",
            "mimetype": "image\/png",
            "filetype": "png",
            "pretty_type": "PNG",
            "user": "U8B25LH0B",
            "editable": false,
            "size": 70647,
            "mode": "hosted",
            "is_external": false,
            "external_type": "",
            "is_public": true,
            "public_url_shared": false,
            "display_as_bot": false,
            "username": "",
            "url_private": "https:\/\/files.slack.com\/files-pri\/T730RMB7T-F8HDJSG92\/e-3.png?t=xoxe-241025725265-384508339281-384508339409-5b92d26397ce6b615c24d77267fe6bb3",
            "url_private_download": "https:\/\/files.slack.com\/files-pri\/T730RMB7T-F8HDJSG92\/download\/e-3.png?t=xoxe-241025725265-384508339281-384508339409-5b92d26397ce6b615c24d77267fe6bb3",
            "thumb_64": "https:\/\/files.slack.com\/files-tmb\/T730RMB7T-F8HDJSG92-9b8fdb379d\/e-3_64.png?t=xoxe-241025725265-384508339281-384508339409-5b92d26397ce6b615c24d77267fe6bb3",
            "thumb_80": "https:\/\/files.slack.com\/files-tmb\/T730RMB7T-F8HDJSG92-9b8fdb379d\/e-3_80.png?t=xoxe-241025725265-384508339281-384508339409-5b92d26397ce6b615c24d77267fe6bb3",
            "thumb_360": "https:\/\/files.slack.com\/files-tmb\/T730RMB7T-F8HDJSG92-9b8fdb379d\/e-3_360.png?t=xoxe-241025725265-384508339281-384508339409-5b92d26397ce6b615c24d77267fe6bb3",
            "thumb_360_w": 360,
            "thumb_360_h": 202,
            "thumb_480": "https:\/\/files.slack.com\/files-tmb\/T730RMB7T-F8HDJSG92-9b8fdb379d\/e-3_480.png?t=xoxe-241025725265-384508339281-384508339409-5b92d26397ce6b615c24d77267fe6bb3",
            "thumb_480_w": 480,
            "thumb_480_h": 270,
            "thumb_160": "https:\/\/files.slack.com\/files-tmb\/T730RMB7T-F8HDJSG92-9b8fdb379d\/e-3_160.png?t=xoxe-241025725265-384508339281-384508339409-5b92d26397ce6b615c24d77267fe6bb3",
            "thumb_720": "https:\/\/files.slack.com\/files-tmb\/T730RMB7T-F8HDJSG92-9b8fdb379d\/e-3_720.png?t=xoxe-241025725265-384508339281-384508339409-5b92d26397ce6b615c24d77267fe6bb3",
            "thumb_720_w": 720,
            "thumb_720_h": 405,
            "thumb_800": "https:\/\/files.slack.com\/files-tmb\/T730RMB7T-F8HDJSG92-9b8fdb379d\/e-3_800.png?t=xoxe-241025725265-384508339281-384508339409-5b92d26397ce6b615c24d77267fe6bb3",
            "thumb_800_w": 800,
            "thumb_800_h": 450,
            "thumb_960": "https:\/\/files.slack.com\/files-tmb\/T730RMB7T-F8HDJSG92-9b8fdb379d\/e-3_960.png?t=xoxe-241025725265-384508339281-384508339409-5b92d26397ce6b615c24d77267fe6bb3",
            "thumb_960_w": 960,
            "thumb_960_h": 540,
            "thumb_1024": "https:\/\/files.slack.com\/files-tmb\/T730RMB7T-F8HDJSG92-9b8fdb379d\/e-3_1024.png?t=xoxe-241025725265-384508339281-384508339409-5b92d26397ce6b615c24d77267fe6bb3",
            "thumb_1024_w": 1024,
            "thumb_1024_h": 576,
            "image_exif_rotation": 1,
            "original_w": 1366,
            "original_h": 768,
            "permalink": "https:\/\/mpinfotech.slack.com\/files\/U8B25LH0B\/F8HDJSG92\/e-3.png",
            "permalink_public": "https:\/\/slack-files.com\/T730RMB7T-F8HDJSG92-1822f44ed1",
            "channels": [],
            "groups": [],
            "ims": [],
            "comments_count": 1,
            "initial_comment": {
                "id": "Fc8HGPJRQV",
                "created": 1513776496,
                "timestamp": 1513776496,
                "user": "U8B25LH0B",
                "is_intro": true,
                "comment": "It is taking long time and  unable to unpack"
            }
        },
        "user": "U8B25LH0B",
        "upload": true,
        "display_as_bot": false,
        "username": "manikanta",
        "bot_id": null,
        "ts": "1513776499.000201"
    },
    {
        "type": "message",
        "user": "U8B25LH0B",
        "text": "The command is  sudo apt-get install gitlab-ee -y",
        "ts": "1513776575.000135"
    }
]