[
    {
        "type": "message",
        "user": "U746RD3SN",
        "text": "<https:\/\/mpinfotech.slack.com\/archives\/C74DS1P5L\/p1506530827000295>",
        "attachments": [
            {
                "from_url": "https:\/\/mpinfotech.slack.com\/archives\/C74DS1P5L\/p1506530827000295",
                "fallback": "[September 27th, 2017 9:47 AM] psai: To learn JSON or yaml, try using codeacademy or w3schools which have resources for learning these languages",
                "ts": "1506530827.000295",
                "author_id": "U730RMBB3",
                "author_subname": "Prasannasai Meruga",
                "channel_id": "C74DS1P5L",
                "channel_name": "devops",
                "is_msg_unfurl": true,
                "text": "To learn JSON or yaml, try using codeacademy or w3schools which have resources for learning these languages",
                "author_name": "Prasannasai Meruga",
                "author_link": "https:\/\/mpinfotech.slack.com\/team\/U730RMBB3",
                "author_icon": "https:\/\/secure.gravatar.com\/avatar\/67e9a2e566ef375e0207115c34307c53.jpg?s=48&d=https%3A%2F%2Fa.slack-edge.com%2F66f9%2Fimg%2Favatars%2Fava_0022-48.png",
                "mrkdwn_in": [
                    "text"
                ],
                "id": 1,
                "footer": "Posted in #devops"
            }
        ],
        "ts": "1507213734.000665"
    },
    {
        "type": "message",
        "user": "U746RD3SN",
        "text": "<https:\/\/mpinfotech.slack.com\/archives\/C74DS1P5L\/p1506517675000020>",
        "attachments": [
            {
                "from_url": "https:\/\/mpinfotech.slack.com\/archives\/C74DS1P5L\/p1506517675000020",
                "fallback": "[September 27th, 2017 6:07 AM] mmurali: <https:\/\/pwsafe.org\/> use this site to download and install the software on  your computer.",
                "ts": "1506517675.000020",
                "author_id": "U746RD3SN",
                "author_subname": "MMurali",
                "channel_id": "C74DS1P5L",
                "channel_name": "devops",
                "is_msg_unfurl": true,
                "text": "<https:\/\/pwsafe.org\/> use this site to download and install the software on  your computer.",
                "author_name": "MMurali",
                "author_link": "https:\/\/mpinfotech.slack.com\/team\/U746RD3SN",
                "author_icon": "https:\/\/secure.gravatar.com\/avatar\/7970fa3a72bc43b66df32e28fe578816.jpg?s=48&d=https%3A%2F%2Fa.slack-edge.com%2F0180%2Fimg%2Favatars%2Fava_0001-48.png",
                "mrkdwn_in": [
                    "text"
                ],
                "id": 1,
                "footer": "Posted in #devops"
            }
        ],
        "ts": "1507213770.000827"
    },
    {
        "type": "message",
        "user": "U746RD3SN",
        "text": "Architecture team please identify a tool to draw diagram and present to external and internal customers",
        "ts": "1507213897.000164"
    },
    {
        "type": "message",
        "subtype": "file_share",
        "text": "<@U746RD3SN> uploaded a file: <https:\/\/mpinfotech.slack.com\/files\/U746RD3SN\/F7D94LDDE\/image_uploaded_from_ios.jpg|Image uploaded from iOS>",
        "file": {
            "id": "F7D94LDDE",
            "created": 1507213906,
            "timestamp": 1507213906,
            "name": "Image uploaded from iOS.jpg",
            "title": "Image uploaded from iOS",
            "mimetype": "image\/jpeg",
            "filetype": "jpg",
            "pretty_type": "JPEG",
            "user": "U746RD3SN",
            "editable": false,
            "size": 505276,
            "mode": "hosted",
            "is_external": false,
            "external_type": "",
            "is_public": true,
            "public_url_shared": false,
            "display_as_bot": false,
            "username": "",
            "url_private": "https:\/\/files.slack.com\/files-pri\/T730RMB7T-F7D94LDDE\/image_uploaded_from_ios.jpg?t=xoxe-241025725265-384508339281-384508339409-5b92d26397ce6b615c24d77267fe6bb3",
            "url_private_download": "https:\/\/files.slack.com\/files-pri\/T730RMB7T-F7D94LDDE\/download\/image_uploaded_from_ios.jpg?t=xoxe-241025725265-384508339281-384508339409-5b92d26397ce6b615c24d77267fe6bb3",
            "thumb_64": "https:\/\/files.slack.com\/files-tmb\/T730RMB7T-F7D94LDDE-1c677ffbb0\/image_uploaded_from_ios_64.jpg?t=xoxe-241025725265-384508339281-384508339409-5b92d26397ce6b615c24d77267fe6bb3",
            "thumb_80": "https:\/\/files.slack.com\/files-tmb\/T730RMB7T-F7D94LDDE-1c677ffbb0\/image_uploaded_from_ios_80.jpg?t=xoxe-241025725265-384508339281-384508339409-5b92d26397ce6b615c24d77267fe6bb3",
            "thumb_360": "https:\/\/files.slack.com\/files-tmb\/T730RMB7T-F7D94LDDE-1c677ffbb0\/image_uploaded_from_ios_360.jpg?t=xoxe-241025725265-384508339281-384508339409-5b92d26397ce6b615c24d77267fe6bb3",
            "thumb_360_w": 313,
            "thumb_360_h": 360,
            "thumb_480": "https:\/\/files.slack.com\/files-tmb\/T730RMB7T-F7D94LDDE-1c677ffbb0\/image_uploaded_from_ios_480.jpg?t=xoxe-241025725265-384508339281-384508339409-5b92d26397ce6b615c24d77267fe6bb3",
            "thumb_480_w": 418,
            "thumb_480_h": 480,
            "thumb_160": "https:\/\/files.slack.com\/files-tmb\/T730RMB7T-F7D94LDDE-1c677ffbb0\/image_uploaded_from_ios_160.jpg?t=xoxe-241025725265-384508339281-384508339409-5b92d26397ce6b615c24d77267fe6bb3",
            "thumb_720": "https:\/\/files.slack.com\/files-tmb\/T730RMB7T-F7D94LDDE-1c677ffbb0\/image_uploaded_from_ios_720.jpg?t=xoxe-241025725265-384508339281-384508339409-5b92d26397ce6b615c24d77267fe6bb3",
            "thumb_720_w": 626,
            "thumb_720_h": 720,
            "thumb_800": "https:\/\/files.slack.com\/files-tmb\/T730RMB7T-F7D94LDDE-1c677ffbb0\/image_uploaded_from_ios_800.jpg?t=xoxe-241025725265-384508339281-384508339409-5b92d26397ce6b615c24d77267fe6bb3",
            "thumb_800_w": 800,
            "thumb_800_h": 919,
            "thumb_960": "https:\/\/files.slack.com\/files-tmb\/T730RMB7T-F7D94LDDE-1c677ffbb0\/image_uploaded_from_ios_960.jpg?t=xoxe-241025725265-384508339281-384508339409-5b92d26397ce6b615c24d77267fe6bb3",
            "thumb_960_w": 835,
            "thumb_960_h": 960,
            "image_exif_rotation": 1,
            "original_w": 891,
            "original_h": 1024,
            "permalink": "https:\/\/mpinfotech.slack.com\/files\/U746RD3SN\/F7D94LDDE\/image_uploaded_from_ios.jpg",
            "permalink_public": "https:\/\/slack-files.com\/T730RMB7T-F7D94LDDE-e5aa4705fb",
            "channels": [],
            "groups": [],
            "ims": [],
            "comments_count": 0
        },
        "user": "U746RD3SN",
        "upload": true,
        "display_as_bot": false,
        "username": "mmurali",
        "bot_id": null,
        "upload_reply_to": "BB807196-8209-4D78-9314-9BFB2E0DA30A",
        "ts": "1507213909.000229"
    },
    {
        "type": "message",
        "user": "U759G285D",
        "text": "Lucid chart .com",
        "ts": "1507213934.000581"
    },
    {
        "type": "message",
        "user": "U759G285D",
        "text": "Is best in creating diagram",
        "ts": "1507213945.000640"
    },
    {
        "type": "message",
        "user": "U746RD3SN",
        "text": "Ram Sai i have created two diagrams for etrademine and development on cloud, can you re-create the same working with PSai on Lucid charts",
        "ts": "1507214041.000637"
    },
    {
        "type": "message",
        "user": "U746RD3SN",
        "text": "Once you guys present the diagrams we (MPIT) needs to buy this software for our day to day work.",
        "ts": "1507214095.000412"
    },
    {
        "type": "message",
        "user": "U759G285D",
        "text": "Ok sir i will do that",
        "ts": "1507215378.000703"
    },
    {
        "type": "message",
        "user": "U746RD3SN",
        "text": "Ramsai M4 is the size of the server",
        "ts": "1507227767.000384"
    },
    {
        "type": "message",
        "user": "U746RD3SN",
        "text": "AMI ",
        "ts": "1507227772.000444"
    },
    {
        "type": "message",
        "user": "U746RD3SN",
        "text": "Like small, medium, large, x-large",
        "ts": "1507227791.000610"
    },
    {
        "type": "message",
        "user": "U759G285D",
        "text": "ok sir so i have name it as AMI in the diagram",
        "ts": "1507227819.000045"
    },
    {
        "type": "message",
        "user": "U746RD3SN",
        "text": "Bigger the size more compute capacity",
        "ts": "1507227837.000022"
    },
    {
        "type": "message",
        "user": "U746RD3SN",
        "text": "The size is choosen based on the cpu, memory",
        "ts": "1507227893.000434"
    },
    {
        "type": "message",
        "user": "U759G285D",
        "text": "ok sir",
        "ts": "1507227932.000115"
    }
]