[
    {
        "text": "",
        "username": "Trello",
        "bot_id": "B73M4DEVB",
        "attachments": [
            {
                "author_name": "MMurali",
                "fallback": "MMurali set \"Prepare a template for capturing cloud side asset information\" to be due in a day.",
                "text": "*Due:* <!date^1506570346^{date_short_pretty} at {time}|Sep 27, 2017 11:45 PM EDT}>",
                "pretext": "Set *<https:\/\/trello.com\/c\/YQ2Yyuf1|Prepare a template for capturing cloud side asset information>* to be due in a day.",
                "id": 1,
                "author_link": "https:\/\/trello.com\/mmurali",
                "color": "0079BF",
                "mrkdwn_in": [
                    "text",
                    "pretext"
                ]
            }
        ],
        "type": "message",
        "subtype": "bot_message",
        "ts": "1506468484.000052"
    }
]