[
    {
        "type": "message",
        "user": "U730RMBB3",
        "text": "<@U746SCQ90> <@U7DJKE1K5> I have created the policy for DevOps so that you can now use CloudFormation and all its resources",
        "ts": "1507734131.000752"
    },
    {
        "user": "U7DJKE1K5",
        "inviter": "U730RMBB3",
        "text": "<@U7DJKE1K5> has joined the channel",
        "type": "message",
        "subtype": "channel_join",
        "ts": "1507734147.000764"
    },
    {
        "type": "message",
        "user": "U730RMBB3",
        "text": "make sure you confirm to me that the permissions work",
        "ts": "1507734185.000515"
    },
    {
        "type": "message",
        "user": "U746RD3SN",
        "text": "I am curious to hear how it worked",
        "ts": "1507735126.000425"
    },
    {
        "type": "message",
        "user": "U730RMBB3",
        "text": "It's a classic computer science error known as the documentation wasn't as detailed as I wish it could be",
        "ts": "1507735184.000559"
    },
    {
        "type": "message",
        "user": "U746RD3SN",
        "text": ":)",
        "ts": "1507735208.000047"
    },
    {
        "type": "message",
        "user": "U746SCQ90",
        "text": "sai garu cloud formation is not working for me",
        "ts": "1507735895.000068"
    },
    {
        "type": "message",
        "user": "U746RD3SN",
        "text": "Vidyulatha when you said you were able to complete, can you help me understand more please",
        "ts": "1507735983.000347"
    },
    {
        "type": "message",
        "user": "U746SCQ90",
        "text": "we did in our own account yesaterday sir .. wrote json script on creating instance and using stack in cloud formation we have deployed it ..",
        "ts": "1507736151.000095"
    },
    {
        "type": "message",
        "user": "U730RMBB3",
        "text": "what's the error message you're getting",
        "ts": "1507736517.000422"
    },
    {
        "type": "message",
        "user": "U730RMBB3",
        "text": "?",
        "ts": "1507736519.000513"
    },
    {
        "type": "message",
        "user": "U746SCQ90",
        "text": "Cannot prepare to upload template: you must be authorized to create an Amazon S3 bucket.(Error)",
        "ts": "1507737073.000518"
    },
    {
        "type": "message",
        "user": "U730RMBB3",
        "text": "ok cool the permission did work, I'll give you guys s3 permissions",
        "ts": "1507737117.000452"
    },
    {
        "type": "message",
        "user": "U746SCQ90",
        "text": "ok",
        "ts": "1507737272.000672"
    },
    {
        "type": "message",
        "user": "U746RD3SN",
        "text": ":)",
        "ts": "1507737315.000193"
    },
    {
        "type": "message",
        "user": "U746RD3SN",
        "text": "Let make sure you are able to create with permission and then remove permission and check",
        "ts": "1507737344.000667"
    },
    {
        "type": "message",
        "user": "U746RD3SN",
        "text": "So that we are able to recreate the problem",
        "ts": "1507737356.000639"
    },
    {
        "type": "message",
        "user": "U730RMBB3",
        "text": "ok check if it works",
        "ts": "1507738274.000260"
    },
    {
        "type": "message",
        "user": "U730RMBB3",
        "text": "i gave s3 access",
        "ts": "1507738278.000059"
    },
    {
        "type": "message",
        "user": "U746RD3SN",
        "text": "See if you are able to perform the job, and then remove the access and verify",
        "ts": "1507738879.000138"
    },
    {
        "type": "message",
        "user": "U746SCQ90",
        "text": "able to perform",
        "ts": "1507740318.000439"
    },
    {
        "type": "message",
        "user": "U746RD3SN",
        "text": "Prasannasai please document the level of privileges needed for devops teams",
        "ts": "1507742858.000283"
    },
    {
        "type": "message",
        "user": "U746RD3SN",
        "text": "Vidyulatha now make sure you can create a VPN, 2 subnets, 2 ec2's and see if u can ping from one Ec2 machine to other ec2 machine",
        "ts": "1507743009.000181"
    }
]