[
    {
        "type": "message",
        "user": "U759G285D",
        "text": "Hi psai do I need to write aws developer certification also",
        "ts": "1505744961.000272"
    },
    {
        "type": "message",
        "user": "U746RD3SN",
        "text": "Ram Sai you are targeting Solutions Architecture ",
        "ts": "1505747038.000236"
    },
    {
        "type": "message",
        "user": "U746RD3SN",
        "text": "So Solutions Architecture- Associate ",
        "ts": "1505747055.000370"
    },
    {
        "type": "message",
        "user": "U746RD3SN",
        "text": "Then Solutions Architecture- Professional ",
        "ts": "1505747077.000179"
    },
    {
        "type": "message",
        "user": "U746RD3SN",
        "text": "Lets use this channel just for devops",
        "ts": "1505747317.000642"
    },
    {
        "type": "message",
        "user": "U746RD3SN",
        "text": "There is a general channel",
        "ts": "1505747327.000100"
    },
    {
        "type": "message",
        "user": "U746RD3SN",
        "text": "We can discuss these kind of topics. Press the color hash ( slack icon) on top left corner",
        "ts": "1505747381.000046"
    },
    {
        "user": "U746RD3SN",
        "purpose": "This channel is ONLY for DevOps related topics",
        "text": "<@U746RD3SN> set the channel purpose: This channel is ONLY for DevOps related topics",
        "type": "message",
        "subtype": "channel_purpose",
        "ts": "1505747415.000141"
    },
    {
        "user": "U746RD3SN",
        "topic": "DevOps",
        "text": "<@U746RD3SN> set the channel topic: DevOps",
        "type": "message",
        "subtype": "channel_topic",
        "ts": "1505747415.000157"
    },
    {
        "type": "message",
        "subtype": "file_share",
        "text": "<@U746SCQ90> uploaded a file: <https:\/\/mpinfotech.slack.com\/files\/U746SCQ90\/F74C0D117\/new-designer.png|new-designer.png>",
        "file": {
            "id": "F74C0D117",
            "created": 1505759545,
            "timestamp": 1505759545,
            "name": "new-designer.png",
            "title": "new-designer.png",
            "mimetype": "image\/png",
            "filetype": "png",
            "pretty_type": "PNG",
            "user": "U746SCQ90",
            "editable": false,
            "size": 98980,
            "mode": "hosted",
            "is_external": false,
            "external_type": "",
            "is_public": true,
            "public_url_shared": false,
            "display_as_bot": false,
            "username": "",
            "url_private": "https:\/\/files.slack.com\/files-pri\/T730RMB7T-F74C0D117\/new-designer.png?t=xoxe-241025725265-384508339281-384508339409-5b92d26397ce6b615c24d77267fe6bb3",
            "url_private_download": "https:\/\/files.slack.com\/files-pri\/T730RMB7T-F74C0D117\/download\/new-designer.png?t=xoxe-241025725265-384508339281-384508339409-5b92d26397ce6b615c24d77267fe6bb3",
            "thumb_64": "https:\/\/files.slack.com\/files-tmb\/T730RMB7T-F74C0D117-2834a483f7\/new-designer_64.png?t=xoxe-241025725265-384508339281-384508339409-5b92d26397ce6b615c24d77267fe6bb3",
            "thumb_80": "https:\/\/files.slack.com\/files-tmb\/T730RMB7T-F74C0D117-2834a483f7\/new-designer_80.png?t=xoxe-241025725265-384508339281-384508339409-5b92d26397ce6b615c24d77267fe6bb3",
            "thumb_360": "https:\/\/files.slack.com\/files-tmb\/T730RMB7T-F74C0D117-2834a483f7\/new-designer_360.png?t=xoxe-241025725265-384508339281-384508339409-5b92d26397ce6b615c24d77267fe6bb3",
            "thumb_360_w": 360,
            "thumb_360_h": 254,
            "thumb_480": "https:\/\/files.slack.com\/files-tmb\/T730RMB7T-F74C0D117-2834a483f7\/new-designer_480.png?t=xoxe-241025725265-384508339281-384508339409-5b92d26397ce6b615c24d77267fe6bb3",
            "thumb_480_w": 480,
            "thumb_480_h": 339,
            "thumb_160": "https:\/\/files.slack.com\/files-tmb\/T730RMB7T-F74C0D117-2834a483f7\/new-designer_160.png?t=xoxe-241025725265-384508339281-384508339409-5b92d26397ce6b615c24d77267fe6bb3",
            "thumb_720": "https:\/\/files.slack.com\/files-tmb\/T730RMB7T-F74C0D117-2834a483f7\/new-designer_720.png?t=xoxe-241025725265-384508339281-384508339409-5b92d26397ce6b615c24d77267fe6bb3",
            "thumb_720_w": 720,
            "thumb_720_h": 508,
            "thumb_800": "https:\/\/files.slack.com\/files-tmb\/T730RMB7T-F74C0D117-2834a483f7\/new-designer_800.png?t=xoxe-241025725265-384508339281-384508339409-5b92d26397ce6b615c24d77267fe6bb3",
            "thumb_800_w": 800,
            "thumb_800_h": 565,
            "thumb_960": "https:\/\/files.slack.com\/files-tmb\/T730RMB7T-F74C0D117-2834a483f7\/new-designer_960.png?t=xoxe-241025725265-384508339281-384508339409-5b92d26397ce6b615c24d77267fe6bb3",
            "thumb_960_w": 960,
            "thumb_960_h": 678,
            "thumb_1024": "https:\/\/files.slack.com\/files-tmb\/T730RMB7T-F74C0D117-2834a483f7\/new-designer_1024.png?t=xoxe-241025725265-384508339281-384508339409-5b92d26397ce6b615c24d77267fe6bb3",
            "thumb_1024_w": 1024,
            "thumb_1024_h": 723,
            "image_exif_rotation": 1,
            "original_w": 1684,
            "original_h": 1189,
            "permalink": "https:\/\/mpinfotech.slack.com\/files\/U746SCQ90\/F74C0D117\/new-designer.png",
            "permalink_public": "https:\/\/slack-files.com\/T730RMB7T-F74C0D117-03b29094b2",
            "channels": [],
            "groups": [],
            "ims": [],
            "comments_count": 0
        },
        "user": "U746SCQ90",
        "upload": true,
        "display_as_bot": false,
        "username": "vidyulatha",
        "bot_id": null,
        "ts": "1505759549.000279"
    },
    {
        "type": "message",
        "user": "U746SCQ90",
        "text": "psai garu able to write template for this connecting 1 subnet to routetable",
        "ts": "1505759613.000317"
    },
    {
        "type": "message",
        "user": "U730RMBB3",
        "text": "cool, are you able to add EC2 instances to it?",
        "ts": "1505759694.000352"
    },
    {
        "type": "message",
        "user": "U746SCQ90",
        "text": "yah it shd add.. will add",
        "ts": "1505759774.000003"
    },
    {
        "type": "message",
        "subtype": "file_share",
        "text": "<@U746SCQ90> uploaded a file: <https:\/\/mpinfotech.slack.com\/files\/U746SCQ90\/F74V2ATPE\/new-designer__1_.png|new-designer (1).png>",
        "file": {
            "id": "F74V2ATPE",
            "created": 1505760059,
            "timestamp": 1505760059,
            "name": "new-designer (1).png",
            "title": "new-designer (1).png",
            "mimetype": "image\/png",
            "filetype": "png",
            "pretty_type": "PNG",
            "user": "U746SCQ90",
            "editable": false,
            "size": 109312,
            "mode": "hosted",
            "is_external": false,
            "external_type": "",
            "is_public": true,
            "public_url_shared": false,
            "display_as_bot": false,
            "username": "",
            "url_private": "https:\/\/files.slack.com\/files-pri\/T730RMB7T-F74V2ATPE\/new-designer__1_.png?t=xoxe-241025725265-384508339281-384508339409-5b92d26397ce6b615c24d77267fe6bb3",
            "url_private_download": "https:\/\/files.slack.com\/files-pri\/T730RMB7T-F74V2ATPE\/download\/new-designer__1_.png?t=xoxe-241025725265-384508339281-384508339409-5b92d26397ce6b615c24d77267fe6bb3",
            "thumb_64": "https:\/\/files.slack.com\/files-tmb\/T730RMB7T-F74V2ATPE-0135042685\/new-designer__1__64.png?t=xoxe-241025725265-384508339281-384508339409-5b92d26397ce6b615c24d77267fe6bb3",
            "thumb_80": "https:\/\/files.slack.com\/files-tmb\/T730RMB7T-F74V2ATPE-0135042685\/new-designer__1__80.png?t=xoxe-241025725265-384508339281-384508339409-5b92d26397ce6b615c24d77267fe6bb3",
            "thumb_360": "https:\/\/files.slack.com\/files-tmb\/T730RMB7T-F74V2ATPE-0135042685\/new-designer__1__360.png?t=xoxe-241025725265-384508339281-384508339409-5b92d26397ce6b615c24d77267fe6bb3",
            "thumb_360_w": 360,
            "thumb_360_h": 254,
            "thumb_480": "https:\/\/files.slack.com\/files-tmb\/T730RMB7T-F74V2ATPE-0135042685\/new-designer__1__480.png?t=xoxe-241025725265-384508339281-384508339409-5b92d26397ce6b615c24d77267fe6bb3",
            "thumb_480_w": 480,
            "thumb_480_h": 339,
            "thumb_160": "https:\/\/files.slack.com\/files-tmb\/T730RMB7T-F74V2ATPE-0135042685\/new-designer__1__160.png?t=xoxe-241025725265-384508339281-384508339409-5b92d26397ce6b615c24d77267fe6bb3",
            "thumb_720": "https:\/\/files.slack.com\/files-tmb\/T730RMB7T-F74V2ATPE-0135042685\/new-designer__1__720.png?t=xoxe-241025725265-384508339281-384508339409-5b92d26397ce6b615c24d77267fe6bb3",
            "thumb_720_w": 720,
            "thumb_720_h": 508,
            "thumb_800": "https:\/\/files.slack.com\/files-tmb\/T730RMB7T-F74V2ATPE-0135042685\/new-designer__1__800.png?t=xoxe-241025725265-384508339281-384508339409-5b92d26397ce6b615c24d77267fe6bb3",
            "thumb_800_w": 800,
            "thumb_800_h": 565,
            "thumb_960": "https:\/\/files.slack.com\/files-tmb\/T730RMB7T-F74V2ATPE-0135042685\/new-designer__1__960.png?t=xoxe-241025725265-384508339281-384508339409-5b92d26397ce6b615c24d77267fe6bb3",
            "thumb_960_w": 960,
            "thumb_960_h": 678,
            "thumb_1024": "https:\/\/files.slack.com\/files-tmb\/T730RMB7T-F74V2ATPE-0135042685\/new-designer__1__1024.png?t=xoxe-241025725265-384508339281-384508339409-5b92d26397ce6b615c24d77267fe6bb3",
            "thumb_1024_w": 1024,
            "thumb_1024_h": 723,
            "image_exif_rotation": 1,
            "original_w": 1684,
            "original_h": 1189,
            "permalink": "https:\/\/mpinfotech.slack.com\/files\/U746SCQ90\/F74V2ATPE\/new-designer__1_.png",
            "permalink_public": "https:\/\/slack-files.com\/T730RMB7T-F74V2ATPE-2ad088d446",
            "channels": [],
            "groups": [],
            "ims": [],
            "comments_count": 0
        },
        "user": "U746SCQ90",
        "upload": true,
        "display_as_bot": false,
        "username": "vidyulatha",
        "bot_id": null,
        "ts": "1505760063.000254"
    },
    {
        "type": "message",
        "user": "U730RMBB3",
        "text": "is this being done on qwiklabs?",
        "ts": "1505760120.000313"
    },
    {
        "type": "message",
        "user": "U746SCQ90",
        "text": "yes sir",
        "ts": "1505760144.000072"
    },
    {
        "type": "message",
        "user": "U730RMBB3",
        "text": "then see if it can deploy successfully",
        "ts": "1505760550.000289"
    },
    {
        "type": "message",
        "user": "U730RMBB3",
        "text": "because if it can then its good progress",
        "ts": "1505760570.000214"
    },
    {
        "type": "message",
        "user": "U746RD3SN",
        "text": ":)",
        "ts": "1505770494.000182"
    },
    {
        "type": "message",
        "user": "U746SCQ90",
        "text": "it worked but session got expired in 30 minutes",
        "ts": "1505772002.000314"
    },
    {
        "type": "message",
        "user": "U746SCQ90",
        "text": "but got an idea... she  try to add one more subnet too",
        "ts": "1505772064.000210"
    },
    {
        "type": "message",
        "user": "U746SCQ90",
        "text": "shd",
        "ts": "1505772371.000159"
    },
    {
        "type": "message",
        "user": "U730RMBB3",
        "text": "yea we need to get two subnets connected to each other",
        "ts": "1505772411.000177"
    },
    {
        "type": "message",
        "user": "U746SCQ90",
        "text": "k sir",
        "ts": "1505772686.000251"
    }
]