[
    {
        "type": "message",
        "user": "U746RD3SN",
        "text": "Guru and Rajesh please me an update",
        "ts": "1507598749.000185"
    },
    {
        "text": "",
        "username": "Trello",
        "bot_id": "B73M4DEVB",
        "attachments": [
            {
                "author_name": "Prasannasai Meruga",
                "fallback": "Prasannasai Meruga removed Vamshi S from the board DevOps.",
                "text": "Removed <https:\/\/trello.com\/vamshis2|Vamshi S> from the board *<https:\/\/trello.com\/b\/g6OdnM9b|DevOps>*.",
                "id": 1,
                "author_link": "https:\/\/trello.com\/prasannasaimeruga",
                "color": "0079BF",
                "mrkdwn_in": [
                    "text",
                    "pretext"
                ]
            }
        ],
        "type": "message",
        "subtype": "bot_message",
        "ts": "1507604715.000090"
    }
]