[
    {
        "type": "message",
        "subtype": "file_share",
        "text": "<@U746SCQ90> uploaded a file: <https:\/\/mpinfotech.slack.com\/files\/U746SCQ90\/F75J7BPEF\/new__1_-designer.png|new (1)-designer.png>",
        "file": {
            "id": "F75J7BPEF",
            "created": 1505857521,
            "timestamp": 1505857521,
            "name": "new (1)-designer.png",
            "title": "new (1)-designer.png",
            "mimetype": "image\/png",
            "filetype": "png",
            "pretty_type": "PNG",
            "user": "U746SCQ90",
            "editable": false,
            "size": 92914,
            "mode": "hosted",
            "is_external": false,
            "external_type": "",
            "is_public": true,
            "public_url_shared": false,
            "display_as_bot": false,
            "username": "",
            "url_private": "https:\/\/files.slack.com\/files-pri\/T730RMB7T-F75J7BPEF\/new__1_-designer.png?t=xoxe-241025725265-384508339281-384508339409-5b92d26397ce6b615c24d77267fe6bb3",
            "url_private_download": "https:\/\/files.slack.com\/files-pri\/T730RMB7T-F75J7BPEF\/download\/new__1_-designer.png?t=xoxe-241025725265-384508339281-384508339409-5b92d26397ce6b615c24d77267fe6bb3",
            "thumb_64": "https:\/\/files.slack.com\/files-tmb\/T730RMB7T-F75J7BPEF-6235096b52\/new__1_-designer_64.png?t=xoxe-241025725265-384508339281-384508339409-5b92d26397ce6b615c24d77267fe6bb3",
            "thumb_80": "https:\/\/files.slack.com\/files-tmb\/T730RMB7T-F75J7BPEF-6235096b52\/new__1_-designer_80.png?t=xoxe-241025725265-384508339281-384508339409-5b92d26397ce6b615c24d77267fe6bb3",
            "thumb_360": "https:\/\/files.slack.com\/files-tmb\/T730RMB7T-F75J7BPEF-6235096b52\/new__1_-designer_360.png?t=xoxe-241025725265-384508339281-384508339409-5b92d26397ce6b615c24d77267fe6bb3",
            "thumb_360_w": 360,
            "thumb_360_h": 167,
            "thumb_480": "https:\/\/files.slack.com\/files-tmb\/T730RMB7T-F75J7BPEF-6235096b52\/new__1_-designer_480.png?t=xoxe-241025725265-384508339281-384508339409-5b92d26397ce6b615c24d77267fe6bb3",
            "thumb_480_w": 480,
            "thumb_480_h": 223,
            "thumb_160": "https:\/\/files.slack.com\/files-tmb\/T730RMB7T-F75J7BPEF-6235096b52\/new__1_-designer_160.png?t=xoxe-241025725265-384508339281-384508339409-5b92d26397ce6b615c24d77267fe6bb3",
            "thumb_720": "https:\/\/files.slack.com\/files-tmb\/T730RMB7T-F75J7BPEF-6235096b52\/new__1_-designer_720.png?t=xoxe-241025725265-384508339281-384508339409-5b92d26397ce6b615c24d77267fe6bb3",
            "thumb_720_w": 720,
            "thumb_720_h": 334,
            "thumb_800": "https:\/\/files.slack.com\/files-tmb\/T730RMB7T-F75J7BPEF-6235096b52\/new__1_-designer_800.png?t=xoxe-241025725265-384508339281-384508339409-5b92d26397ce6b615c24d77267fe6bb3",
            "thumb_800_w": 800,
            "thumb_800_h": 371,
            "thumb_960": "https:\/\/files.slack.com\/files-tmb\/T730RMB7T-F75J7BPEF-6235096b52\/new__1_-designer_960.png?t=xoxe-241025725265-384508339281-384508339409-5b92d26397ce6b615c24d77267fe6bb3",
            "thumb_960_w": 960,
            "thumb_960_h": 445,
            "thumb_1024": "https:\/\/files.slack.com\/files-tmb\/T730RMB7T-F75J7BPEF-6235096b52\/new__1_-designer_1024.png?t=xoxe-241025725265-384508339281-384508339409-5b92d26397ce6b615c24d77267fe6bb3",
            "thumb_1024_w": 1024,
            "thumb_1024_h": 475,
            "image_exif_rotation": 1,
            "original_w": 1818,
            "original_h": 843,
            "permalink": "https:\/\/mpinfotech.slack.com\/files\/U746SCQ90\/F75J7BPEF\/new__1_-designer.png",
            "permalink_public": "https:\/\/slack-files.com\/T730RMB7T-F75J7BPEF-b1290db10f",
            "channels": [],
            "groups": [],
            "ims": [],
            "comments_count": 0
        },
        "user": "U746SCQ90",
        "upload": true,
        "display_as_bot": false,
        "username": "vidyulatha",
        "bot_id": null,
        "ts": "1505857524.000102"
    },
    {
        "type": "message",
        "user": "U746SCQ90",
        "text": "Sai sri will this work?",
        "ts": "1505857554.000288"
    },
    {
        "type": "message",
        "subtype": "file_share",
        "text": "<@U746SCQ90> uploaded a file: <https:\/\/mpinfotech.slack.com\/files\/U746SCQ90\/F7557EDPT\/new__1___2_.template|new (1) (2).template>",
        "file": {
            "id": "F7557EDPT",
            "created": 1505857656,
            "timestamp": 1505857656,
            "name": "new (1) (2).template",
            "title": "new (1) (2).template",
            "mimetype": "text\/plain",
            "filetype": "text",
            "pretty_type": "Plain Text",
            "user": "U746SCQ90",
            "editable": true,
            "size": 5066,
            "mode": "snippet",
            "is_external": false,
            "external_type": "",
            "is_public": true,
            "public_url_shared": false,
            "display_as_bot": false,
            "username": "",
            "url_private": "https:\/\/files.slack.com\/files-pri\/T730RMB7T-F7557EDPT\/new__1___2_.template?t=xoxe-241025725265-384508339281-384508339409-5b92d26397ce6b615c24d77267fe6bb3",
            "url_private_download": "https:\/\/files.slack.com\/files-pri\/T730RMB7T-F7557EDPT\/download\/new__1___2_.template?t=xoxe-241025725265-384508339281-384508339409-5b92d26397ce6b615c24d77267fe6bb3",
            "permalink": "https:\/\/mpinfotech.slack.com\/files\/U746SCQ90\/F7557EDPT\/new__1___2_.template",
            "permalink_public": "https:\/\/slack-files.com\/T730RMB7T-F7557EDPT-86b8c2a22e",
            "edit_link": "https:\/\/mpinfotech.slack.com\/files\/U746SCQ90\/F7557EDPT\/new__1___2_.template\/edit",
            "preview": "{\n    \"AWSTemplateFormatVersion\": \"2010-09-09\",\n    \"Metadata\": {\n        \"AWS::CloudFormation::Designer\": {\n            \"b3a81ebf-c087-4476-b617-99bb6c3c62b8\": {",
            "preview_highlight": "<div class=\"CodeMirror cm-s-default CodeMirrorServer\" oncopy=\"if(event.clipboardData){event.clipboardData.setData('text\/plain',window.getSelection().toString().replace(\/\\u200b\/g,''));event.preventDefault();event.stopPropagation();}\">\n<div class=\"CodeMirror-code\">\n<div><pre>{<\/pre><\/div>\n<div><pre>    &quot;AWSTemplateFormatVersion&quot;: &quot;2010-09-09&quot;,<\/pre><\/div>\n<div><pre>    &quot;Metadata&quot;: {<\/pre><\/div>\n<div><pre>        &quot;AWS::CloudFormation::Designer&quot;: {<\/pre><\/div>\n<div><pre>            &quot;b3a81ebf-c087-4476-b617-99bb6c3c62b8&quot;: {<\/pre><\/div>\n<\/div>\n<\/div>\n",
            "lines": 167,
            "lines_more": 162,
            "preview_is_truncated": true,
            "channels": [],
            "groups": [],
            "ims": [],
            "comments_count": 0
        },
        "user": "U746SCQ90",
        "upload": true,
        "display_as_bot": false,
        "username": "vidyulatha",
        "bot_id": null,
        "ts": "1505857656.000256"
    },
    {
        "type": "message",
        "user": "U730RMBB3",
        "text": "I don't see why it won't but just in case see if it works with the right side arrow facing the right side subnet",
        "ts": "1505857723.000145"
    },
    {
        "type": "message",
        "user": "U730RMBB3",
        "text": "I'll send you a general diagram after my main computer finishes updating its stuff",
        "ts": "1505857757.000324"
    },
    {
        "type": "message",
        "user": "U730RMBB3",
        "text": "The diagram should help you understand structurally what we need the environment to look like",
        "ts": "1505857804.000083"
    },
    {
        "type": "message",
        "user": "U746SCQ90",
        "text": "ok its just that we need to add rt side subnet to the Route table",
        "ts": "1505857923.000346"
    },
    {
        "type": "message",
        "subtype": "file_share",
        "text": "<@U759G285D> uploaded a file: <https:\/\/mpinfotech.slack.com\/files\/U759G285D\/F75N6P4GL\/image_uploaded_from_ios.jpg|Image uploaded from iOS>",
        "file": {
            "id": "F75N6P4GL",
            "created": 1505858033,
            "timestamp": 1505858033,
            "name": "Image uploaded from iOS.jpg",
            "title": "Image uploaded from iOS",
            "mimetype": "image\/jpeg",
            "filetype": "jpg",
            "pretty_type": "JPEG",
            "user": "U759G285D",
            "editable": false,
            "size": 541272,
            "mode": "hosted",
            "is_external": false,
            "external_type": "",
            "is_public": true,
            "public_url_shared": false,
            "display_as_bot": false,
            "username": "",
            "url_private": "https:\/\/files.slack.com\/files-pri\/T730RMB7T-F75N6P4GL\/image_uploaded_from_ios.jpg?t=xoxe-241025725265-384508339281-384508339409-5b92d26397ce6b615c24d77267fe6bb3",
            "url_private_download": "https:\/\/files.slack.com\/files-pri\/T730RMB7T-F75N6P4GL\/download\/image_uploaded_from_ios.jpg?t=xoxe-241025725265-384508339281-384508339409-5b92d26397ce6b615c24d77267fe6bb3",
            "thumb_64": "https:\/\/files.slack.com\/files-tmb\/T730RMB7T-F75N6P4GL-4910a15c3c\/image_uploaded_from_ios_64.jpg?t=xoxe-241025725265-384508339281-384508339409-5b92d26397ce6b615c24d77267fe6bb3",
            "thumb_80": "https:\/\/files.slack.com\/files-tmb\/T730RMB7T-F75N6P4GL-4910a15c3c\/image_uploaded_from_ios_80.jpg?t=xoxe-241025725265-384508339281-384508339409-5b92d26397ce6b615c24d77267fe6bb3",
            "thumb_360": "https:\/\/files.slack.com\/files-tmb\/T730RMB7T-F75N6P4GL-4910a15c3c\/image_uploaded_from_ios_360.jpg?t=xoxe-241025725265-384508339281-384508339409-5b92d26397ce6b615c24d77267fe6bb3",
            "thumb_360_w": 313,
            "thumb_360_h": 360,
            "thumb_480": "https:\/\/files.slack.com\/files-tmb\/T730RMB7T-F75N6P4GL-4910a15c3c\/image_uploaded_from_ios_480.jpg?t=xoxe-241025725265-384508339281-384508339409-5b92d26397ce6b615c24d77267fe6bb3",
            "thumb_480_w": 417,
            "thumb_480_h": 480,
            "thumb_160": "https:\/\/files.slack.com\/files-tmb\/T730RMB7T-F75N6P4GL-4910a15c3c\/image_uploaded_from_ios_160.jpg?t=xoxe-241025725265-384508339281-384508339409-5b92d26397ce6b615c24d77267fe6bb3",
            "thumb_720": "https:\/\/files.slack.com\/files-tmb\/T730RMB7T-F75N6P4GL-4910a15c3c\/image_uploaded_from_ios_720.jpg?t=xoxe-241025725265-384508339281-384508339409-5b92d26397ce6b615c24d77267fe6bb3",
            "thumb_720_w": 626,
            "thumb_720_h": 720,
            "thumb_800": "https:\/\/files.slack.com\/files-tmb\/T730RMB7T-F75N6P4GL-4910a15c3c\/image_uploaded_from_ios_800.jpg?t=xoxe-241025725265-384508339281-384508339409-5b92d26397ce6b615c24d77267fe6bb3",
            "thumb_800_w": 800,
            "thumb_800_h": 920,
            "thumb_960": "https:\/\/files.slack.com\/files-tmb\/T730RMB7T-F75N6P4GL-4910a15c3c\/image_uploaded_from_ios_960.jpg?t=xoxe-241025725265-384508339281-384508339409-5b92d26397ce6b615c24d77267fe6bb3",
            "thumb_960_w": 835,
            "thumb_960_h": 960,
            "thumb_1024": "https:\/\/files.slack.com\/files-tmb\/T730RMB7T-F75N6P4GL-4910a15c3c\/image_uploaded_from_ios_1024.jpg?t=xoxe-241025725265-384508339281-384508339409-5b92d26397ce6b615c24d77267fe6bb3",
            "thumb_1024_w": 891,
            "thumb_1024_h": 1024,
            "image_exif_rotation": 1,
            "original_w": 908,
            "original_h": 1044,
            "permalink": "https:\/\/mpinfotech.slack.com\/files\/U759G285D\/F75N6P4GL\/image_uploaded_from_ios.jpg",
            "permalink_public": "https:\/\/slack-files.com\/T730RMB7T-F75N6P4GL-291a7d21e0",
            "channels": [],
            "groups": [],
            "ims": [],
            "comments_count": 0
        },
        "user": "U759G285D",
        "upload": true,
        "display_as_bot": false,
        "username": "ramsai",
        "bot_id": null,
        "upload_reply_to": "AF6D30BB-D98B-4D9F-8EB4-FCFCC8F8453F",
        "ts": "1505858038.000304"
    },
    {
        "type": "message",
        "user": "U730RMBB3",
        "text": "Yea \nThe two subnets should be able to route to each other in both directions\nBut see if what you have works first",
        "ts": "1505858267.000320"
    },
    {
        "type": "message",
        "user": "U730RMBB3",
        "text": "That AWS global infrastructure is a good example of what a full fledged environment can be like",
        "ts": "1505858321.000437"
    },
    {
        "type": "message",
        "subtype": "file_share",
        "text": "<@U746SCQ90> uploaded a file: <https:\/\/mpinfotech.slack.com\/files\/U746SCQ90\/F75NBDJR2\/new__1_-designer__1_.png|new (1)-designer (1).png>",
        "file": {
            "id": "F75NBDJR2",
            "created": 1505858612,
            "timestamp": 1505858612,
            "name": "new (1)-designer (1).png",
            "title": "new (1)-designer (1).png",
            "mimetype": "image\/png",
            "filetype": "png",
            "pretty_type": "PNG",
            "user": "U746SCQ90",
            "editable": false,
            "size": 201036,
            "mode": "hosted",
            "is_external": false,
            "external_type": "",
            "is_public": true,
            "public_url_shared": false,
            "display_as_bot": false,
            "username": "",
            "url_private": "https:\/\/files.slack.com\/files-pri\/T730RMB7T-F75NBDJR2\/new__1_-designer__1_.png?t=xoxe-241025725265-384508339281-384508339409-5b92d26397ce6b615c24d77267fe6bb3",
            "url_private_download": "https:\/\/files.slack.com\/files-pri\/T730RMB7T-F75NBDJR2\/download\/new__1_-designer__1_.png?t=xoxe-241025725265-384508339281-384508339409-5b92d26397ce6b615c24d77267fe6bb3",
            "thumb_64": "https:\/\/files.slack.com\/files-tmb\/T730RMB7T-F75NBDJR2-42471f7a94\/new__1_-designer__1__64.png?t=xoxe-241025725265-384508339281-384508339409-5b92d26397ce6b615c24d77267fe6bb3",
            "thumb_80": "https:\/\/files.slack.com\/files-tmb\/T730RMB7T-F75NBDJR2-42471f7a94\/new__1_-designer__1__80.png?t=xoxe-241025725265-384508339281-384508339409-5b92d26397ce6b615c24d77267fe6bb3",
            "thumb_360": "https:\/\/files.slack.com\/files-tmb\/T730RMB7T-F75NBDJR2-42471f7a94\/new__1_-designer__1__360.png?t=xoxe-241025725265-384508339281-384508339409-5b92d26397ce6b615c24d77267fe6bb3",
            "thumb_360_w": 360,
            "thumb_360_h": 239,
            "thumb_480": "https:\/\/files.slack.com\/files-tmb\/T730RMB7T-F75NBDJR2-42471f7a94\/new__1_-designer__1__480.png?t=xoxe-241025725265-384508339281-384508339409-5b92d26397ce6b615c24d77267fe6bb3",
            "thumb_480_w": 480,
            "thumb_480_h": 319,
            "thumb_160": "https:\/\/files.slack.com\/files-tmb\/T730RMB7T-F75NBDJR2-42471f7a94\/new__1_-designer__1__160.png?t=xoxe-241025725265-384508339281-384508339409-5b92d26397ce6b615c24d77267fe6bb3",
            "thumb_720": "https:\/\/files.slack.com\/files-tmb\/T730RMB7T-F75NBDJR2-42471f7a94\/new__1_-designer__1__720.png?t=xoxe-241025725265-384508339281-384508339409-5b92d26397ce6b615c24d77267fe6bb3",
            "thumb_720_w": 720,
            "thumb_720_h": 479,
            "thumb_800": "https:\/\/files.slack.com\/files-tmb\/T730RMB7T-F75NBDJR2-42471f7a94\/new__1_-designer__1__800.png?t=xoxe-241025725265-384508339281-384508339409-5b92d26397ce6b615c24d77267fe6bb3",
            "thumb_800_w": 800,
            "thumb_800_h": 532,
            "thumb_960": "https:\/\/files.slack.com\/files-tmb\/T730RMB7T-F75NBDJR2-42471f7a94\/new__1_-designer__1__960.png?t=xoxe-241025725265-384508339281-384508339409-5b92d26397ce6b615c24d77267fe6bb3",
            "thumb_960_w": 960,
            "thumb_960_h": 638,
            "thumb_1024": "https:\/\/files.slack.com\/files-tmb\/T730RMB7T-F75NBDJR2-42471f7a94\/new__1_-designer__1__1024.png?t=xoxe-241025725265-384508339281-384508339409-5b92d26397ce6b615c24d77267fe6bb3",
            "thumb_1024_w": 1024,
            "thumb_1024_h": 681,
            "image_exif_rotation": 1,
            "original_w": 3087,
            "original_h": 2052,
            "permalink": "https:\/\/mpinfotech.slack.com\/files\/U746SCQ90\/F75NBDJR2\/new__1_-designer__1_.png",
            "permalink_public": "https:\/\/slack-files.com\/T730RMB7T-F75NBDJR2-ede491aba6",
            "channels": [],
            "groups": [],
            "ims": [],
            "comments_count": 0
        },
        "user": "U746SCQ90",
        "upload": true,
        "display_as_bot": false,
        "username": "vidyulatha",
        "bot_id": null,
        "ts": "1505858615.000355"
    },
    {
        "type": "message",
        "user": "U746SCQ90",
        "text": "k so it shd look like above global diagram?",
        "ts": "1505859282.000255"
    },
    {
        "type": "message",
        "user": "U730RMBB3",
        "text": "the one you just uploaded?",
        "ts": "1505859312.000022"
    },
    {
        "type": "message",
        "user": "U746SCQ90",
        "text": "global infra?",
        "ts": "1505859331.000169"
    },
    {
        "type": "message",
        "user": "U730RMBB3",
        "text": "no it should not",
        "ts": "1505859341.000372"
    },
    {
        "type": "message",
        "user": "U730RMBB3",
        "text": "give me 15 minutes ill get the diagram to you",
        "ts": "1505859357.000376"
    },
    {
        "type": "message",
        "user": "U746SCQ90",
        "text": "so whay",
        "ts": "1505859373.000067"
    },
    {
        "type": "message",
        "user": "U746SCQ90",
        "text": "sorry ..",
        "ts": "1505859379.000099"
    },
    {
        "type": "message",
        "user": "U746SCQ90",
        "text": "ok",
        "ts": "1505859388.000172"
    },
    {
        "type": "message",
        "user": "U730RMBB3",
        "text": "see if what you have works in the meanwhile",
        "ts": "1505859410.000109"
    },
    {
        "type": "message",
        "user": "U730RMBB3",
        "text": "<@U746SCQ90> check your email for the document",
        "ts": "1505861973.000335"
    },
    {
        "text": "",
        "username": "Trello",
        "bot_id": "B73M4DEVB",
        "attachments": [
            {
                "author_name": "Prasannasai Meruga",
                "fallback": "Prasannasai Meruga added Vidyulatha D to the board DevOps.",
                "text": "Added <https:\/\/trello.com\/vidyulathad1|Vidyulatha D> to the board *<https:\/\/trello.com\/b\/g6OdnM9b|DevOps>*.",
                "id": 1,
                "author_link": "https:\/\/trello.com\/prasannasaimeruga",
                "color": "0079BF",
                "mrkdwn_in": [
                    "text",
                    "pretext"
                ]
            }
        ],
        "type": "message",
        "subtype": "bot_message",
        "ts": "1505866024.000021"
    },
    {
        "text": "",
        "username": "Trello",
        "bot_id": "B73M4DEVB",
        "attachments": [
            {
                "author_name": "Prasannasai Meruga",
                "fallback": "Prasannasai Meruga added MMurali to the board DevOps.",
                "text": "Added <https:\/\/trello.com\/mmurali|MMurali> to the board *<https:\/\/trello.com\/b\/g6OdnM9b|DevOps>*.",
                "id": 1,
                "author_link": "https:\/\/trello.com\/prasannasaimeruga",
                "color": "0079BF",
                "mrkdwn_in": [
                    "text",
                    "pretext"
                ]
            }
        ],
        "type": "message",
        "subtype": "bot_message",
        "ts": "1505866027.000079"
    },
    {
        "text": "",
        "username": "Trello",
        "bot_id": "B73M4DEVB",
        "attachments": [
            {
                "author_name": "MMurali",
                "fallback": "New card Prepare a template for capturing On-Premise asset information added to list Backlog on board DevOps.",
                "text": "In list *Backlog* on *<https:\/\/trello.com\/b\/g6OdnM9b|DevOps>*.",
                "pretext": "New card created",
                "title": "Prepare a template for capturing On-Premise asset information",
                "id": 1,
                "title_link": "https:\/\/trello.com\/c\/M6YB89mM",
                "author_link": "https:\/\/trello.com\/mmurali",
                "color": "0079BF",
                "mrkdwn_in": [
                    "text",
                    "pretext"
                ]
            }
        ],
        "type": "message",
        "subtype": "bot_message",
        "ts": "1505869613.000036"
    },
    {
        "text": "",
        "username": "Trello",
        "bot_id": "B73M4DEVB",
        "attachments": [
            {
                "author_name": "MMurali",
                "fallback": "MMurali joined the card Prepare a template for capturing On-Premise asset information.",
                "text": "Joined the card *<https:\/\/trello.com\/c\/M6YB89mM|Prepare a template for capturing On-Premise asset information>*.",
                "id": 1,
                "author_link": "https:\/\/trello.com\/mmurali",
                "color": "0079BF",
                "mrkdwn_in": [
                    "text",
                    "pretext"
                ]
            }
        ],
        "type": "message",
        "subtype": "bot_message",
        "ts": "1505869619.000031"
    },
    {
        "text": "",
        "username": "Trello",
        "bot_id": "B73M4DEVB",
        "attachments": [
            {
                "author_name": "MMurali",
                "fallback": "New card Prepare a template for capturing cloud side asset information added to list Backlog on board DevOps.",
                "text": "In list *Backlog* on *<https:\/\/trello.com\/b\/g6OdnM9b|DevOps>*.",
                "pretext": "New card created",
                "title": "Prepare a template for capturing cloud side asset information",
                "id": 1,
                "title_link": "https:\/\/trello.com\/c\/YQ2Yyuf1",
                "author_link": "https:\/\/trello.com\/mmurali",
                "color": "0079BF",
                "mrkdwn_in": [
                    "text",
                    "pretext"
                ]
            }
        ],
        "type": "message",
        "subtype": "bot_message",
        "ts": "1505874094.000042"
    },
    {
        "text": "",
        "username": "Trello",
        "bot_id": "B73M4DEVB",
        "attachments": [
            {
                "author_name": "MMurali",
                "fallback": "MMurali joined the card Prepare a template for capturing cloud side asset information.",
                "text": "Joined the card *<https:\/\/trello.com\/c\/YQ2Yyuf1|Prepare a template for capturing cloud side asset information>*.",
                "id": 1,
                "author_link": "https:\/\/trello.com\/mmurali",
                "color": "0079BF",
                "mrkdwn_in": [
                    "text",
                    "pretext"
                ]
            }
        ],
        "type": "message",
        "subtype": "bot_message",
        "ts": "1505874104.000033"
    },
    {
        "text": "",
        "username": "Trello",
        "bot_id": "B73M4DEVB",
        "attachments": [
            {
                "author_name": "MMurali",
                "fallback": "New card Cloud security and Governance - Standard, Procedures added to list Backlog on board DevOps.",
                "text": "In list *Backlog* on *<https:\/\/trello.com\/b\/g6OdnM9b|DevOps>*.",
                "pretext": "New card created",
                "title": "Cloud security and Governance - Standard, Procedures",
                "id": 1,
                "title_link": "https:\/\/trello.com\/c\/EgRD53Ic",
                "author_link": "https:\/\/trello.com\/mmurali",
                "color": "0079BF",
                "mrkdwn_in": [
                    "text",
                    "pretext"
                ]
            }
        ],
        "type": "message",
        "subtype": "bot_message",
        "ts": "1505875388.000147"
    },
    {
        "text": "",
        "username": "Trello",
        "bot_id": "B73M4DEVB",
        "attachments": [
            {
                "author_name": "MMurali",
                "fallback": "MMurali joined the card Cloud security and Governance - Standard, Procedures.",
                "text": "Joined the card *<https:\/\/trello.com\/c\/EgRD53Ic|Cloud security and Governance - Standard, Procedures>*.",
                "id": 1,
                "author_link": "https:\/\/trello.com\/mmurali",
                "color": "0079BF",
                "mrkdwn_in": [
                    "text",
                    "pretext"
                ]
            }
        ],
        "type": "message",
        "subtype": "bot_message",
        "ts": "1505875393.000023"
    }
]