[
    {
        "type": "message",
        "user": "U746SCQ90",
        "text": "Psai garu can I call u?",
        "ts": "1506104043.000533"
    },
    {
        "type": "message",
        "user": "U730RMBB3",
        "text": "Sure",
        "ts": "1506106893.000370"
    },
    {
        "type": "message",
        "subtype": "file_share",
        "text": "<@U746SCQ90> uploaded a file: <https:\/\/mpinfotech.slack.com\/files\/U746SCQ90\/F78MWFD5M\/vpc_subnetspng.jpeg|VPC:SUBNETSPng.jpeg>",
        "file": {
            "id": "F78MWFD5M",
            "created": 1506121121,
            "timestamp": 1506121121,
            "name": "VPC:SUBNETSPng.jpeg",
            "title": "VPC:SUBNETSPng.jpeg",
            "mimetype": "image\/jpeg",
            "filetype": "jpg",
            "pretty_type": "JPEG",
            "user": "U746SCQ90",
            "editable": false,
            "size": 65556,
            "mode": "hosted",
            "is_external": false,
            "external_type": "",
            "is_public": true,
            "public_url_shared": false,
            "display_as_bot": false,
            "username": "",
            "url_private": "https:\/\/files.slack.com\/files-pri\/T730RMB7T-F78MWFD5M\/vpc_subnetspng.jpeg?t=xoxe-241025725265-384508339281-384508339409-5b92d26397ce6b615c24d77267fe6bb3",
            "url_private_download": "https:\/\/files.slack.com\/files-pri\/T730RMB7T-F78MWFD5M\/download\/vpc_subnetspng.jpeg?t=xoxe-241025725265-384508339281-384508339409-5b92d26397ce6b615c24d77267fe6bb3",
            "thumb_64": "https:\/\/files.slack.com\/files-tmb\/T730RMB7T-F78MWFD5M-00761f540e\/vpc_subnetspng_64.jpg?t=xoxe-241025725265-384508339281-384508339409-5b92d26397ce6b615c24d77267fe6bb3",
            "thumb_80": "https:\/\/files.slack.com\/files-tmb\/T730RMB7T-F78MWFD5M-00761f540e\/vpc_subnetspng_80.jpg?t=xoxe-241025725265-384508339281-384508339409-5b92d26397ce6b615c24d77267fe6bb3",
            "thumb_360": "https:\/\/files.slack.com\/files-tmb\/T730RMB7T-F78MWFD5M-00761f540e\/vpc_subnetspng_360.jpg?t=xoxe-241025725265-384508339281-384508339409-5b92d26397ce6b615c24d77267fe6bb3",
            "thumb_360_w": 360,
            "thumb_360_h": 207,
            "thumb_480": "https:\/\/files.slack.com\/files-tmb\/T730RMB7T-F78MWFD5M-00761f540e\/vpc_subnetspng_480.jpg?t=xoxe-241025725265-384508339281-384508339409-5b92d26397ce6b615c24d77267fe6bb3",
            "thumb_480_w": 480,
            "thumb_480_h": 276,
            "thumb_160": "https:\/\/files.slack.com\/files-tmb\/T730RMB7T-F78MWFD5M-00761f540e\/vpc_subnetspng_160.jpg?t=xoxe-241025725265-384508339281-384508339409-5b92d26397ce6b615c24d77267fe6bb3",
            "thumb_720": "https:\/\/files.slack.com\/files-tmb\/T730RMB7T-F78MWFD5M-00761f540e\/vpc_subnetspng_720.jpg?t=xoxe-241025725265-384508339281-384508339409-5b92d26397ce6b615c24d77267fe6bb3",
            "thumb_720_w": 720,
            "thumb_720_h": 414,
            "thumb_800": "https:\/\/files.slack.com\/files-tmb\/T730RMB7T-F78MWFD5M-00761f540e\/vpc_subnetspng_800.jpg?t=xoxe-241025725265-384508339281-384508339409-5b92d26397ce6b615c24d77267fe6bb3",
            "thumb_800_w": 800,
            "thumb_800_h": 460,
            "thumb_960": "https:\/\/files.slack.com\/files-tmb\/T730RMB7T-F78MWFD5M-00761f540e\/vpc_subnetspng_960.jpg?t=xoxe-241025725265-384508339281-384508339409-5b92d26397ce6b615c24d77267fe6bb3",
            "thumb_960_w": 960,
            "thumb_960_h": 551,
            "thumb_1024": "https:\/\/files.slack.com\/files-tmb\/T730RMB7T-F78MWFD5M-00761f540e\/vpc_subnetspng_1024.jpg?t=xoxe-241025725265-384508339281-384508339409-5b92d26397ce6b615c24d77267fe6bb3",
            "thumb_1024_w": 1024,
            "thumb_1024_h": 588,
            "image_exif_rotation": 1,
            "original_w": 1600,
            "original_h": 919,
            "permalink": "https:\/\/mpinfotech.slack.com\/files\/U746SCQ90\/F78MWFD5M\/vpc_subnetspng.jpeg",
            "permalink_public": "https:\/\/slack-files.com\/T730RMB7T-F78MWFD5M-129661bc34",
            "channels": [],
            "groups": [],
            "ims": [],
            "comments_count": 0
        },
        "user": "U746SCQ90",
        "upload": true,
        "display_as_bot": false,
        "username": "vidyulatha",
        "bot_id": null,
        "ts": "1506121124.000137"
    },
    {
        "type": "message",
        "subtype": "file_share",
        "text": "<@U746SCQ90> uploaded a file: <https:\/\/mpinfotech.slack.com\/files\/U746SCQ90\/F77PDNTFF\/vpc_subnets|VPC:SUBNETS>",
        "file": {
            "id": "F77PDNTFF",
            "created": 1506121133,
            "timestamp": 1506121133,
            "name": "VPC:SUBNETS",
            "title": "VPC:SUBNETS",
            "mimetype": "text\/plain",
            "filetype": "text",
            "pretty_type": "Plain Text",
            "user": "U746SCQ90",
            "editable": true,
            "size": 13351,
            "mode": "snippet",
            "is_external": false,
            "external_type": "",
            "is_public": true,
            "public_url_shared": false,
            "display_as_bot": false,
            "username": "",
            "url_private": "https:\/\/files.slack.com\/files-pri\/T730RMB7T-F77PDNTFF\/vpc_subnets?t=xoxe-241025725265-384508339281-384508339409-5b92d26397ce6b615c24d77267fe6bb3",
            "url_private_download": "https:\/\/files.slack.com\/files-pri\/T730RMB7T-F77PDNTFF\/download\/vpc_subnets?t=xoxe-241025725265-384508339281-384508339409-5b92d26397ce6b615c24d77267fe6bb3",
            "permalink": "https:\/\/mpinfotech.slack.com\/files\/U746SCQ90\/F77PDNTFF\/vpc_subnets",
            "permalink_public": "https:\/\/slack-files.com\/T730RMB7T-F77PDNTFF-7837247a9a",
            "edit_link": "https:\/\/mpinfotech.slack.com\/files\/U746SCQ90\/F77PDNTFF\/vpc_subnets\/edit",
            "preview": "{\n    \"AWSTemplateFormatVersion\": \"2010-09-09\",\n    \"Metadata\": {\n        \"AWS::CloudFormation::Designer\": {\n            \"b3a81ebf-c087-4476-b617-99bb6c3c62b8\": {",
            "preview_highlight": "<div class=\"CodeMirror cm-s-default CodeMirrorServer\" oncopy=\"if(event.clipboardData){event.clipboardData.setData('text\/plain',window.getSelection().toString().replace(\/\\u200b\/g,''));event.preventDefault();event.stopPropagation();}\">\n<div class=\"CodeMirror-code\">\n<div><pre>{<\/pre><\/div>\n<div><pre>    &quot;AWSTemplateFormatVersion&quot;: &quot;2010-09-09&quot;,<\/pre><\/div>\n<div><pre>    &quot;Metadata&quot;: {<\/pre><\/div>\n<div><pre>        &quot;AWS::CloudFormation::Designer&quot;: {<\/pre><\/div>\n<div><pre>            &quot;b3a81ebf-c087-4476-b617-99bb6c3c62b8&quot;: {<\/pre><\/div>\n<\/div>\n<\/div>\n",
            "lines": 422,
            "lines_more": 417,
            "preview_is_truncated": true,
            "channels": [],
            "groups": [],
            "ims": [],
            "comments_count": 0
        },
        "user": "U746SCQ90",
        "upload": true,
        "display_as_bot": false,
        "username": "vidyulatha",
        "bot_id": null,
        "ts": "1506121134.000084"
    },
    {
        "type": "message",
        "subtype": "file_share",
        "text": "<@U746SCQ90> uploaded a file: <https:\/\/mpinfotech.slack.com\/files\/U746SCQ90\/F77M0BAJ0\/vpc-subnets-designer.png|VPC-SUBNETS-designer.png>",
        "file": {
            "id": "F77M0BAJ0",
            "created": 1506121530,
            "timestamp": 1506121530,
            "name": "VPC-SUBNETS-designer.png",
            "title": "VPC-SUBNETS-designer.png",
            "mimetype": "image\/png",
            "filetype": "png",
            "pretty_type": "PNG",
            "user": "U746SCQ90",
            "editable": false,
            "size": 472217,
            "mode": "hosted",
            "is_external": false,
            "external_type": "",
            "is_public": true,
            "public_url_shared": false,
            "display_as_bot": false,
            "username": "",
            "url_private": "https:\/\/files.slack.com\/files-pri\/T730RMB7T-F77M0BAJ0\/vpc-subnets-designer.png?t=xoxe-241025725265-384508339281-384508339409-5b92d26397ce6b615c24d77267fe6bb3",
            "url_private_download": "https:\/\/files.slack.com\/files-pri\/T730RMB7T-F77M0BAJ0\/download\/vpc-subnets-designer.png?t=xoxe-241025725265-384508339281-384508339409-5b92d26397ce6b615c24d77267fe6bb3",
            "thumb_64": "https:\/\/files.slack.com\/files-tmb\/T730RMB7T-F77M0BAJ0-468613ab79\/vpc-subnets-designer_64.png?t=xoxe-241025725265-384508339281-384508339409-5b92d26397ce6b615c24d77267fe6bb3",
            "thumb_80": "https:\/\/files.slack.com\/files-tmb\/T730RMB7T-F77M0BAJ0-468613ab79\/vpc-subnets-designer_80.png?t=xoxe-241025725265-384508339281-384508339409-5b92d26397ce6b615c24d77267fe6bb3",
            "thumb_360": "https:\/\/files.slack.com\/files-tmb\/T730RMB7T-F77M0BAJ0-468613ab79\/vpc-subnets-designer_360.png?t=xoxe-241025725265-384508339281-384508339409-5b92d26397ce6b615c24d77267fe6bb3",
            "thumb_360_w": 360,
            "thumb_360_h": 208,
            "thumb_480": "https:\/\/files.slack.com\/files-tmb\/T730RMB7T-F77M0BAJ0-468613ab79\/vpc-subnets-designer_480.png?t=xoxe-241025725265-384508339281-384508339409-5b92d26397ce6b615c24d77267fe6bb3",
            "thumb_480_w": 480,
            "thumb_480_h": 278,
            "thumb_160": "https:\/\/files.slack.com\/files-tmb\/T730RMB7T-F77M0BAJ0-468613ab79\/vpc-subnets-designer_160.png?t=xoxe-241025725265-384508339281-384508339409-5b92d26397ce6b615c24d77267fe6bb3",
            "thumb_720": "https:\/\/files.slack.com\/files-tmb\/T730RMB7T-F77M0BAJ0-468613ab79\/vpc-subnets-designer_720.png?t=xoxe-241025725265-384508339281-384508339409-5b92d26397ce6b615c24d77267fe6bb3",
            "thumb_720_w": 720,
            "thumb_720_h": 417,
            "thumb_800": "https:\/\/files.slack.com\/files-tmb\/T730RMB7T-F77M0BAJ0-468613ab79\/vpc-subnets-designer_800.png?t=xoxe-241025725265-384508339281-384508339409-5b92d26397ce6b615c24d77267fe6bb3",
            "thumb_800_w": 800,
            "thumb_800_h": 463,
            "thumb_960": "https:\/\/files.slack.com\/files-tmb\/T730RMB7T-F77M0BAJ0-468613ab79\/vpc-subnets-designer_960.png?t=xoxe-241025725265-384508339281-384508339409-5b92d26397ce6b615c24d77267fe6bb3",
            "thumb_960_w": 960,
            "thumb_960_h": 556,
            "thumb_1024": "https:\/\/files.slack.com\/files-tmb\/T730RMB7T-F77M0BAJ0-468613ab79\/vpc-subnets-designer_1024.png?t=xoxe-241025725265-384508339281-384508339409-5b92d26397ce6b615c24d77267fe6bb3",
            "thumb_1024_w": 1024,
            "thumb_1024_h": 593,
            "image_exif_rotation": 1,
            "original_w": 4774,
            "original_h": 2764,
            "permalink": "https:\/\/mpinfotech.slack.com\/files\/U746SCQ90\/F77M0BAJ0\/vpc-subnets-designer.png",
            "permalink_public": "https:\/\/slack-files.com\/T730RMB7T-F77M0BAJ0-59b2c8a553",
            "channels": [],
            "groups": [],
            "ims": [],
            "comments_count": 0
        },
        "user": "U746SCQ90",
        "upload": true,
        "display_as_bot": false,
        "username": "vidyulatha",
        "bot_id": null,
        "ts": "1506121535.000038"
    }
]