[
    {
        "type": "message",
        "user": "U746RD3SN",
        "text": "Architecture team, I have confirmed the template both Customer and template from Arch to DevOps in place under \"template folder\"",
        "ts": "1507440403.000020"
    },
    {
        "type": "message",
        "user": "U746RD3SN",
        "text": "<https:\/\/drive.google.com\/drive\/folders\/0B836dVts86y8cXNSWXUwTkdtaVE?usp=sharing>",
        "ts": "1507440414.000001"
    },
    {
        "type": "message",
        "user": "U746RD3SN",
        "text": "Guru &amp; Rajesh I have upload the CIS templates",
        "ts": "1507441062.000024"
    },
    {
        "type": "message",
        "user": "U746RD3SN",
        "text": "The templates are in spreadsheets, You should have received access to AMI from PSai. Use the template and configure.",
        "ts": "1507443835.000011"
    }
]