[
    {
        "text": "",
        "username": "Trello",
        "bot_id": "B73M4DEVB",
        "attachments": [
            {
                "author_name": "MMurali",
                "fallback": "New card Everyone in cloud team please Install Virtual box on your laptop and then install Ubuntu client and server. added to list Backlog on board DevOps.",
                "text": "In list *Backlog* on *<https:\/\/trello.com\/b\/g6OdnM9b|DevOps>*.",
                "pretext": "New card created",
                "title": "Everyone in cloud team please Install Virtual box on your laptop and then install Ubuntu client and server.",
                "id": 1,
                "title_link": "https:\/\/trello.com\/c\/BmR4bZ6v",
                "author_link": "https:\/\/trello.com\/mmurali",
                "color": "0079BF",
                "mrkdwn_in": [
                    "text",
                    "pretext"
                ]
            }
        ],
        "type": "message",
        "subtype": "bot_message",
        "ts": "1506167375.000036"
    },
    {
        "text": "",
        "username": "Trello",
        "bot_id": "B73M4DEVB",
        "attachments": [
            {
                "author_name": "MMurali",
                "fallback": "MMurali added Vidyulatha D to card Everyone in cloud team please Install Virtual box on your laptop and then install Ubuntu client and server..",
                "text": "Added *<https:\/\/trello.com\/vidyulathad1|Vidyulatha D>* to card *<https:\/\/trello.com\/c\/BmR4bZ6v|Everyone in cloud team please Install Virtual box on your laptop and then install Ubuntu client and server.>*.",
                "id": 1,
                "author_link": "https:\/\/trello.com\/mmurali",
                "color": "0079BF",
                "mrkdwn_in": [
                    "text",
                    "pretext"
                ]
            }
        ],
        "type": "message",
        "subtype": "bot_message",
        "ts": "1506167388.000041"
    },
    {
        "text": "",
        "username": "Trello",
        "bot_id": "B73M4DEVB",
        "attachments": [
            {
                "author_name": "MMurali",
                "fallback": "MMurali added ramsai amrutham to card Everyone in cloud team please Install Virtual box on your laptop and then install Ubuntu client and server..",
                "text": "Added *<https:\/\/trello.com\/ramsaiamrutham|ramsai amrutham>* to card *<https:\/\/trello.com\/c\/BmR4bZ6v|Everyone in cloud team please Install Virtual box on your laptop and then install Ubuntu client and server.>*.",
                "id": 1,
                "author_link": "https:\/\/trello.com\/mmurali",
                "color": "0079BF",
                "mrkdwn_in": [
                    "text",
                    "pretext"
                ]
            }
        ],
        "type": "message",
        "subtype": "bot_message",
        "ts": "1506167388.000044"
    },
    {
        "text": "",
        "username": "Trello",
        "bot_id": "B73M4DEVB",
        "attachments": [
            {
                "author_name": "MMurali",
                "fallback": "MMurali added guru to card Everyone in cloud team please Install Virtual box on your laptop and then install Ubuntu client and server..",
                "text": "Added *<https:\/\/trello.com\/guru246|guru>* to card *<https:\/\/trello.com\/c\/BmR4bZ6v|Everyone in cloud team please Install Virtual box on your laptop and then install Ubuntu client and server.>*.",
                "id": 1,
                "author_link": "https:\/\/trello.com\/mmurali",
                "color": "0079BF",
                "mrkdwn_in": [
                    "text",
                    "pretext"
                ]
            }
        ],
        "type": "message",
        "subtype": "bot_message",
        "ts": "1506167388.000045"
    },
    {
        "text": "",
        "username": "Trello",
        "bot_id": "B73M4DEVB",
        "attachments": [
            {
                "author_name": "MMurali",
                "fallback": "MMurali added <mailto:guru@mpinfotech.com|guru@mpinfotech.com> to card Everyone in cloud team please Install Virtual box on your laptop and then install Ubuntu client and server..",
                "text": "Added *<https:\/\/trello.com\/gurumpinfotechcom|guru@mpinfotech.com>* to card *<https:\/\/trello.com\/c\/BmR4bZ6v|Everyone in cloud team please Install Virtual box on your laptop and then install Ubuntu client and server.>*.",
                "id": 1,
                "author_link": "https:\/\/trello.com\/mmurali",
                "color": "0079BF",
                "mrkdwn_in": [
                    "text",
                    "pretext"
                ]
            }
        ],
        "type": "message",
        "subtype": "bot_message",
        "ts": "1506167388.000046"
    },
    {
        "text": "",
        "username": "Trello",
        "bot_id": "B73M4DEVB",
        "attachments": [
            {
                "author_name": "MMurali",
                "fallback": "MMurali added Prasannasai Meruga to card Everyone in cloud team please Install Virtual box on your laptop and then install Ubuntu client and server..",
                "text": "Added *<https:\/\/trello.com\/prasannasaimeruga|Prasannasai Meruga>* to card *<https:\/\/trello.com\/c\/BmR4bZ6v|Everyone in cloud team please Install Virtual box on your laptop and then install Ubuntu client and server.>*.",
                "id": 1,
                "author_link": "https:\/\/trello.com\/mmurali",
                "color": "0079BF",
                "mrkdwn_in": [
                    "text",
                    "pretext"
                ]
            }
        ],
        "type": "message",
        "subtype": "bot_message",
        "ts": "1506167388.000047"
    },
    {
        "text": "",
        "username": "Trello",
        "bot_id": "B73M4DEVB",
        "attachments": [
            {
                "author_name": "MMurali",
                "fallback": "MMurali added tarun to card Everyone in cloud team please Install Virtual box on your laptop and then install Ubuntu client and server..",
                "text": "Added *<https:\/\/trello.com\/tarun291|tarun>* to card *<https:\/\/trello.com\/c\/BmR4bZ6v|Everyone in cloud team please Install Virtual box on your laptop and then install Ubuntu client and server.>*.",
                "id": 1,
                "author_link": "https:\/\/trello.com\/mmurali",
                "color": "0079BF",
                "mrkdwn_in": [
                    "text",
                    "pretext"
                ]
            }
        ],
        "type": "message",
        "subtype": "bot_message",
        "ts": "1506167388.000048"
    },
    {
        "text": "",
        "username": "Trello",
        "bot_id": "B73M4DEVB",
        "attachments": [
            {
                "author_name": "MMurali",
                "fallback": "MMurali added Vamshi S to card Everyone in cloud team please Install Virtual box on your laptop and then install Ubuntu client and server..",
                "text": "Added *<https:\/\/trello.com\/vamshis2|Vamshi S>* to card *<https:\/\/trello.com\/c\/BmR4bZ6v|Everyone in cloud team please Install Virtual box on your laptop and then install Ubuntu client and server.>*.",
                "id": 1,
                "author_link": "https:\/\/trello.com\/mmurali",
                "color": "0079BF",
                "mrkdwn_in": [
                    "text",
                    "pretext"
                ]
            }
        ],
        "type": "message",
        "subtype": "bot_message",
        "ts": "1506167388.000049"
    },
    {
        "text": "",
        "username": "Trello",
        "bot_id": "B73M4DEVB",
        "attachments": [
            {
                "author_name": "MMurali",
                "fallback": "MMurali joined the card Everyone in cloud team please Install Virtual box on your laptop and then install Ubuntu client and server..",
                "text": "Joined the card *<https:\/\/trello.com\/c\/BmR4bZ6v|Everyone in cloud team please Install Virtual box on your laptop and then install Ubuntu client and server.>*.",
                "id": 1,
                "author_link": "https:\/\/trello.com\/mmurali",
                "color": "0079BF",
                "mrkdwn_in": [
                    "text",
                    "pretext"
                ]
            }
        ],
        "type": "message",
        "subtype": "bot_message",
        "ts": "1506167388.000054"
    },
    {
        "type": "message",
        "subtype": "file_share",
        "text": "<@U746RD3SN> uploaded a file: <https:\/\/mpinfotech.slack.com\/files\/U746RD3SN\/F78R7QMFZ\/image_uploaded_from_ios.jpg|Sample diagram> and commented: Sample diagram to visualize how the network setup is.\n ",
        "file": {
            "id": "F78R7QMFZ",
            "created": 1506167856,
            "timestamp": 1506167856,
            "name": "Image uploaded from iOS.jpg",
            "title": "Sample diagram",
            "mimetype": "image\/jpeg",
            "filetype": "jpg",
            "pretty_type": "JPEG",
            "user": "U746RD3SN",
            "editable": false,
            "size": 252548,
            "mode": "hosted",
            "is_external": false,
            "external_type": "",
            "is_public": true,
            "public_url_shared": false,
            "display_as_bot": false,
            "username": "",
            "url_private": "https:\/\/files.slack.com\/files-pri\/T730RMB7T-F78R7QMFZ\/image_uploaded_from_ios.jpg?t=xoxe-241025725265-384508339281-384508339409-5b92d26397ce6b615c24d77267fe6bb3",
            "url_private_download": "https:\/\/files.slack.com\/files-pri\/T730RMB7T-F78R7QMFZ\/download\/image_uploaded_from_ios.jpg?t=xoxe-241025725265-384508339281-384508339409-5b92d26397ce6b615c24d77267fe6bb3",
            "thumb_64": "https:\/\/files.slack.com\/files-tmb\/T730RMB7T-F78R7QMFZ-73f6f32d31\/image_uploaded_from_ios_64.jpg?t=xoxe-241025725265-384508339281-384508339409-5b92d26397ce6b615c24d77267fe6bb3",
            "thumb_80": "https:\/\/files.slack.com\/files-tmb\/T730RMB7T-F78R7QMFZ-73f6f32d31\/image_uploaded_from_ios_80.jpg?t=xoxe-241025725265-384508339281-384508339409-5b92d26397ce6b615c24d77267fe6bb3",
            "thumb_360": "https:\/\/files.slack.com\/files-tmb\/T730RMB7T-F78R7QMFZ-73f6f32d31\/image_uploaded_from_ios_360.jpg?t=xoxe-241025725265-384508339281-384508339409-5b92d26397ce6b615c24d77267fe6bb3",
            "thumb_360_w": 360,
            "thumb_360_h": 202,
            "thumb_480": "https:\/\/files.slack.com\/files-tmb\/T730RMB7T-F78R7QMFZ-73f6f32d31\/image_uploaded_from_ios_480.jpg?t=xoxe-241025725265-384508339281-384508339409-5b92d26397ce6b615c24d77267fe6bb3",
            "thumb_480_w": 480,
            "thumb_480_h": 270,
            "thumb_160": "https:\/\/files.slack.com\/files-tmb\/T730RMB7T-F78R7QMFZ-73f6f32d31\/image_uploaded_from_ios_160.jpg?t=xoxe-241025725265-384508339281-384508339409-5b92d26397ce6b615c24d77267fe6bb3",
            "thumb_720": "https:\/\/files.slack.com\/files-tmb\/T730RMB7T-F78R7QMFZ-73f6f32d31\/image_uploaded_from_ios_720.jpg?t=xoxe-241025725265-384508339281-384508339409-5b92d26397ce6b615c24d77267fe6bb3",
            "thumb_720_w": 720,
            "thumb_720_h": 405,
            "thumb_800": "https:\/\/files.slack.com\/files-tmb\/T730RMB7T-F78R7QMFZ-73f6f32d31\/image_uploaded_from_ios_800.jpg?t=xoxe-241025725265-384508339281-384508339409-5b92d26397ce6b615c24d77267fe6bb3",
            "thumb_800_w": 800,
            "thumb_800_h": 450,
            "thumb_960": "https:\/\/files.slack.com\/files-tmb\/T730RMB7T-F78R7QMFZ-73f6f32d31\/image_uploaded_from_ios_960.jpg?t=xoxe-241025725265-384508339281-384508339409-5b92d26397ce6b615c24d77267fe6bb3",
            "thumb_960_w": 960,
            "thumb_960_h": 540,
            "thumb_1024": "https:\/\/files.slack.com\/files-tmb\/T730RMB7T-F78R7QMFZ-73f6f32d31\/image_uploaded_from_ios_1024.jpg?t=xoxe-241025725265-384508339281-384508339409-5b92d26397ce6b615c24d77267fe6bb3",
            "thumb_1024_w": 1024,
            "thumb_1024_h": 576,
            "image_exif_rotation": 1,
            "original_w": 1334,
            "original_h": 750,
            "permalink": "https:\/\/mpinfotech.slack.com\/files\/U746RD3SN\/F78R7QMFZ\/image_uploaded_from_ios.jpg",
            "permalink_public": "https:\/\/slack-files.com\/T730RMB7T-F78R7QMFZ-3c322d61a2",
            "channels": [],
            "groups": [],
            "ims": [],
            "comments_count": 1,
            "initial_comment": {
                "id": "Fc77Q9JG20",
                "created": 1506167857,
                "timestamp": 1506167857,
                "user": "U746RD3SN",
                "is_intro": true,
                "comment": "Sample diagram to visualize how the network setup is.\n "
            }
        },
        "user": "U746RD3SN",
        "upload": true,
        "display_as_bot": false,
        "username": "mmurali",
        "bot_id": null,
        "upload_reply_to": "FC0CE86F-7DAD-452F-9EF3-6128F943170C",
        "ts": "1506167856.000074"
    }
]