[
    {
        "type": "message",
        "user": "U746RD3SN",
        "text": "<https:\/\/aws.amazon.com\/about-aws\/whats-new\/2017\/12\/view-amazon-inspector-agent-availability-and-health-status-for-all-targeted-amazon-ec2-instances\/>",
        "ts": "1513438013.000073"
    },
    {
        "type": "message",
        "user": "U746RD3SN",
        "text": "DevOps team explore how to incorporate AWS Inspector agent on all EC2 instances",
        "ts": "1513438036.000086"
    },
    {
        "type": "message",
        "user": "U746RD3SN",
        "text": "DevOps we need to also explore how to encrypt the S3 bucket.",
        "ts": "1513453843.000044"
    }
]