[
    {
        "type": "message",
        "user": "U746RD3SN",
        "text": "TharunThota can you give me an update on the progress you have made",
        "ts": "1514430449.000012"
    },
    {
        "type": "message",
        "user": "U8B25LH0B",
        "text": "Started qwiklabs and done lab on iam,learnt about jenkins,Tomcat,ant,maven",
        "ts": "1514440019.000023"
    },
    {
        "type": "message",
        "user": "U8AJ8835X",
        "text": "Qwiklab IAM, basic consoles in Aws, continuing devops videos",
        "edited": {
            "user": "U8AJ8835X",
            "ts": "1514988771.000000"
        },
        "ts": "1514440165.000137"
    }
]