[
    {
        "type": "message",
        "user": "U730RMBB3",
        "text": "<@U746SCQ90> <@U7DJKE1K5> Ok for those working directly on the Etrademine UAT, please keep the instances up. DO NOT delete them because we have to make sure the Apache, and Tomcat experts from the Zenith side are able to work on the instances.",
        "ts": "1512785774.000012"
    },
    {
        "type": "message",
        "user": "U746RD3SN",
        "text": "Can this be brought up tomorrow please.",
        "ts": "1512796041.000027"
    }
]