[
    {
        "user": "U770EERUN",
        "inviter": "U730RMBB3",
        "text": "<@U770EERUN> has joined the channel",
        "type": "message",
        "subtype": "channel_join",
        "ts": "1505922190.000551"
    },
    {
        "user": "U761HUB8B",
        "inviter": "U730RMBB3",
        "text": "<@U761HUB8B> has joined the channel",
        "type": "message",
        "subtype": "channel_join",
        "ts": "1505922190.000597"
    },
    {
        "user": "U76QMPH8F",
        "inviter": "U730RMBB3",
        "text": "<@U76QMPH8F> has joined the channel",
        "type": "message",
        "subtype": "channel_join",
        "ts": "1505922190.000642"
    },
    {
        "user": "U763Z9NAG",
        "inviter": "U730RMBB3",
        "text": "<@U763Z9NAG> has joined the channel",
        "type": "message",
        "subtype": "channel_join",
        "ts": "1505922190.000697"
    },
    {
        "text": "",
        "username": "Trello",
        "bot_id": "B73M4DEVB",
        "attachments": [
            {
                "author_name": "tarun",
                "fallback": "tarun joined board DevOps.",
                "text": "Joined board *<https:\/\/trello.com\/b\/g6OdnM9b|DevOps>*.",
                "id": 1,
                "author_link": "https:\/\/trello.com\/tarun291",
                "color": "0079BF",
                "mrkdwn_in": [
                    "text",
                    "pretext"
                ]
            }
        ],
        "type": "message",
        "subtype": "bot_message",
        "ts": "1505922275.000003"
    },
    {
        "text": "",
        "username": "Trello",
        "bot_id": "B73M4DEVB",
        "attachments": [
            {
                "author_name": "guru",
                "fallback": "guru joined board DevOps.",
                "text": "Joined board *<https:\/\/trello.com\/b\/g6OdnM9b|DevOps>*.",
                "id": 1,
                "author_link": "https:\/\/trello.com\/guru246",
                "color": "0079BF",
                "mrkdwn_in": [
                    "text",
                    "pretext"
                ]
            }
        ],
        "type": "message",
        "subtype": "bot_message",
        "ts": "1505922288.000374"
    },
    {
        "text": "",
        "username": "Trello",
        "bot_id": "B73M4DEVB",
        "attachments": [
            {
                "author_name": "Prasannasai Meruga",
                "fallback": "New card Test slack integration example for meeting added to list Backlog on board DevOps.",
                "text": "In list *Backlog* on *<https:\/\/trello.com\/b\/g6OdnM9b|DevOps>*.",
                "pretext": "New card created",
                "title": "Test slack integration example for meeting",
                "id": 1,
                "title_link": "https:\/\/trello.com\/c\/GwFhmE9v",
                "author_link": "https:\/\/trello.com\/prasannasaimeruga",
                "color": "0079BF",
                "mrkdwn_in": [
                    "text",
                    "pretext"
                ]
            }
        ],
        "type": "message",
        "subtype": "bot_message",
        "ts": "1505922355.000014"
    },
    {
        "text": "",
        "username": "Trello",
        "bot_id": "B73M4DEVB",
        "attachments": [
            {
                "author_name": "Prasannasai Meruga",
                "fallback": "Prasannasai Meruga joined the card Test slack integration example for meeting.",
                "text": "Joined the card *<https:\/\/trello.com\/c\/GwFhmE9v|Test slack integration example for meeting>*.",
                "id": 1,
                "author_link": "https:\/\/trello.com\/prasannasaimeruga",
                "color": "0079BF",
                "mrkdwn_in": [
                    "text",
                    "pretext"
                ]
            }
        ],
        "type": "message",
        "subtype": "bot_message",
        "ts": "1505922355.000042"
    },
    {
        "text": "",
        "username": "Trello",
        "bot_id": "B73M4DEVB",
        "attachments": [
            {
                "author_name": "Prasannasai Meruga",
                "fallback": "Prasannasai Meruga moved the card Test slack integration example for meeting from Backlog to Done.",
                "text": "Moved *<https:\/\/trello.com\/c\/GwFhmE9v|Test slack integration example for meeting>* from *Backlog* to *Done*.",
                "id": 1,
                "author_link": "https:\/\/trello.com\/prasannasaimeruga",
                "color": "0079BF",
                "mrkdwn_in": [
                    "text",
                    "pretext"
                ]
            }
        ],
        "type": "message",
        "subtype": "bot_message",
        "ts": "1505922439.000374"
    },
    {
        "text": "",
        "username": "Trello",
        "bot_id": "B73M4DEVB",
        "attachments": [
            {
                "author_name": "MMurali",
                "fallback": "New card Security groups - definitions, standards, standard operating procedures added to list Backlog on board DevOps.",
                "text": "In list *Backlog* on *<https:\/\/trello.com\/b\/g6OdnM9b|DevOps>*.",
                "pretext": "New card created",
                "title": "Security groups - definitions, standards, standard operating procedures",
                "id": 1,
                "title_link": "https:\/\/trello.com\/c\/EgJbf9My",
                "author_link": "https:\/\/trello.com\/mmurali",
                "color": "0079BF",
                "mrkdwn_in": [
                    "text",
                    "pretext"
                ]
            }
        ],
        "type": "message",
        "subtype": "bot_message",
        "ts": "1505932198.000237"
    },
    {
        "text": "",
        "username": "Trello",
        "bot_id": "B73M4DEVB",
        "attachments": [
            {
                "author_name": "MMurali",
                "fallback": "MMurali joined the card Security groups - definitions, standards, standard operating procedures.",
                "text": "Joined the card *<https:\/\/trello.com\/c\/EgJbf9My|Security groups - definitions, standards, standard operating procedures>*.",
                "id": 1,
                "author_link": "https:\/\/trello.com\/mmurali",
                "color": "0079BF",
                "mrkdwn_in": [
                    "text",
                    "pretext"
                ]
            }
        ],
        "type": "message",
        "subtype": "bot_message",
        "ts": "1505932204.000584"
    },
    {
        "text": "",
        "username": "Trello",
        "bot_id": "B73M4DEVB",
        "attachments": [
            {
                "author_name": "MMurali",
                "fallback": "MMurali added a checklist \"Checklist\" to the card Prepare a template for capturing On-Premise asset information.",
                "text": "Added a checklist *Checklist* to the card *<https:\/\/trello.com\/c\/M6YB89mM|Prepare a template for capturing On-Premise asset information>*.",
                "id": 1,
                "author_link": "https:\/\/trello.com\/mmurali",
                "color": "0079BF",
                "mrkdwn_in": [
                    "text",
                    "pretext"
                ]
            }
        ],
        "type": "message",
        "subtype": "bot_message",
        "ts": "1505932250.000401"
    },
    {
        "text": "",
        "username": "Trello",
        "bot_id": "B73M4DEVB",
        "attachments": [
            {
                "author_name": "MMurali",
                "fallback": "MMurali added a new item \"Network diagrams\" to the checklist Checklist.",
                "text": "Added a new item *Network diagrams* to the checklist *Checklist* on *<https:\/\/trello.com\/c\/M6YB89mM|Prepare a template for capturing On-Premise asset information>*.",
                "id": 1,
                "author_link": "https:\/\/trello.com\/mmurali",
                "color": "0079BF",
                "mrkdwn_in": [
                    "text",
                    "pretext"
                ]
            }
        ],
        "type": "message",
        "subtype": "bot_message",
        "ts": "1505932264.000356"
    },
    {
        "text": "",
        "username": "Trello",
        "bot_id": "B73M4DEVB",
        "attachments": [
            {
                "author_name": "MMurali",
                "fallback": "MMurali added a new item \"Cmdb\" to the checklist Checklist.",
                "text": "Added a new item *Cmdb* to the checklist *Checklist* on *<https:\/\/trello.com\/c\/M6YB89mM|Prepare a template for capturing On-Premise asset information>*.",
                "id": 1,
                "author_link": "https:\/\/trello.com\/mmurali",
                "color": "0079BF",
                "mrkdwn_in": [
                    "text",
                    "pretext"
                ]
            }
        ],
        "type": "message",
        "subtype": "bot_message",
        "ts": "1505932273.000173"
    },
    {
        "text": "",
        "username": "Trello",
        "bot_id": "B73M4DEVB",
        "attachments": [
            {
                "author_name": "MMurali",
                "fallback": "MMurali added a new item \"BCP requirements\" to the checklist Checklist.",
                "text": "Added a new item *BCP requirements* to the checklist *Checklist* on *<https:\/\/trello.com\/c\/M6YB89mM|Prepare a template for capturing On-Premise asset information>*.",
                "id": 1,
                "author_link": "https:\/\/trello.com\/mmurali",
                "color": "0079BF",
                "mrkdwn_in": [
                    "text",
                    "pretext"
                ]
            }
        ],
        "type": "message",
        "subtype": "bot_message",
        "ts": "1505932284.000310"
    },
    {
        "text": "",
        "username": "Trello",
        "bot_id": "B73M4DEVB",
        "attachments": [
            {
                "author_name": "MMurali",
                "fallback": "MMurali added a new item \"Backups\" to the checklist Checklist.",
                "text": "Added a new item *Backups* to the checklist *Checklist* on *<https:\/\/trello.com\/c\/M6YB89mM|Prepare a template for capturing On-Premise asset information>*.",
                "id": 1,
                "author_link": "https:\/\/trello.com\/mmurali",
                "color": "0079BF",
                "mrkdwn_in": [
                    "text",
                    "pretext"
                ]
            }
        ],
        "type": "message",
        "subtype": "bot_message",
        "ts": "1505932328.000020"
    },
    {
        "text": "",
        "username": "Trello",
        "bot_id": "B73M4DEVB",
        "attachments": [
            {
                "author_name": "MMurali",
                "fallback": "MMurali added a checklist \"Checklist\" to the card Prepare a template for capturing cloud side asset information.",
                "text": "Added a checklist *Checklist* to the card *<https:\/\/trello.com\/c\/YQ2Yyuf1|Prepare a template for capturing cloud side asset information>*.",
                "id": 1,
                "author_link": "https:\/\/trello.com\/mmurali",
                "color": "0079BF",
                "mrkdwn_in": [
                    "text",
                    "pretext"
                ]
            }
        ],
        "type": "message",
        "subtype": "bot_message",
        "ts": "1505932568.000436"
    },
    {
        "text": "",
        "username": "Trello",
        "bot_id": "B73M4DEVB",
        "attachments": [
            {
                "author_name": "MMurali",
                "fallback": "MMurali added a new item \"Redundancy requirements\" to the checklist Checklist.",
                "text": "Added a new item *Redundancy requirements* to the checklist *Checklist* on *<https:\/\/trello.com\/c\/YQ2Yyuf1|Prepare a template for capturing cloud side asset information>*.",
                "id": 1,
                "author_link": "https:\/\/trello.com\/mmurali",
                "color": "0079BF",
                "mrkdwn_in": [
                    "text",
                    "pretext"
                ]
            }
        ],
        "type": "message",
        "subtype": "bot_message",
        "ts": "1505932596.000252"
    },
    {
        "text": "",
        "username": "Trello",
        "bot_id": "B73M4DEVB",
        "attachments": [
            {
                "author_name": "MMurali",
                "fallback": "MMurali added a new item \"Scalability requirements\" to the checklist Checklist.",
                "text": "Added a new item *Scalability requirements* to the checklist *Checklist* on *<https:\/\/trello.com\/c\/YQ2Yyuf1|Prepare a template for capturing cloud side asset information>*.",
                "id": 1,
                "author_link": "https:\/\/trello.com\/mmurali",
                "color": "0079BF",
                "mrkdwn_in": [
                    "text",
                    "pretext"
                ]
            }
        ],
        "type": "message",
        "subtype": "bot_message",
        "ts": "1505932606.000649"
    },
    {
        "text": "",
        "username": "Trello",
        "bot_id": "B73M4DEVB",
        "attachments": [
            {
                "author_name": "MMurali",
                "fallback": "MMurali added a new item \"Security controls\" to the checklist Checklist.",
                "text": "Added a new item *Security controls* to the checklist *Checklist* on *<https:\/\/trello.com\/c\/YQ2Yyuf1|Prepare a template for capturing cloud side asset information>*.",
                "id": 1,
                "author_link": "https:\/\/trello.com\/mmurali",
                "color": "0079BF",
                "mrkdwn_in": [
                    "text",
                    "pretext"
                ]
            }
        ],
        "type": "message",
        "subtype": "bot_message",
        "ts": "1505932634.000519"
    },
    {
        "text": "",
        "username": "Trello",
        "bot_id": "B73M4DEVB",
        "attachments": [
            {
                "author_name": "MMurali",
                "fallback": "MMurali added a new item \"Data classification\" to the checklist Checklist.",
                "text": "Added a new item *Data classification* to the checklist *Checklist* on *<https:\/\/trello.com\/c\/YQ2Yyuf1|Prepare a template for capturing cloud side asset information>*.",
                "id": 1,
                "author_link": "https:\/\/trello.com\/mmurali",
                "color": "0079BF",
                "mrkdwn_in": [
                    "text",
                    "pretext"
                ]
            }
        ],
        "type": "message",
        "subtype": "bot_message",
        "ts": "1505932646.000807"
    },
    {
        "text": "",
        "username": "Trello",
        "bot_id": "B73M4DEVB",
        "attachments": [
            {
                "author_name": "MMurali",
                "fallback": "MMurali added a new item \"Encryption at rest and in motion\" to the checklist Checklist.",
                "text": "Added a new item *Encryption at rest and in motion* to the checklist *Checklist* on *<https:\/\/trello.com\/c\/YQ2Yyuf1|Prepare a template for capturing cloud side asset information>*.",
                "id": 1,
                "author_link": "https:\/\/trello.com\/mmurali",
                "color": "0079BF",
                "mrkdwn_in": [
                    "text",
                    "pretext"
                ]
            }
        ],
        "type": "message",
        "subtype": "bot_message",
        "ts": "1505932670.000230"
    },
    {
        "text": "",
        "username": "Trello",
        "bot_id": "B73M4DEVB",
        "attachments": [
            {
                "author_name": "MMurali",
                "fallback": "MMurali added a new item \"Components identified for devops\" to the checklist Checklist.",
                "text": "Added a new item *Components identified for devops* to the checklist *Checklist* on *<https:\/\/trello.com\/c\/YQ2Yyuf1|Prepare a template for capturing cloud side asset information>*.",
                "id": 1,
                "author_link": "https:\/\/trello.com\/mmurali",
                "color": "0079BF",
                "mrkdwn_in": [
                    "text",
                    "pretext"
                ]
            }
        ],
        "type": "message",
        "subtype": "bot_message",
        "ts": "1505932700.000236"
    },
    {
        "text": "",
        "username": "Trello",
        "bot_id": "B73M4DEVB",
        "attachments": [
            {
                "author_name": "MMurali",
                "fallback": "MMurali added a checklist \"Checklist\" to the card Cloud security and Governance - Standard, Procedures.",
                "text": "Added a checklist *Checklist* to the card *<https:\/\/trello.com\/c\/EgRD53Ic|Cloud security and Governance - Standard, Procedures>*.",
                "id": 1,
                "author_link": "https:\/\/trello.com\/mmurali",
                "color": "0079BF",
                "mrkdwn_in": [
                    "text",
                    "pretext"
                ]
            }
        ],
        "type": "message",
        "subtype": "bot_message",
        "ts": "1505932727.000196"
    },
    {
        "text": "",
        "username": "Trello",
        "bot_id": "B73M4DEVB",
        "attachments": [
            {
                "author_name": "MMurali",
                "fallback": "MMurali added a new item \"Define controls for AMI\" to the checklist Checklist.",
                "text": "Added a new item *Define controls for AMI* to the checklist *Checklist* on *<https:\/\/trello.com\/c\/EgRD53Ic|Cloud security and Governance - Standard, Procedures>*.",
                "id": 1,
                "author_link": "https:\/\/trello.com\/mmurali",
                "color": "0079BF",
                "mrkdwn_in": [
                    "text",
                    "pretext"
                ]
            }
        ],
        "type": "message",
        "subtype": "bot_message",
        "ts": "1505932737.000268"
    },
    {
        "text": "",
        "username": "Trello",
        "bot_id": "B73M4DEVB",
        "attachments": [
            {
                "author_name": "MMurali",
                "fallback": "MMurali renamed an item in the Checklist checklist from Define controls for AMI to Define controls for AMI based on CIS controls on Cloud security and Governance - Standard, Procedures.",
                "text": "Renamed an item in the *Checklist* checklist from \"Define controls for AMI\" to *Define controls for AMI based on CIS controls* on *<https:\/\/trello.com\/c\/EgRD53Ic|Cloud security and Governance - Standard, Procedures>*.",
                "id": 1,
                "author_link": "https:\/\/trello.com\/mmurali",
                "color": "0079BF",
                "mrkdwn_in": [
                    "text",
                    "pretext"
                ]
            }
        ],
        "type": "message",
        "subtype": "bot_message",
        "ts": "1505932770.000118"
    },
    {
        "text": "",
        "username": "Trello",
        "bot_id": "B73M4DEVB",
        "attachments": [
            {
                "author_name": "MMurali",
                "fallback": "MMurali added a new item \"Security that controls must factor into design, implement and operate\" to the checklist Checklist.",
                "text": "Added a new item *Security that controls must factor into design, implement and operate* to the checklist *Checklist* on *<https:\/\/trello.com\/c\/EgRD53Ic|Cloud security and Governance - Standard, Procedures>*.",
                "id": 1,
                "author_link": "https:\/\/trello.com\/mmurali",
                "color": "0079BF",
                "mrkdwn_in": [
                    "text",
                    "pretext"
                ]
            }
        ],
        "type": "message",
        "subtype": "bot_message",
        "ts": "1505932812.000273"
    },
    {
        "text": "",
        "username": "Trello",
        "bot_id": "B73M4DEVB",
        "attachments": [
            {
                "author_name": "MMurali",
                "fallback": "MMurali added a new item \"SDLC stage gates Security controls review and sign-off\" to the checklist Checklist.",
                "text": "Added a new item *SDLC stage gates Security controls review and sign-off* to the checklist *Checklist* on *<https:\/\/trello.com\/c\/EgRD53Ic|Cloud security and Governance - Standard, Procedures>*.",
                "id": 1,
                "author_link": "https:\/\/trello.com\/mmurali",
                "color": "0079BF",
                "mrkdwn_in": [
                    "text",
                    "pretext"
                ]
            }
        ],
        "type": "message",
        "subtype": "bot_message",
        "ts": "1505932861.000325"
    },
    {
        "text": "",
        "username": "Trello",
        "bot_id": "B73M4DEVB",
        "attachments": [
            {
                "author_name": "MMurali",
                "fallback": "MMurali added a new item \"Review of IAM roles and review of logs\" to the checklist Checklist.",
                "text": "Added a new item *Review of IAM roles and review of logs* to the checklist *Checklist* on *<https:\/\/trello.com\/c\/EgRD53Ic|Cloud security and Governance - Standard, Procedures>*.",
                "id": 1,
                "author_link": "https:\/\/trello.com\/mmurali",
                "color": "0079BF",
                "mrkdwn_in": [
                    "text",
                    "pretext"
                ]
            }
        ],
        "type": "message",
        "subtype": "bot_message",
        "ts": "1505932888.000165"
    },
    {
        "text": "",
        "username": "Trello",
        "bot_id": "B73M4DEVB",
        "attachments": [
            {
                "author_name": "MMurali",
                "fallback": "MMurali moved the card Prepare a template for capturing On-Premise asset information from Backlog to Ready.",
                "text": "Moved *<https:\/\/trello.com\/c\/M6YB89mM|Prepare a template for capturing On-Premise asset information>* from *Backlog* to *Ready*.",
                "id": 1,
                "author_link": "https:\/\/trello.com\/mmurali",
                "color": "0079BF",
                "mrkdwn_in": [
                    "text",
                    "pretext"
                ]
            }
        ],
        "type": "message",
        "subtype": "bot_message",
        "ts": "1505932963.000419"
    },
    {
        "text": "",
        "username": "Trello",
        "bot_id": "B73M4DEVB",
        "attachments": [
            {
                "author_name": "MMurali",
                "fallback": "MMurali added guru to card Prepare a template for capturing On-Premise asset information.",
                "text": "Added *<https:\/\/trello.com\/guru246|guru>* to card *<https:\/\/trello.com\/c\/M6YB89mM|Prepare a template for capturing On-Premise asset information>*.",
                "id": 1,
                "author_link": "https:\/\/trello.com\/mmurali",
                "color": "0079BF",
                "mrkdwn_in": [
                    "text",
                    "pretext"
                ]
            }
        ],
        "type": "message",
        "subtype": "bot_message",
        "ts": "1505932984.000029"
    },
    {
        "text": "",
        "username": "Trello",
        "bot_id": "B73M4DEVB",
        "attachments": [
            {
                "author_name": "MMurali",
                "fallback": "MMurali added guru to card Security groups - definitions, standards, standard operating procedures.",
                "text": "Added *<https:\/\/trello.com\/guru246|guru>* to card *<https:\/\/trello.com\/c\/EgJbf9My|Security groups - definitions, standards, standard operating procedures>*.",
                "id": 1,
                "author_link": "https:\/\/trello.com\/mmurali",
                "color": "0079BF",
                "mrkdwn_in": [
                    "text",
                    "pretext"
                ]
            }
        ],
        "type": "message",
        "subtype": "bot_message",
        "ts": "1505932995.000066"
    },
    {
        "text": "",
        "username": "Trello",
        "bot_id": "B73M4DEVB",
        "attachments": [
            {
                "author_name": "MMurali",
                "fallback": "New card Template design and documentation added to list Backlog on board DevOps.",
                "text": "In list *Backlog* on *<https:\/\/trello.com\/b\/g6OdnM9b|DevOps>*.",
                "pretext": "New card created",
                "title": "Template design and documentation",
                "id": 1,
                "title_link": "https:\/\/trello.com\/c\/H0LSQdcK",
                "author_link": "https:\/\/trello.com\/mmurali",
                "color": "0079BF",
                "mrkdwn_in": [
                    "text",
                    "pretext"
                ]
            }
        ],
        "type": "message",
        "subtype": "bot_message",
        "ts": "1505933042.000280"
    },
    {
        "text": "",
        "username": "Trello",
        "bot_id": "B73M4DEVB",
        "attachments": [
            {
                "author_name": "MMurali",
                "fallback": "MMurali joined the card Template design and documentation.",
                "text": "Joined the card *<https:\/\/trello.com\/c\/H0LSQdcK|Template design and documentation>*.",
                "id": 1,
                "author_link": "https:\/\/trello.com\/mmurali",
                "color": "0079BF",
                "mrkdwn_in": [
                    "text",
                    "pretext"
                ]
            }
        ],
        "type": "message",
        "subtype": "bot_message",
        "ts": "1505933049.000058"
    },
    {
        "type": "message",
        "subtype": "file_share",
        "text": "<@U746SCQ90> uploaded a file: <https:\/\/mpinfotech.slack.com\/files\/U746SCQ90\/F776BUHHC\/vpc.jpeg|Vpc.jpeg>",
        "file": {
            "id": "F776BUHHC",
            "created": 1505940312,
            "timestamp": 1505940312,
            "name": "Vpc.jpeg",
            "title": "Vpc.jpeg",
            "mimetype": "image\/jpeg",
            "filetype": "jpg",
            "pretty_type": "JPEG",
            "user": "U746SCQ90",
            "editable": false,
            "size": 37149,
            "mode": "hosted",
            "is_external": false,
            "external_type": "",
            "is_public": true,
            "public_url_shared": false,
            "display_as_bot": false,
            "username": "",
            "url_private": "https:\/\/files.slack.com\/files-pri\/T730RMB7T-F776BUHHC\/vpc.jpeg?t=xoxe-241025725265-384508339281-384508339409-5b92d26397ce6b615c24d77267fe6bb3",
            "url_private_download": "https:\/\/files.slack.com\/files-pri\/T730RMB7T-F776BUHHC\/download\/vpc.jpeg?t=xoxe-241025725265-384508339281-384508339409-5b92d26397ce6b615c24d77267fe6bb3",
            "thumb_64": "https:\/\/files.slack.com\/files-tmb\/T730RMB7T-F776BUHHC-9cf0b7bec7\/vpc_64.jpg?t=xoxe-241025725265-384508339281-384508339409-5b92d26397ce6b615c24d77267fe6bb3",
            "thumb_80": "https:\/\/files.slack.com\/files-tmb\/T730RMB7T-F776BUHHC-9cf0b7bec7\/vpc_80.jpg?t=xoxe-241025725265-384508339281-384508339409-5b92d26397ce6b615c24d77267fe6bb3",
            "thumb_360": "https:\/\/files.slack.com\/files-tmb\/T730RMB7T-F776BUHHC-9cf0b7bec7\/vpc_360.jpg?t=xoxe-241025725265-384508339281-384508339409-5b92d26397ce6b615c24d77267fe6bb3",
            "thumb_360_w": 360,
            "thumb_360_h": 156,
            "thumb_480": "https:\/\/files.slack.com\/files-tmb\/T730RMB7T-F776BUHHC-9cf0b7bec7\/vpc_480.jpg?t=xoxe-241025725265-384508339281-384508339409-5b92d26397ce6b615c24d77267fe6bb3",
            "thumb_480_w": 480,
            "thumb_480_h": 209,
            "thumb_160": "https:\/\/files.slack.com\/files-tmb\/T730RMB7T-F776BUHHC-9cf0b7bec7\/vpc_160.jpg?t=xoxe-241025725265-384508339281-384508339409-5b92d26397ce6b615c24d77267fe6bb3",
            "thumb_720": "https:\/\/files.slack.com\/files-tmb\/T730RMB7T-F776BUHHC-9cf0b7bec7\/vpc_720.jpg?t=xoxe-241025725265-384508339281-384508339409-5b92d26397ce6b615c24d77267fe6bb3",
            "thumb_720_w": 720,
            "thumb_720_h": 313,
            "thumb_800": "https:\/\/files.slack.com\/files-tmb\/T730RMB7T-F776BUHHC-9cf0b7bec7\/vpc_800.jpg?t=xoxe-241025725265-384508339281-384508339409-5b92d26397ce6b615c24d77267fe6bb3",
            "thumb_800_w": 800,
            "thumb_800_h": 348,
            "thumb_960": "https:\/\/files.slack.com\/files-tmb\/T730RMB7T-F776BUHHC-9cf0b7bec7\/vpc_960.jpg?t=xoxe-241025725265-384508339281-384508339409-5b92d26397ce6b615c24d77267fe6bb3",
            "thumb_960_w": 960,
            "thumb_960_h": 417,
            "thumb_1024": "https:\/\/files.slack.com\/files-tmb\/T730RMB7T-F776BUHHC-9cf0b7bec7\/vpc_1024.jpg?t=xoxe-241025725265-384508339281-384508339409-5b92d26397ce6b615c24d77267fe6bb3",
            "thumb_1024_w": 1024,
            "thumb_1024_h": 445,
            "image_exif_rotation": 1,
            "original_w": 1600,
            "original_h": 695,
            "permalink": "https:\/\/mpinfotech.slack.com\/files\/U746SCQ90\/F776BUHHC\/vpc.jpeg",
            "permalink_public": "https:\/\/slack-files.com\/T730RMB7T-F776BUHHC-93e988ce33",
            "channels": [],
            "groups": [],
            "ims": [],
            "comments_count": 0
        },
        "user": "U746SCQ90",
        "upload": true,
        "display_as_bot": false,
        "username": "vidyulatha",
        "bot_id": null,
        "ts": "1505940315.000303"
    },
    {
        "type": "message",
        "user": "U746SCQ90",
        "text": "Sai Garu plz check the above diagram ..",
        "ts": "1505940392.000335"
    },
    {
        "type": "message",
        "user": "U746SCQ90",
        "text": "which I was talking to you",
        "ts": "1505940404.000211"
    },
    {
        "type": "message",
        "subtype": "file_share",
        "text": "<@U746SCQ90> uploaded a file: <https:\/\/mpinfotech.slack.com\/files\/U746SCQ90\/F76BR4YBW\/vpc_subnet9_20.rtf|VPC:SUBNET9:20.rtf>",
        "file": {
            "id": "F76BR4YBW",
            "created": 1505941759,
            "timestamp": 1505941759,
            "name": "VPC:SUBNET9:20.rtf",
            "title": "VPC:SUBNET9:20.rtf",
            "mimetype": "text\/rtf",
            "filetype": "rtf",
            "pretty_type": "Rich Text File",
            "user": "U746SCQ90",
            "editable": false,
            "size": 7809,
            "mode": "hosted",
            "is_external": false,
            "external_type": "",
            "is_public": true,
            "public_url_shared": false,
            "display_as_bot": false,
            "username": "",
            "url_private": "https:\/\/files.slack.com\/files-pri\/T730RMB7T-F76BR4YBW\/vpc_subnet9_20.rtf?t=xoxe-241025725265-384508339281-384508339409-5b92d26397ce6b615c24d77267fe6bb3",
            "url_private_download": "https:\/\/files.slack.com\/files-pri\/T730RMB7T-F76BR4YBW\/download\/vpc_subnet9_20.rtf?t=xoxe-241025725265-384508339281-384508339409-5b92d26397ce6b615c24d77267fe6bb3",
            "permalink": "https:\/\/mpinfotech.slack.com\/files\/U746SCQ90\/F76BR4YBW\/vpc_subnet9_20.rtf",
            "permalink_public": "https:\/\/slack-files.com\/T730RMB7T-F76BR4YBW-3c83c9018a",
            "channels": [],
            "groups": [],
            "ims": [],
            "comments_count": 0
        },
        "user": "U746SCQ90",
        "upload": true,
        "display_as_bot": false,
        "username": "vidyulatha",
        "bot_id": null,
        "ts": "1505941760.000093"
    },
    {
        "type": "message",
        "subtype": "file_share",
        "text": "<@U746SCQ90> uploaded a file: <https:\/\/mpinfotech.slack.com\/files\/U746SCQ90\/F75M6DQTA\/new-designer__2_.png|new-designer (2).png>",
        "file": {
            "id": "F75M6DQTA",
            "created": 1505945039,
            "timestamp": 1505945039,
            "name": "new-designer (2).png",
            "title": "new-designer (2).png",
            "mimetype": "image\/png",
            "filetype": "png",
            "pretty_type": "PNG",
            "user": "U746SCQ90",
            "editable": false,
            "size": 212571,
            "mode": "hosted",
            "is_external": false,
            "external_type": "",
            "is_public": true,
            "public_url_shared": false,
            "display_as_bot": false,
            "username": "",
            "url_private": "https:\/\/files.slack.com\/files-pri\/T730RMB7T-F75M6DQTA\/new-designer__2_.png?t=xoxe-241025725265-384508339281-384508339409-5b92d26397ce6b615c24d77267fe6bb3",
            "url_private_download": "https:\/\/files.slack.com\/files-pri\/T730RMB7T-F75M6DQTA\/download\/new-designer__2_.png?t=xoxe-241025725265-384508339281-384508339409-5b92d26397ce6b615c24d77267fe6bb3",
            "thumb_64": "https:\/\/files.slack.com\/files-tmb\/T730RMB7T-F75M6DQTA-88794e3a78\/new-designer__2__64.png?t=xoxe-241025725265-384508339281-384508339409-5b92d26397ce6b615c24d77267fe6bb3",
            "thumb_80": "https:\/\/files.slack.com\/files-tmb\/T730RMB7T-F75M6DQTA-88794e3a78\/new-designer__2__80.png?t=xoxe-241025725265-384508339281-384508339409-5b92d26397ce6b615c24d77267fe6bb3",
            "thumb_360": "https:\/\/files.slack.com\/files-tmb\/T730RMB7T-F75M6DQTA-88794e3a78\/new-designer__2__360.png?t=xoxe-241025725265-384508339281-384508339409-5b92d26397ce6b615c24d77267fe6bb3",
            "thumb_360_w": 360,
            "thumb_360_h": 228,
            "thumb_480": "https:\/\/files.slack.com\/files-tmb\/T730RMB7T-F75M6DQTA-88794e3a78\/new-designer__2__480.png?t=xoxe-241025725265-384508339281-384508339409-5b92d26397ce6b615c24d77267fe6bb3",
            "thumb_480_w": 480,
            "thumb_480_h": 305,
            "thumb_160": "https:\/\/files.slack.com\/files-tmb\/T730RMB7T-F75M6DQTA-88794e3a78\/new-designer__2__160.png?t=xoxe-241025725265-384508339281-384508339409-5b92d26397ce6b615c24d77267fe6bb3",
            "thumb_720": "https:\/\/files.slack.com\/files-tmb\/T730RMB7T-F75M6DQTA-88794e3a78\/new-designer__2__720.png?t=xoxe-241025725265-384508339281-384508339409-5b92d26397ce6b615c24d77267fe6bb3",
            "thumb_720_w": 720,
            "thumb_720_h": 457,
            "thumb_800": "https:\/\/files.slack.com\/files-tmb\/T730RMB7T-F75M6DQTA-88794e3a78\/new-designer__2__800.png?t=xoxe-241025725265-384508339281-384508339409-5b92d26397ce6b615c24d77267fe6bb3",
            "thumb_800_w": 800,
            "thumb_800_h": 508,
            "thumb_960": "https:\/\/files.slack.com\/files-tmb\/T730RMB7T-F75M6DQTA-88794e3a78\/new-designer__2__960.png?t=xoxe-241025725265-384508339281-384508339409-5b92d26397ce6b615c24d77267fe6bb3",
            "thumb_960_w": 960,
            "thumb_960_h": 609,
            "thumb_1024": "https:\/\/files.slack.com\/files-tmb\/T730RMB7T-F75M6DQTA-88794e3a78\/new-designer__2__1024.png?t=xoxe-241025725265-384508339281-384508339409-5b92d26397ce6b615c24d77267fe6bb3",
            "thumb_1024_w": 1024,
            "thumb_1024_h": 650,
            "image_exif_rotation": 1,
            "original_w": 2874,
            "original_h": 1824,
            "permalink": "https:\/\/mpinfotech.slack.com\/files\/U746SCQ90\/F75M6DQTA\/new-designer__2_.png",
            "permalink_public": "https:\/\/slack-files.com\/T730RMB7T-F75M6DQTA-287d783d0f",
            "channels": [],
            "groups": [],
            "ims": [],
            "comments_count": 0
        },
        "user": "U746SCQ90",
        "upload": true,
        "display_as_bot": false,
        "username": "vidyulatha",
        "bot_id": null,
        "ts": "1505945042.000172"
    },
    {
        "type": "message",
        "user": "U730RMBB3",
        "text": "Looks good see if it can deploy",
        "ts": "1505946679.000222"
    },
    {
        "type": "message",
        "user": "U730RMBB3",
        "text": "If it can then add the EC2s as described in the diagram",
        "ts": "1505946704.000041"
    },
    {
        "type": "message",
        "user": "U746RD3SN",
        "text": "Ip address is all defined ? ",
        "ts": "1505955096.000127"
    },
    {
        "type": "message",
        "user": "U746RD3SN",
        "text": "Tags defined ?",
        "ts": "1505955103.000036"
    }
]