[
    {
        "type": "message",
        "user": "U746SCQ90",
        "text": "Hi Murali sir and Sai sir !! We successfully created the instance using template :)",
        "ts": "1507911029.000556"
    },
    {
        "type": "message",
        "user": "U730RMBB3",
        "text": "great good to know it works",
        "ts": "1507911047.000409"
    },
    {
        "type": "message",
        "user": "U746RD3SN",
        "text": ":slightly_smiling_face:",
        "ts": "1507911060.000313"
    },
    {
        "type": "message",
        "user": "U730RMBB3",
        "text": "welcome to the world of coding",
        "ts": "1507911065.000095"
    },
    {
        "type": "message",
        "user": "U746SCQ90",
        "text": "Yep .. learnt a lot ",
        "ts": "1507911071.000022"
    },
    {
        "type": "message",
        "user": "U746RD3SN",
        "text": "Today morning there was a presentation done by Abbas, Tarun and Sureka on AWS",
        "ts": "1507911104.000212"
    },
    {
        "type": "message",
        "user": "U746SCQ90",
        "text": "O nice !!",
        "ts": "1507911181.000132"
    },
    {
        "type": "message",
        "user": "U746RD3SN",
        "text": "2:30 or 3PM can we have a call with Architecture, DevOps and Security teams",
        "ts": "1507911205.000022"
    },
    {
        "type": "message",
        "user": "U746RD3SN",
        "text": "to now work on the diagram.",
        "ts": "1507911211.000141"
    },
    {
        "type": "message",
        "user": "U746SCQ90",
        "text": "Ok sir ",
        "ts": "1507911221.000534"
    },
    {
        "type": "message",
        "user": "U746SCQ90",
        "text": "Sorry missed morning presentation ",
        "ts": "1507911233.000540"
    },
    {
        "type": "message",
        "user": "U746RD3SN",
        "text": "for Etrademine and also finalizing the design.",
        "ts": "1507911235.000678"
    },
    {
        "type": "message",
        "user": "U746RD3SN",
        "text": "you know what they spoke, so you both didnt miss anything.",
        "ts": "1507911253.000503"
    },
    {
        "type": "message",
        "user": "U746RD3SN",
        "text": "they tried their best to present, and there will be one more in the coming weeks, - enhanced presentation.",
        "ts": "1507911294.000389"
    },
    {
        "type": "message",
        "user": "U746RD3SN",
        "text": "Etrademine is a 3 tier architecture, web, app, and db",
        "ts": "1507911333.000276"
    },
    {
        "type": "message",
        "user": "U746RD3SN",
        "text": "Sai can you map appropriate software for these layers and AMI's.",
        "ts": "1507911379.000657"
    },
    {
        "type": "message",
        "user": "U730RMBB3",
        "text": "sure",
        "ts": "1507911393.000503"
    },
    {
        "type": "message",
        "user": "U746SCQ90",
        "text": "Sure sir ",
        "ts": "1507911408.000425"
    },
    {
        "type": "message",
        "user": "U746RD3SN",
        "text": "Vidyulatha, PSai and RSai, you guys would have received access to a google drive.",
        "ts": "1507911712.000573"
    },
    {
        "type": "message",
        "user": "U746RD3SN",
        "text": "please confirm access",
        "ts": "1507911729.000090"
    },
    {
        "type": "message",
        "subtype": "file_share",
        "text": "<@U746RD3SN> uploaded a file: <https:\/\/mpinfotech.slack.com\/files\/U746RD3SN\/F7J99SC4C\/image_uploaded_from_ios.jpg|Image uploaded from iOS>",
        "file": {
            "id": "F7J99SC4C",
            "created": 1507937989,
            "timestamp": 1507937989,
            "name": "Image uploaded from iOS.jpg",
            "title": "Image uploaded from iOS",
            "mimetype": "image\/jpeg",
            "filetype": "jpg",
            "pretty_type": "JPEG",
            "user": "U746RD3SN",
            "editable": false,
            "size": 6435733,
            "mode": "hosted",
            "is_external": false,
            "external_type": "",
            "is_public": true,
            "public_url_shared": false,
            "display_as_bot": false,
            "username": "",
            "url_private": "https:\/\/files.slack.com\/files-pri\/T730RMB7T-F7J99SC4C\/image_uploaded_from_ios.jpg?t=xoxe-241025725265-384508339281-384508339409-5b92d26397ce6b615c24d77267fe6bb3",
            "url_private_download": "https:\/\/files.slack.com\/files-pri\/T730RMB7T-F7J99SC4C\/download\/image_uploaded_from_ios.jpg?t=xoxe-241025725265-384508339281-384508339409-5b92d26397ce6b615c24d77267fe6bb3",
            "thumb_64": "https:\/\/files.slack.com\/files-tmb\/T730RMB7T-F7J99SC4C-f1b1bc6b9d\/image_uploaded_from_ios_64.jpg?t=xoxe-241025725265-384508339281-384508339409-5b92d26397ce6b615c24d77267fe6bb3",
            "thumb_80": "https:\/\/files.slack.com\/files-tmb\/T730RMB7T-F7J99SC4C-f1b1bc6b9d\/image_uploaded_from_ios_80.jpg?t=xoxe-241025725265-384508339281-384508339409-5b92d26397ce6b615c24d77267fe6bb3",
            "thumb_360": "https:\/\/files.slack.com\/files-tmb\/T730RMB7T-F7J99SC4C-f1b1bc6b9d\/image_uploaded_from_ios_360.jpg?t=xoxe-241025725265-384508339281-384508339409-5b92d26397ce6b615c24d77267fe6bb3",
            "thumb_360_w": 270,
            "thumb_360_h": 360,
            "thumb_480": "https:\/\/files.slack.com\/files-tmb\/T730RMB7T-F7J99SC4C-f1b1bc6b9d\/image_uploaded_from_ios_480.jpg?t=xoxe-241025725265-384508339281-384508339409-5b92d26397ce6b615c24d77267fe6bb3",
            "thumb_480_w": 360,
            "thumb_480_h": 480,
            "thumb_160": "https:\/\/files.slack.com\/files-tmb\/T730RMB7T-F7J99SC4C-f1b1bc6b9d\/image_uploaded_from_ios_160.jpg?t=xoxe-241025725265-384508339281-384508339409-5b92d26397ce6b615c24d77267fe6bb3",
            "thumb_720": "https:\/\/files.slack.com\/files-tmb\/T730RMB7T-F7J99SC4C-f1b1bc6b9d\/image_uploaded_from_ios_720.jpg?t=xoxe-241025725265-384508339281-384508339409-5b92d26397ce6b615c24d77267fe6bb3",
            "thumb_720_w": 540,
            "thumb_720_h": 720,
            "thumb_800": "https:\/\/files.slack.com\/files-tmb\/T730RMB7T-F7J99SC4C-f1b1bc6b9d\/image_uploaded_from_ios_800.jpg?t=xoxe-241025725265-384508339281-384508339409-5b92d26397ce6b615c24d77267fe6bb3",
            "thumb_800_w": 800,
            "thumb_800_h": 1067,
            "thumb_960": "https:\/\/files.slack.com\/files-tmb\/T730RMB7T-F7J99SC4C-f1b1bc6b9d\/image_uploaded_from_ios_960.jpg?t=xoxe-241025725265-384508339281-384508339409-5b92d26397ce6b615c24d77267fe6bb3",
            "thumb_960_w": 720,
            "thumb_960_h": 960,
            "thumb_1024": "https:\/\/files.slack.com\/files-tmb\/T730RMB7T-F7J99SC4C-f1b1bc6b9d\/image_uploaded_from_ios_1024.jpg?t=xoxe-241025725265-384508339281-384508339409-5b92d26397ce6b615c24d77267fe6bb3",
            "thumb_1024_w": 768,
            "thumb_1024_h": 1024,
            "image_exif_rotation": 1,
            "original_w": 3024,
            "original_h": 4032,
            "permalink": "https:\/\/mpinfotech.slack.com\/files\/U746RD3SN\/F7J99SC4C\/image_uploaded_from_ios.jpg",
            "permalink_public": "https:\/\/slack-files.com\/T730RMB7T-F7J99SC4C-29249d1f0d",
            "channels": [],
            "groups": [],
            "ims": [],
            "comments_count": 0
        },
        "user": "U746RD3SN",
        "upload": true,
        "display_as_bot": false,
        "username": "mmurali",
        "bot_id": null,
        "upload_reply_to": "18EDD8F3-38C5-4E07-93A9-45EA9A244C64",
        "ts": "1507937995.000042"
    }
]