[
    {
        "type": "message",
        "user": "U746RD3SN",
        "text": "<https:\/\/pwsafe.org\/> use this site to download and install the software on  your computer.",
        "attachments": [
            {
                "title": "Password Safe",
                "title_link": "https:\/\/pwsafe.org\/",
                "text": "Password Safe allows you to safely and easily create a secured and encrypted user name\/password list. With Password Safe all you have to do is create and remember a single Master Password of your choice in order to unlock and access your entire user name\/password list.",
                "fallback": "Password Safe",
                "from_url": "https:\/\/pwsafe.org\/",
                "service_name": "pwsafe.org",
                "id": 1
            }
        ],
        "ts": "1506517675.000020"
    },
    {
        "text": "",
        "username": "Trello",
        "bot_id": "B73M4DEVB",
        "attachments": [
            {
                "author_name": "Prasannasai Meruga",
                "fallback": "Prasannasai Meruga moved the card Give P.Sai your home IP (using <http:\/\/www.whatsmyip.org|www.whatsmyip.org>) so that everyone can access the MPIT Lab environment. from Ready to Done.",
                "text": "Moved *<https:\/\/trello.com\/c\/LrCLUU88|Give P.Sai your home IP (using www.whatsmyip.org) so that everyone can access the MPIT Lab environment.>* from *Ready* to *Done*.",
                "id": 1,
                "author_link": "https:\/\/trello.com\/prasannasaimeruga",
                "color": "0079BF",
                "mrkdwn_in": [
                    "text",
                    "pretext"
                ]
            }
        ],
        "type": "message",
        "subtype": "bot_message",
        "ts": "1506530572.000147"
    },
    {
        "type": "message",
        "user": "U76QMPH8F",
        "text": "24.218.197.16 this is guru.. it is my ip address",
        "ts": "1506530594.000064"
    },
    {
        "type": "message",
        "user": "U730RMBB3",
        "text": "To learn JSON or yaml, try using codeacademy or w3schools which have resources for learning these languages",
        "ts": "1506530827.000295"
    },
    {
        "type": "message",
        "user": "U730RMBB3",
        "text": "along with the coaching",
        "ts": "1506530835.000258"
    }
]