[
    {
        "type": "message",
        "user": "U759G285D",
        "text": "Murali garu I will join sai garu in architecture design ",
        "ts": "1506712055.000458"
    },
    {
        "type": "message",
        "user": "U746RD3SN",
        "text": "ok",
        "ts": "1506712072.000167"
    },
    {
        "type": "message",
        "user": "U746RD3SN",
        "text": "Thanks",
        "ts": "1506712075.000638"
    },
    {
        "type": "message",
        "user": "U759G285D",
        "text": "In the customer experience lab ",
        "ts": "1506712085.000165"
    },
    {
        "type": "message",
        "user": "U759G285D",
        "text": "Thank you sir",
        "ts": "1506712089.000331"
    }
]