[
    {
        "type": "message",
        "subtype": "file_share",
        "text": "<@U770EERUN> uploaded a file: <https:\/\/mpinfotech.slack.com\/files\/U770EERUN\/F8E3RP2HX\/error.png|error.png> and commented: I stucked with this error, can someone help me out.",
        "file": {
            "id": "F8E3RP2HX",
            "created": 1513248141,
            "timestamp": 1513248141,
            "name": "error.png",
            "title": "error.png",
            "mimetype": "image\/png",
            "filetype": "png",
            "pretty_type": "PNG",
            "user": "U770EERUN",
            "editable": false,
            "size": 1100995,
            "mode": "hosted",
            "is_external": false,
            "external_type": "",
            "is_public": true,
            "public_url_shared": false,
            "display_as_bot": false,
            "username": "",
            "url_private": "https:\/\/files.slack.com\/files-pri\/T730RMB7T-F8E3RP2HX\/error.png?t=xoxe-241025725265-384508339281-384508339409-5b92d26397ce6b615c24d77267fe6bb3",
            "url_private_download": "https:\/\/files.slack.com\/files-pri\/T730RMB7T-F8E3RP2HX\/download\/error.png?t=xoxe-241025725265-384508339281-384508339409-5b92d26397ce6b615c24d77267fe6bb3",
            "thumb_64": "https:\/\/files.slack.com\/files-tmb\/T730RMB7T-F8E3RP2HX-c7e839fd19\/error_64.png?t=xoxe-241025725265-384508339281-384508339409-5b92d26397ce6b615c24d77267fe6bb3",
            "thumb_80": "https:\/\/files.slack.com\/files-tmb\/T730RMB7T-F8E3RP2HX-c7e839fd19\/error_80.png?t=xoxe-241025725265-384508339281-384508339409-5b92d26397ce6b615c24d77267fe6bb3",
            "thumb_360": "https:\/\/files.slack.com\/files-tmb\/T730RMB7T-F8E3RP2HX-c7e839fd19\/error_360.png?t=xoxe-241025725265-384508339281-384508339409-5b92d26397ce6b615c24d77267fe6bb3",
            "thumb_360_w": 360,
            "thumb_360_h": 202,
            "thumb_480": "https:\/\/files.slack.com\/files-tmb\/T730RMB7T-F8E3RP2HX-c7e839fd19\/error_480.png?t=xoxe-241025725265-384508339281-384508339409-5b92d26397ce6b615c24d77267fe6bb3",
            "thumb_480_w": 480,
            "thumb_480_h": 270,
            "thumb_160": "https:\/\/files.slack.com\/files-tmb\/T730RMB7T-F8E3RP2HX-c7e839fd19\/error_160.png?t=xoxe-241025725265-384508339281-384508339409-5b92d26397ce6b615c24d77267fe6bb3",
            "thumb_720": "https:\/\/files.slack.com\/files-tmb\/T730RMB7T-F8E3RP2HX-c7e839fd19\/error_720.png?t=xoxe-241025725265-384508339281-384508339409-5b92d26397ce6b615c24d77267fe6bb3",
            "thumb_720_w": 720,
            "thumb_720_h": 405,
            "thumb_800": "https:\/\/files.slack.com\/files-tmb\/T730RMB7T-F8E3RP2HX-c7e839fd19\/error_800.png?t=xoxe-241025725265-384508339281-384508339409-5b92d26397ce6b615c24d77267fe6bb3",
            "thumb_800_w": 800,
            "thumb_800_h": 450,
            "thumb_960": "https:\/\/files.slack.com\/files-tmb\/T730RMB7T-F8E3RP2HX-c7e839fd19\/error_960.png?t=xoxe-241025725265-384508339281-384508339409-5b92d26397ce6b615c24d77267fe6bb3",
            "thumb_960_w": 960,
            "thumb_960_h": 540,
            "thumb_1024": "https:\/\/files.slack.com\/files-tmb\/T730RMB7T-F8E3RP2HX-c7e839fd19\/error_1024.png?t=xoxe-241025725265-384508339281-384508339409-5b92d26397ce6b615c24d77267fe6bb3",
            "thumb_1024_w": 1024,
            "thumb_1024_h": 576,
            "image_exif_rotation": 1,
            "original_w": 1366,
            "original_h": 768,
            "permalink": "https:\/\/mpinfotech.slack.com\/files\/U770EERUN\/F8E3RP2HX\/error.png",
            "permalink_public": "https:\/\/slack-files.com\/T730RMB7T-F8E3RP2HX-faab4c1b65",
            "channels": [],
            "groups": [],
            "ims": [],
            "comments_count": 1,
            "initial_comment": {
                "id": "Fc8EGRL81Z",
                "created": 1513248141,
                "timestamp": 1513248141,
                "user": "U770EERUN",
                "is_intro": true,
                "comment": "I stucked with this error, can someone help me out."
            }
        },
        "user": "U770EERUN",
        "upload": true,
        "display_as_bot": false,
        "username": "tarun",
        "bot_id": null,
        "ts": "1513248145.000429"
    },
    {
        "type": "message",
        "user": "U746RD3SN",
        "text": "Where is this machine",
        "ts": "1513284972.000108"
    },
    {
        "type": "message",
        "user": "U746RD3SN",
        "text": "Task hv the stack up as discussed and hv the R&amp;D done in our lab",
        "ts": "1513285042.000758"
    },
    {
        "type": "message",
        "user": "U746RD3SN",
        "text": "All assets to be configured to monitor via cloudwatch",
        "ts": "1513285635.000221"
    },
    {
        "type": "message",
        "user": "U746RD3SN",
        "text": "And cloudwatch logs needs to be stored in s3 bucket",
        "ts": "1513285946.000089"
    },
    {
        "type": "message",
        "user": "U746RD3SN",
        "text": "Once all is done please email the ssh keys to Ramanjaneyalu garu.",
        "ts": "1513285973.000063"
    },
    {
        "type": "message",
        "user": "U7DJKE1K5",
        "text": "team viewer id :744 225 298",
        "ts": "1513286779.000671"
    },
    {
        "type": "message",
        "user": "U746RD3SN",
        "text": "Can we move the Apache Web application to the Web Server, and Apache Tomcat application to the App. Think how we can move these application from a centralized repository (Build Toolkit)",
        "ts": "1513312530.000026"
    }
]