[
    {
        "text": "",
        "username": "Trello",
        "bot_id": "B73M4DEVB",
        "attachments": [
            {
                "author_name": "Prasannasai Meruga",
                "fallback": "New card Test Integration AGAIN added to list BackLog on board DevOps.",
                "text": "In list *BackLog* on *<https:\/\/trello.com\/b\/g6OdnM9b|DevOps>*.",
                "pretext": "New card created",
                "title": "Test Integration AGAIN",
                "id": 1,
                "title_link": "https:\/\/trello.com\/c\/k7MLDCFB",
                "author_link": "https:\/\/trello.com\/prasannasaimeruga",
                "color": "0079BF",
                "mrkdwn_in": [
                    "text",
                    "pretext"
                ]
            }
        ],
        "type": "message",
        "subtype": "bot_message",
        "ts": "1505575758.000020"
    },
    {
        "text": "",
        "username": "Trello",
        "bot_id": "B73M4DEVB",
        "attachments": [
            {
                "author_name": "Prasannasai Meruga",
                "fallback": "Prasannasai Meruga joined the card Test Integration AGAIN.",
                "text": "Joined the card *<https:\/\/trello.com\/c\/k7MLDCFB|Test Integration AGAIN>*.",
                "id": 1,
                "author_link": "https:\/\/trello.com\/prasannasaimeruga",
                "color": "0079BF",
                "mrkdwn_in": [
                    "text",
                    "pretext"
                ]
            }
        ],
        "type": "message",
        "subtype": "bot_message",
        "ts": "1505575864.000049"
    },
    {
        "text": "",
        "username": "Trello",
        "bot_id": "B73M4DEVB",
        "attachments": [
            {
                "author_name": "Prasannasai Meruga",
                "fallback": "Prasannasai Meruga moved the card Test Integration AGAIN from BackLog to Done.",
                "text": "Moved *<https:\/\/trello.com\/c\/k7MLDCFB|Test Integration AGAIN>* from *BackLog* to *Done*.",
                "id": 1,
                "author_link": "https:\/\/trello.com\/prasannasaimeruga",
                "color": "0079BF",
                "mrkdwn_in": [
                    "text",
                    "pretext"
                ]
            }
        ],
        "type": "message",
        "subtype": "bot_message",
        "ts": "1505575879.000020"
    },
    {
        "user": "U746RD3SN",
        "text": "<@U746RD3SN> has joined the channel",
        "type": "message",
        "subtype": "channel_join",
        "ts": "1505576319.000025"
    },
    {
        "text": "",
        "username": "Trello",
        "bot_id": "B73M4DEVB",
        "attachments": [
            {
                "author_name": "Prasannasai Meruga",
                "fallback": "New card check if Murali logged in added to list BackLog on board DevOps.",
                "text": "In list *BackLog* on *<https:\/\/trello.com\/b\/g6OdnM9b|DevOps>*.",
                "pretext": "New card created",
                "title": "check if Murali logged in",
                "id": 1,
                "title_link": "https:\/\/trello.com\/c\/6ESJpPRz",
                "author_link": "https:\/\/trello.com\/prasannasaimeruga",
                "color": "0079BF",
                "mrkdwn_in": [
                    "text",
                    "pretext"
                ]
            }
        ],
        "type": "message",
        "subtype": "bot_message",
        "ts": "1505576365.000047"
    },
    {
        "text": "",
        "username": "Trello",
        "bot_id": "B73M4DEVB",
        "attachments": [
            {
                "author_name": "Prasannasai Meruga",
                "fallback": "Prasannasai Meruga moved the card check if Murali logged in from BackLog to Done.",
                "text": "Moved *<https:\/\/trello.com\/c\/6ESJpPRz|check if Murali logged in>* from *BackLog* to *Done*.",
                "id": 1,
                "author_link": "https:\/\/trello.com\/prasannasaimeruga",
                "color": "0079BF",
                "mrkdwn_in": [
                    "text",
                    "pretext"
                ]
            }
        ],
        "type": "message",
        "subtype": "bot_message",
        "ts": "1505576381.000065"
    },
    {
        "user": "U746SCQ90",
        "text": "<@U746SCQ90> has joined the channel",
        "type": "message",
        "subtype": "channel_join",
        "ts": "1505576687.000068"
    },
    {
        "type": "message",
        "user": "U730RMBB3",
        "text": "very good",
        "ts": "1505576696.000011"
    },
    {
        "type": "message",
        "user": "U730RMBB3",
        "text": "good morning all",
        "ts": "1505576705.000068"
    },
    {
        "user": "U759G285D",
        "text": "<@U759G285D> has joined the channel",
        "type": "message",
        "subtype": "channel_join",
        "ts": "1505577308.000063"
    },
    {
        "text": "",
        "username": "Trello",
        "bot_id": "B73M4DEVB",
        "attachments": [
            {
                "author_name": "Prasannasai Meruga",
                "fallback": "New card Check Ram Sai login added to list BackLog on board DevOps.",
                "text": "In list *BackLog* on *<https:\/\/trello.com\/b\/g6OdnM9b|DevOps>*.",
                "pretext": "New card created",
                "title": "Check Ram Sai login",
                "id": 1,
                "title_link": "https:\/\/trello.com\/c\/myhCEbKt",
                "author_link": "https:\/\/trello.com\/prasannasaimeruga",
                "color": "0079BF",
                "mrkdwn_in": [
                    "text",
                    "pretext"
                ]
            }
        ],
        "type": "message",
        "subtype": "bot_message",
        "ts": "1505577456.000020"
    },
    {
        "text": "",
        "username": "Trello",
        "bot_id": "B73M4DEVB",
        "attachments": [
            {
                "author_name": "Prasannasai Meruga",
                "fallback": "Prasannasai Meruga moved the card Check Ram Sai login from BackLog to Done.",
                "text": "Moved *<https:\/\/trello.com\/c\/myhCEbKt|Check Ram Sai login>* from *BackLog* to *Done*.",
                "id": 1,
                "author_link": "https:\/\/trello.com\/prasannasaimeruga",
                "color": "0079BF",
                "mrkdwn_in": [
                    "text",
                    "pretext"
                ]
            }
        ],
        "type": "message",
        "subtype": "bot_message",
        "ts": "1505577468.000035"
    },
    {
        "text": "",
        "username": "Trello",
        "bot_id": "B73M4DEVB",
        "attachments": [
            {
                "author_name": "ramsai amrutham",
                "fallback": "ramsai amrutham joined board DevOps.",
                "text": "Joined board *<https:\/\/trello.com\/b\/g6OdnM9b|DevOps>*.",
                "id": 1,
                "author_link": "https:\/\/trello.com\/ramsaiamrutham",
                "color": "0079BF",
                "mrkdwn_in": [
                    "text",
                    "pretext"
                ]
            }
        ],
        "type": "message",
        "subtype": "bot_message",
        "ts": "1505577630.000021"
    },
    {
        "text": "",
        "username": "Trello",
        "bot_id": "B73M4DEVB",
        "attachments": [
            {
                "author_name": "ramsai amrutham",
                "fallback": "Renamed list \"BackLog\" to \"ramsai\" on board DevOps.",
                "text": "Renamed list \"BackLog\" to *ramsai* on board *<https:\/\/trello.com\/b\/g6OdnM9b|DevOps>*.",
                "id": 1,
                "author_link": "https:\/\/trello.com\/ramsaiamrutham",
                "color": "0079BF",
                "mrkdwn_in": [
                    "text",
                    "pretext"
                ]
            }
        ],
        "type": "message",
        "subtype": "bot_message",
        "ts": "1505577647.000013"
    },
    {
        "text": "",
        "username": "Trello",
        "bot_id": "B73M4DEVB",
        "attachments": [
            {
                "author_name": "Prasannasai Meruga",
                "fallback": "Renamed list \"ramsai\" to \"Backlog\" on board DevOps.",
                "text": "Renamed list \"ramsai\" to *Backlog* on board *<https:\/\/trello.com\/b\/g6OdnM9b|DevOps>*.",
                "id": 1,
                "author_link": "https:\/\/trello.com\/prasannasaimeruga",
                "color": "0079BF",
                "mrkdwn_in": [
                    "text",
                    "pretext"
                ]
            }
        ],
        "type": "message",
        "subtype": "bot_message",
        "ts": "1505577653.000095"
    },
    {
        "text": "",
        "username": "Trello",
        "bot_id": "B73M4DEVB",
        "attachments": [
            {
                "author_name": "ramsai amrutham",
                "fallback": "New card testing ramsai adding card added to list Backlog on board DevOps.",
                "text": "In list *Backlog* on *<https:\/\/trello.com\/b\/g6OdnM9b|DevOps>*.",
                "pretext": "New card created",
                "title": "testing ramsai adding card",
                "id": 1,
                "title_link": "https:\/\/trello.com\/c\/JxSxYa6m",
                "author_link": "https:\/\/trello.com\/ramsaiamrutham",
                "color": "0079BF",
                "mrkdwn_in": [
                    "text",
                    "pretext"
                ]
            }
        ],
        "type": "message",
        "subtype": "bot_message",
        "ts": "1505577678.000036"
    },
    {
        "text": "",
        "username": "Trello",
        "bot_id": "B73M4DEVB",
        "attachments": [
            {
                "author_name": "Prasannasai Meruga",
                "fallback": "Prasannasai Meruga moved the card testing ramsai adding card from Backlog to Done.",
                "text": "Moved *<https:\/\/trello.com\/c\/JxSxYa6m|testing ramsai adding card>* from *Backlog* to *Done*.",
                "id": 1,
                "author_link": "https:\/\/trello.com\/prasannasaimeruga",
                "color": "0079BF",
                "mrkdwn_in": [
                    "text",
                    "pretext"
                ]
            }
        ],
        "type": "message",
        "subtype": "bot_message",
        "ts": "1505577691.000065"
    }
]