[
    {
        "type": "message",
        "user": "U746RD3SN",
        "text": "Team i hv a meeting that i cannot avoid 4:00 to 5:00 PM, so PrasannaSai is going to run the meeting",
        "ts": "1507664727.000266"
    },
    {
        "type": "message",
        "user": "U759G285D",
        "text": "<mailto:ramsaiamrutham0303@gmail.com|ramsaiamrutham0303@gmail.com>",
        "ts": "1507668674.000195"
    },
    {
        "type": "message",
        "user": "U746SCQ90",
        "text": "<mailto:tinadushetty@gmail.com|tinadushetty@gmail.com>",
        "ts": "1507669187.000001"
    }
]