[
    {
        "type": "message",
        "user": "U746RD3SN",
        "text": "Lesson learnt for uat ",
        "ts": "1512921020.000088"
    },
    {
        "type": "message",
        "user": "U746RD3SN",
        "text": "A) the proposed template was not filled by architecture stating clearly what was expected off the devops team. - need to make it a practice so that we don’t repeat this mistake",
        "ts": "1512921093.000044"
    },
    {
        "type": "message",
        "user": "U746RD3SN",
        "text": "a) with a approved ticket no IAM users should be created.",
        "ts": "1512921144.000035"
    },
    {
        "type": "message",
        "user": "U746RD3SN",
        "text": "b) once the ticket is created, make sure the cloud side template is updated.",
        "ts": "1512921166.000008"
    },
    {
        "type": "message",
        "user": "U746RD3SN",
        "text": "c) completed template, along with Architectural document should be send to DevOps team.",
        "ts": "1512921190.000059"
    },
    {
        "type": "message",
        "user": "U746RD3SN",
        "text": "I am going to add you both (Vidyulatha &amp; Yashwanth) into the Confluence, and also the templates.",
        "ts": "1512921298.000089"
    },
    {
        "type": "message",
        "user": "U746RD3SN",
        "text": "Lets put a How to build the stack process document.",
        "ts": "1512921329.000037"
    },
    {
        "type": "message",
        "user": "U746RD3SN",
        "text": "Yashwanth &amp; Vidyulatha you should be receiving an invite from Atlassian",
        "ts": "1512925597.000031"
    }
]