[
    {
        "type": "message",
        "user": "U746RD3SN",
        "text": "TharunThota good morning, today morning please involve Tharun from India",
        "ts": "1514293921.000083"
    },
    {
        "type": "message",
        "user": "U746RD3SN",
        "text": "On the Etrademine project and Development on AWS",
        "ts": "1514293950.000001"
    },
    {
        "type": "message",
        "user": "U746RD3SN",
        "text": "We have a webex and Tharun from India can asssis",
        "ts": "1514294362.000110"
    },
    {
        "type": "message",
        "user": "U746RD3SN",
        "text": "All conversations must happen in slack ( dont use hangouts or whatsapp) has ",
        "ts": "1514294395.000207"
    }
]