[
    {
        "type": "message",
        "subtype": "file_share",
        "text": "<@U770EERUN> uploaded a file: <https:\/\/mpinfotech.slack.com\/files\/U770EERUN\/F7P929F0F\/wget_error.png|wget error.png> and commented: I stucked with this error,this (\nwget --no-cookies --no-check-certificate --header \"Cookie: gpw_e24=http%3A%2F%2Fwww.oracle.com%2F; oraclelicense=accept-securebackup-cookie\" \"<http:\/\/download.oracle.com\/otn-pub\/java\/jdk\/8u144-b01\/090f390dda5b47b9b721c7dfaa008135\/jdk-8u144-linux-x64.tar.gz>\"_)command not allowing me to install java with jenkins, let me know alternative command .",
        "file": {
            "id": "F7P929F0F",
            "created": 1508739841,
            "timestamp": 1508739841,
            "name": "wget error.png",
            "title": "wget error.png",
            "mimetype": "image\/png",
            "filetype": "png",
            "pretty_type": "PNG",
            "user": "U770EERUN",
            "editable": false,
            "size": 120348,
            "mode": "hosted",
            "is_external": false,
            "external_type": "",
            "is_public": true,
            "public_url_shared": false,
            "display_as_bot": false,
            "username": "",
            "url_private": "https:\/\/files.slack.com\/files-pri\/T730RMB7T-F7P929F0F\/wget_error.png?t=xoxe-241025725265-384508339281-384508339409-5b92d26397ce6b615c24d77267fe6bb3",
            "url_private_download": "https:\/\/files.slack.com\/files-pri\/T730RMB7T-F7P929F0F\/download\/wget_error.png?t=xoxe-241025725265-384508339281-384508339409-5b92d26397ce6b615c24d77267fe6bb3",
            "thumb_64": "https:\/\/files.slack.com\/files-tmb\/T730RMB7T-F7P929F0F-5b182bd771\/wget_error_64.png?t=xoxe-241025725265-384508339281-384508339409-5b92d26397ce6b615c24d77267fe6bb3",
            "thumb_80": "https:\/\/files.slack.com\/files-tmb\/T730RMB7T-F7P929F0F-5b182bd771\/wget_error_80.png?t=xoxe-241025725265-384508339281-384508339409-5b92d26397ce6b615c24d77267fe6bb3",
            "thumb_360": "https:\/\/files.slack.com\/files-tmb\/T730RMB7T-F7P929F0F-5b182bd771\/wget_error_360.png?t=xoxe-241025725265-384508339281-384508339409-5b92d26397ce6b615c24d77267fe6bb3",
            "thumb_360_w": 360,
            "thumb_360_h": 202,
            "thumb_480": "https:\/\/files.slack.com\/files-tmb\/T730RMB7T-F7P929F0F-5b182bd771\/wget_error_480.png?t=xoxe-241025725265-384508339281-384508339409-5b92d26397ce6b615c24d77267fe6bb3",
            "thumb_480_w": 480,
            "thumb_480_h": 270,
            "thumb_160": "https:\/\/files.slack.com\/files-tmb\/T730RMB7T-F7P929F0F-5b182bd771\/wget_error_160.png?t=xoxe-241025725265-384508339281-384508339409-5b92d26397ce6b615c24d77267fe6bb3",
            "thumb_720": "https:\/\/files.slack.com\/files-tmb\/T730RMB7T-F7P929F0F-5b182bd771\/wget_error_720.png?t=xoxe-241025725265-384508339281-384508339409-5b92d26397ce6b615c24d77267fe6bb3",
            "thumb_720_w": 720,
            "thumb_720_h": 405,
            "thumb_800": "https:\/\/files.slack.com\/files-tmb\/T730RMB7T-F7P929F0F-5b182bd771\/wget_error_800.png?t=xoxe-241025725265-384508339281-384508339409-5b92d26397ce6b615c24d77267fe6bb3",
            "thumb_800_w": 800,
            "thumb_800_h": 450,
            "thumb_960": "https:\/\/files.slack.com\/files-tmb\/T730RMB7T-F7P929F0F-5b182bd771\/wget_error_960.png?t=xoxe-241025725265-384508339281-384508339409-5b92d26397ce6b615c24d77267fe6bb3",
            "thumb_960_w": 960,
            "thumb_960_h": 540,
            "thumb_1024": "https:\/\/files.slack.com\/files-tmb\/T730RMB7T-F7P929F0F-5b182bd771\/wget_error_1024.png?t=xoxe-241025725265-384508339281-384508339409-5b92d26397ce6b615c24d77267fe6bb3",
            "thumb_1024_w": 1024,
            "thumb_1024_h": 576,
            "image_exif_rotation": 1,
            "original_w": 1366,
            "original_h": 768,
            "permalink": "https:\/\/mpinfotech.slack.com\/files\/U770EERUN\/F7P929F0F\/wget_error.png",
            "permalink_public": "https:\/\/slack-files.com\/T730RMB7T-F7P929F0F-f281ecbf0d",
            "channels": [],
            "groups": [],
            "ims": [],
            "comments_count": 1,
            "initial_comment": {
                "id": "Fc7P354ZBQ",
                "created": 1508739841,
                "timestamp": 1508739841,
                "user": "U770EERUN",
                "is_intro": true,
                "comment": "I stucked with this error,this (\nwget --no-cookies --no-check-certificate --header \"Cookie: gpw_e24=http%3A%2F%2Fwww.oracle.com%2F; oraclelicense=accept-securebackup-cookie\" \"<http:\/\/download.oracle.com\/otn-pub\/java\/jdk\/8u144-b01\/090f390dda5b47b9b721c7dfaa008135\/jdk-8u144-linux-x64.tar.gz>\"_)command not allowing me to install java with jenkins, let me know alternative command ."
            }
        },
        "user": "U770EERUN",
        "upload": true,
        "display_as_bot": false,
        "username": "tarun",
        "bot_id": null,
        "ts": "1508739845.000055"
    }
]