[
    {
        "type": "message",
        "user": "U759G285D",
        "text": "72.237.102.58 this ramsai amrutham ip address",
        "ts": "1506358134.000026"
    },
    {
        "type": "message",
        "user": "U76QMPH8F",
        "text": "Sai Garu can I know the website to find ipv4 ",
        "ts": "1506359208.000507"
    },
    {
        "type": "message",
        "user": "U76QMPH8F",
        "text": "I tried several websites they are showing ipv6 address",
        "ts": "1506359229.000107"
    },
    {
        "type": "message",
        "user": "U759G285D",
        "text": "<http:\/\/whatsmyip.org|whatsmyip.org>",
        "ts": "1506359244.000523"
    },
    {
        "type": "message",
        "user": "U746RD3SN",
        "text": "All hv access to AWS console",
        "ts": "1506363514.000328"
    },
    {
        "type": "message",
        "user": "U76QMPH8F",
        "text": "24.218.197.16 this is guru.. it is my ip address",
        "ts": "1506369331.000200"
    },
    {
        "text": "",
        "username": "Trello",
        "bot_id": "B73M4DEVB",
        "attachments": [
            {
                "author_name": "Prasannasai Meruga",
                "fallback": "New card this added to list BackLog on board MPIT Tasks.",
                "text": "In list *BackLog* on *<https:\/\/trello.com\/b\/WhPb9Lo0|MPIT Tasks>*.",
                "pretext": "New card created",
                "title": "this",
                "id": 1,
                "title_link": "https:\/\/trello.com\/c\/oLQMkk1r",
                "author_link": "https:\/\/trello.com\/prasannasaimeruga",
                "color": "0079BF",
                "mrkdwn_in": [
                    "text",
                    "pretext"
                ]
            }
        ],
        "type": "message",
        "subtype": "bot_message",
        "ts": "1506396841.000160"
    },
    {
        "text": "",
        "username": "Trello",
        "bot_id": "B73M4DEVB",
        "attachments": [
            {
                "author_name": "Prasannasai Meruga",
                "fallback": "New card that added to list BackLog on board MPIT Tasks.",
                "text": "In list *BackLog* on *<https:\/\/trello.com\/b\/WhPb9Lo0|MPIT Tasks>*.",
                "pretext": "New card created",
                "title": "that",
                "id": 1,
                "title_link": "https:\/\/trello.com\/c\/wFS2ssHs",
                "author_link": "https:\/\/trello.com\/prasannasaimeruga",
                "color": "0079BF",
                "mrkdwn_in": [
                    "text",
                    "pretext"
                ]
            }
        ],
        "type": "message",
        "subtype": "bot_message",
        "ts": "1506396843.000069"
    },
    {
        "text": "",
        "username": "Trello",
        "bot_id": "B73M4DEVB",
        "attachments": [
            {
                "author_name": "Prasannasai Meruga",
                "fallback": "New card another thing added to list BackLog on board MPIT Tasks.",
                "text": "In list *BackLog* on *<https:\/\/trello.com\/b\/WhPb9Lo0|MPIT Tasks>*.",
                "pretext": "New card created",
                "title": "another thing",
                "id": 1,
                "title_link": "https:\/\/trello.com\/c\/VyFqhoGO",
                "author_link": "https:\/\/trello.com\/prasannasaimeruga",
                "color": "0079BF",
                "mrkdwn_in": [
                    "text",
                    "pretext"
                ]
            }
        ],
        "type": "message",
        "subtype": "bot_message",
        "ts": "1506396854.000021"
    },
    {
        "text": "",
        "username": "Trello",
        "bot_id": "B73M4DEVB",
        "attachments": [
            {
                "author_name": "Prasannasai Meruga",
                "fallback": "Prasannasai Meruga moved the card that from BackLog to Ready.",
                "text": "Moved *<https:\/\/trello.com\/c\/wFS2ssHs|that>* from *BackLog* to *Ready*.",
                "id": 1,
                "author_link": "https:\/\/trello.com\/prasannasaimeruga",
                "color": "0079BF",
                "mrkdwn_in": [
                    "text",
                    "pretext"
                ]
            }
        ],
        "type": "message",
        "subtype": "bot_message",
        "ts": "1506396859.000183"
    },
    {
        "text": "",
        "username": "Trello",
        "bot_id": "B73M4DEVB",
        "attachments": [
            {
                "author_name": "Prasannasai Meruga",
                "fallback": "Prasannasai Meruga moved the card another thing from BackLog to In Progress.",
                "text": "Moved *<https:\/\/trello.com\/c\/VyFqhoGO|another thing>* from *BackLog* to *In Progress*.",
                "id": 1,
                "author_link": "https:\/\/trello.com\/prasannasaimeruga",
                "color": "0079BF",
                "mrkdwn_in": [
                    "text",
                    "pretext"
                ]
            }
        ],
        "type": "message",
        "subtype": "bot_message",
        "ts": "1506396861.000153"
    },
    {
        "text": "",
        "username": "Trello",
        "bot_id": "B73M4DEVB",
        "attachments": [
            {
                "author_name": "Prasannasai Meruga",
                "fallback": "Prasannasai Meruga set \"another thing\" to be due in 4 days.",
                "text": "*Due:* <!date^1506700800^{date_short_pretty} at {time}|Sep 29, 2017 12:00 PM EDT}>",
                "pretext": "Set *<https:\/\/trello.com\/c\/VyFqhoGO|another thing>* to be due in 4 days.",
                "id": 1,
                "author_link": "https:\/\/trello.com\/prasannasaimeruga",
                "color": "0079BF",
                "mrkdwn_in": [
                    "text",
                    "pretext"
                ]
            }
        ],
        "type": "message",
        "subtype": "bot_message",
        "ts": "1506396902.000009"
    },
    {
        "text": "",
        "username": "Trello",
        "bot_id": "B73M4DEVB",
        "attachments": [
            {
                "author_name": "surekha",
                "fallback": "surekha joined board DevOps.",
                "text": "Joined board *<https:\/\/trello.com\/b\/g6OdnM9b|DevOps>*.",
                "id": 1,
                "author_link": "https:\/\/trello.com\/surekha42",
                "color": "0079BF",
                "mrkdwn_in": [
                    "text",
                    "pretext"
                ]
            }
        ],
        "type": "message",
        "subtype": "bot_message",
        "ts": "1506406439.000336"
    }
]