[
    {
        "user": "U7ED9S0S2",
        "inviter": "U730RMBB3",
        "text": "<@U7ED9S0S2> has joined the channel",
        "type": "message",
        "subtype": "channel_join",
        "ts": "1507150137.000280"
    },
    {
        "type": "message",
        "user": "U746RD3SN",
        "text": "Welcome Rajesh",
        "ts": "1507169525.000071"
    },
    {
        "type": "message",
        "user": "U746RD3SN",
        "text": "Guru and Rajesh - speak to PSai and gain access to a Red Hat V7 on MPIT VPC",
        "ts": "1507171282.000136"
    },
    {
        "type": "message",
        "user": "U746RD3SN",
        "text": "Goal : to harden the AMI, and also want to document controls. This document should be stored in the google drive link that i sent",
        "ts": "1507171395.000165"
    },
    {
        "type": "message",
        "user": "U746RD3SN",
        "text": "Vidyulatha and Yashwant - gain access to the MPIT labs, and start building manually and then use scripts to bring up the EC2 instance. Also please document the procedure for bringing up EC2, using scripts.",
        "ts": "1507171616.000090"
    }
]