[
    {
        "user": "U78V6D4AY",
        "text": "<@U78V6D4AY> has joined the channel",
        "type": "message",
        "subtype": "channel_join",
        "ts": "1507286490.000090"
    },
    {
        "type": "message",
        "user": "U746RD3SN",
        "text": "Architecture team please use the lucidchart credentials",
        "ts": "1507307086.000421"
    },
    {
        "type": "message",
        "subtype": "file_share",
        "text": "<@U746RD3SN> uploaded a file: <https:\/\/mpinfotech.slack.com\/files\/U746RD3SN\/F7FMKKLET\/image_uploaded_from_ios.png|Image uploaded from iOS>",
        "file": {
            "id": "F7FMKKLET",
            "created": 1507307104,
            "timestamp": 1507307104,
            "name": "Image uploaded from iOS.png",
            "title": "Image uploaded from iOS",
            "mimetype": "image\/png",
            "filetype": "png",
            "pretty_type": "PNG",
            "user": "U746RD3SN",
            "editable": false,
            "size": 172325,
            "mode": "hosted",
            "is_external": false,
            "external_type": "",
            "is_public": true,
            "public_url_shared": false,
            "display_as_bot": false,
            "username": "",
            "url_private": "https:\/\/files.slack.com\/files-pri\/T730RMB7T-F7FMKKLET\/image_uploaded_from_ios.png?t=xoxe-241025725265-384508339281-384508339409-5b92d26397ce6b615c24d77267fe6bb3",
            "url_private_download": "https:\/\/files.slack.com\/files-pri\/T730RMB7T-F7FMKKLET\/download\/image_uploaded_from_ios.png?t=xoxe-241025725265-384508339281-384508339409-5b92d26397ce6b615c24d77267fe6bb3",
            "thumb_64": "https:\/\/files.slack.com\/files-tmb\/T730RMB7T-F7FMKKLET-2341af409e\/image_uploaded_from_ios_64.png?t=xoxe-241025725265-384508339281-384508339409-5b92d26397ce6b615c24d77267fe6bb3",
            "thumb_80": "https:\/\/files.slack.com\/files-tmb\/T730RMB7T-F7FMKKLET-2341af409e\/image_uploaded_from_ios_80.png?t=xoxe-241025725265-384508339281-384508339409-5b92d26397ce6b615c24d77267fe6bb3",
            "thumb_360": "https:\/\/files.slack.com\/files-tmb\/T730RMB7T-F7FMKKLET-2341af409e\/image_uploaded_from_ios_360.png?t=xoxe-241025725265-384508339281-384508339409-5b92d26397ce6b615c24d77267fe6bb3",
            "thumb_360_w": 202,
            "thumb_360_h": 360,
            "thumb_480": "https:\/\/files.slack.com\/files-tmb\/T730RMB7T-F7FMKKLET-2341af409e\/image_uploaded_from_ios_480.png?t=xoxe-241025725265-384508339281-384508339409-5b92d26397ce6b615c24d77267fe6bb3",
            "thumb_480_w": 270,
            "thumb_480_h": 480,
            "thumb_160": "https:\/\/files.slack.com\/files-tmb\/T730RMB7T-F7FMKKLET-2341af409e\/image_uploaded_from_ios_160.png?t=xoxe-241025725265-384508339281-384508339409-5b92d26397ce6b615c24d77267fe6bb3",
            "thumb_720": "https:\/\/files.slack.com\/files-tmb\/T730RMB7T-F7FMKKLET-2341af409e\/image_uploaded_from_ios_720.png?t=xoxe-241025725265-384508339281-384508339409-5b92d26397ce6b615c24d77267fe6bb3",
            "thumb_720_w": 405,
            "thumb_720_h": 720,
            "thumb_800": "https:\/\/files.slack.com\/files-tmb\/T730RMB7T-F7FMKKLET-2341af409e\/image_uploaded_from_ios_800.png?t=xoxe-241025725265-384508339281-384508339409-5b92d26397ce6b615c24d77267fe6bb3",
            "thumb_800_w": 450,
            "thumb_800_h": 800,
            "thumb_960": "https:\/\/files.slack.com\/files-tmb\/T730RMB7T-F7FMKKLET-2341af409e\/image_uploaded_from_ios_960.png?t=xoxe-241025725265-384508339281-384508339409-5b92d26397ce6b615c24d77267fe6bb3",
            "thumb_960_w": 540,
            "thumb_960_h": 960,
            "thumb_1024": "https:\/\/files.slack.com\/files-tmb\/T730RMB7T-F7FMKKLET-2341af409e\/image_uploaded_from_ios_1024.png?t=xoxe-241025725265-384508339281-384508339409-5b92d26397ce6b615c24d77267fe6bb3",
            "thumb_1024_w": 576,
            "thumb_1024_h": 1024,
            "image_exif_rotation": 1,
            "original_w": 750,
            "original_h": 1334,
            "permalink": "https:\/\/mpinfotech.slack.com\/files\/U746RD3SN\/F7FMKKLET\/image_uploaded_from_ios.png",
            "permalink_public": "https:\/\/slack-files.com\/T730RMB7T-F7FMKKLET-d091e52cc4",
            "channels": [],
            "groups": [],
            "ims": [],
            "comments_count": 0
        },
        "user": "U746RD3SN",
        "upload": true,
        "display_as_bot": false,
        "username": "mmurali",
        "bot_id": null,
        "upload_reply_to": "E4CC5278-061B-44E6-B90C-FEFF1BA4E023",
        "ts": "1507307104.000492"
    },
    {
        "type": "message",
        "user": "U759G285D",
        "text": "Ok sir ",
        "ts": "1507307128.000384"
    },
    {
        "type": "message",
        "user": "U759G285D",
        "text": "Om garu filled the template yesterday sir ",
        "ts": "1507307150.000052"
    },
    {
        "type": "message",
        "user": "U746RD3SN",
        "text": "I dropped the cloud side template ",
        "ts": "1507308336.000014"
    },
    {
        "type": "message",
        "user": "U746RD3SN",
        "text": "In mpittech google drive",
        "ts": "1507308439.000267"
    },
    {
        "type": "message",
        "user": "U759G285D",
        "text": "Ok sir ",
        "ts": "1507308479.000243"
    }
]