[
    {
        "type": "message",
        "user": "U746RD3SN",
        "text": "Today i watched videos on cloud formation",
        "ts": "1509767810.000019"
    },
    {
        "type": "message",
        "user": "U746RD3SN",
        "text": "<Https:\/\/AwS.amazon.com\/cloudformation\/getting-started\/>",
        "ts": "1509767855.000010"
    },
    {
        "type": "message",
        "user": "U746RD3SN",
        "text": "<https:\/\/youtu.be\/LDSMIvUuFOE>",
        "attachments": [
            {
                "service_name": "YouTube",
                "service_url": "https:\/\/www.youtube.com\/",
                "title": "AWS CloudFormation Tutorial | AWS CloudFormation Demo | AWS Tutorial | AWS Training | Edureka",
                "title_link": "https:\/\/youtu.be\/LDSMIvUuFOE",
                "author_name": "edureka!",
                "author_link": "https:\/\/www.youtube.com\/user\/edurekaIN",
                "thumb_url": "https:\/\/i.ytimg.com\/vi\/LDSMIvUuFOE\/hqdefault.jpg",
                "thumb_width": 480,
                "thumb_height": 360,
                "fallback": "YouTube Video: AWS CloudFormation Tutorial | AWS CloudFormation Demo | AWS Tutorial | AWS Training | Edureka",
                "video_html": "<iframe width=\"400\" height=\"225\" src=\"https:\/\/www.youtube.com\/embed\/LDSMIvUuFOE?feature=oembed&autoplay=1&iv_load_policy=3\" frameborder=\"0\" gesture=\"media\" allowfullscreen><\/iframe>",
                "video_html_width": 400,
                "video_html_height": 225,
                "from_url": "https:\/\/youtu.be\/LDSMIvUuFOE",
                "service_icon": "https:\/\/a.slack-edge.com\/2089\/img\/unfurl_icons\/youtube.png",
                "id": 1
            }
        ],
        "ts": "1509768841.000016"
    }
]