[
    {
        "user": "U730RMBB3",
        "text": "<@U730RMBB3> has joined the channel",
        "type": "message",
        "subtype": "channel_join",
        "ts": "1505452302.000035"
    },
    {
        "text": "",
        "username": "Trello",
        "bot_id": "B73M4DEVB",
        "attachments": [
            {
                "author_name": "Prasannasai Meruga",
                "fallback": "New card Test Slack integration added to list To Do on board MPIT Tasks.",
                "text": "In list *To Do* on *<https:\/\/trello.com\/b\/WhPb9Lo0|MPIT Tasks>*.",
                "pretext": "New card created",
                "title": "Test Slack integration",
                "id": 1,
                "title_link": "https:\/\/trello.com\/c\/GJ7Dzpqc",
                "author_link": "https:\/\/trello.com\/prasannasaimeruga",
                "color": "0079BF",
                "mrkdwn_in": [
                    "text",
                    "pretext"
                ]
            }
        ],
        "type": "message",
        "subtype": "bot_message",
        "ts": "1505453128.000142"
    },
    {
        "text": "",
        "username": "Trello",
        "bot_id": "B73M4DEVB",
        "attachments": [
            {
                "author_name": "Prasannasai Meruga",
                "fallback": "Prasannasai Meruga joined the card Test Slack integration.",
                "text": "Joined the card *<https:\/\/trello.com\/c\/GJ7Dzpqc|Test Slack integration>*.",
                "id": 1,
                "author_link": "https:\/\/trello.com\/prasannasaimeruga",
                "color": "0079BF",
                "mrkdwn_in": [
                    "text",
                    "pretext"
                ]
            }
        ],
        "type": "message",
        "subtype": "bot_message",
        "ts": "1505453149.000094"
    }
]