[
    {
        "type": "message",
        "user": "U761HUB8B",
        "text": "hi ,",
        "ts": "1507040413.000517"
    },
    {
        "type": "message",
        "user": "U761HUB8B",
        "text": "Today i have done in qwiklabs  working with EBS , Introduction to EC2 , Working with Elastic Beanstalk &amp; AWS 2 sessions regarding the main services brief explanation &amp; working on Udemy 13th session.",
        "ts": "1507040706.000836"
    },
    {
        "type": "message",
        "subtype": "file_share",
        "text": "<@U759G285D> uploaded a file: <https:\/\/mpinfotech.slack.com\/files\/U759G285D\/F7DGUJQ94\/image_uploaded_from_ios.mov|Image uploaded from iOS> and commented: When I try to download access key Id file it’s not downloading and it is opening in new tab. Do any know about this\nThank you ",
        "file": {
            "id": "F7DGUJQ94",
            "created": 1507045244,
            "timestamp": 1507045244,
            "name": "Image uploaded from iOS.MOV",
            "title": "Image uploaded from iOS",
            "mimetype": "video\/quicktime",
            "filetype": "mov",
            "pretty_type": "QuickTime Movie",
            "user": "U759G285D",
            "editable": false,
            "size": 21571225,
            "mode": "hosted",
            "is_external": false,
            "external_type": "",
            "is_public": true,
            "public_url_shared": false,
            "display_as_bot": false,
            "username": "",
            "url_private": "https:\/\/files.slack.com\/files-pri\/T730RMB7T-F7DGUJQ94\/image_uploaded_from_ios.mov?t=xoxe-241025725265-384508339281-384508339409-5b92d26397ce6b615c24d77267fe6bb3",
            "url_private_download": "https:\/\/files.slack.com\/files-pri\/T730RMB7T-F7DGUJQ94\/download\/image_uploaded_from_ios.mov?t=xoxe-241025725265-384508339281-384508339409-5b92d26397ce6b615c24d77267fe6bb3",
            "thumb_video": "https:\/\/files.slack.com\/files-tmb\/T730RMB7T-F7DGUJQ94-928cc49a42\/image_uploaded_from_ios_thumb_video.jpeg?t=xoxe-241025725265-384508339281-384508339409-5b92d26397ce6b615c24d77267fe6bb3",
            "permalink": "https:\/\/mpinfotech.slack.com\/files\/U759G285D\/F7DGUJQ94\/image_uploaded_from_ios.mov",
            "permalink_public": "https:\/\/slack-files.com\/T730RMB7T-F7DGUJQ94-b9d56128df",
            "channels": [],
            "groups": [],
            "ims": [],
            "comments_count": 1,
            "initial_comment": {
                "id": "Fc7DGUKALE",
                "created": 1507045244,
                "timestamp": 1507045244,
                "user": "U759G285D",
                "is_intro": true,
                "comment": "When I try to download access key Id file it’s not downloading and it is opening in new tab. Do any know about this\nThank you "
            }
        },
        "user": "U759G285D",
        "upload": true,
        "display_as_bot": false,
        "username": "ramsai",
        "bot_id": null,
        "ts": "1507045247.000057"
    },
    {
        "type": "message",
        "user": "U770EERUN",
        "text": "Hi, today done with labs  working with EBS , Introduction to EC2 , Working with Elastic Beanstalk and worked on vagrant commands ,compleed udemy 2 seessions",
        "ts": "1507045849.000178"
    },
    {
        "type": "message",
        "user": "U746RD3SN",
        "text": "Thank you",
        "ts": "1507053258.000115"
    },
    {
        "type": "message",
        "user": "U746RD3SN",
        "text": "Team, I worked with RamSai on documenting the initial project procedure document.",
        "ts": "1507094483.000097"
    },
    {
        "type": "message",
        "user": "U746RD3SN",
        "text": "Project - e-Trademine, all documentation in this folder to be treated as Confidential (customer data),",
        "ts": "1507094572.000151"
    },
    {
        "type": "message",
        "user": "U746RD3SN",
        "text": "<https:\/\/drive.google.com\/drive\/folders\/0B836dVts86y8eEZ2aG0zV0pWRGs?usp=sharing>",
        "ts": "1507094576.000029"
    },
    {
        "type": "message",
        "user": "U746RD3SN",
        "text": "All e-Trademine project documentation is located in this folder.",
        "ts": "1507094595.000078"
    },
    {
        "type": "message",
        "user": "U746RD3SN",
        "text": "completed the Customer side input template",
        "ts": "1507094763.000073"
    },
    {
        "type": "message",
        "user": "U746RD3SN",
        "text": "completed the cloud side output template",
        "ts": "1507094779.000027"
    },
    {
        "type": "message",
        "user": "U746RD3SN",
        "text": "Tasks for this week:",
        "ts": "1507095710.000040"
    },
    {
        "type": "message",
        "user": "U746RD3SN",
        "text": "Guru, Ranjit, Praveen - Linux hardening against the CIS security guidelines, this image will be labeled as MSTR_SOURCE",
        "ts": "1507095794.000177"
    },
    {
        "type": "message",
        "user": "U746RD3SN",
        "text": "We are going to build Web, App, DB, and MSR (another linux machine)",
        "ts": "1507096014.000187"
    },
    {
        "type": "message",
        "user": "U746RD3SN",
        "text": "please make sure appropriate version of Linux is choosen",
        "ts": "1507096027.000078"
    },
    {
        "type": "message",
        "user": "U746RD3SN",
        "text": "for hardening that can be used for the e-trademine migration.",
        "ts": "1507097291.000093"
    },
    {
        "type": "message",
        "user": "U746RD3SN",
        "text": "i need someone who is good in Web and Web application to work with me and Guru on the web and web application security.",
        "ts": "1507098329.000151"
    },
    {
        "type": "message",
        "user": "U746RD3SN",
        "text": "I need someone who is good in database",
        "ts": "1507098350.000008"
    },
    {
        "type": "message",
        "user": "U746RD3SN",
        "text": "and work with me and Guru on the implementing controls for Database.",
        "ts": "1507098879.000198"
    },
    {
        "type": "message",
        "user": "U746RD3SN",
        "text": "*postgress db",
        "ts": "1507098889.000107"
    }
]