[
    {
        "type": "message",
        "subtype": "file_share",
        "text": "<@U759G285D> shared a file: <https:\/\/mpinfotech.slack.com\/files\/U759G285D\/F7JU6GX18\/e_trademine_updated_-_page_1.jpeg|e trademine updated - Page 1.jpeg>",
        "file": {
            "id": "F7JU6GX18",
            "created": 1508166800,
            "timestamp": 1508166800,
            "name": "e trademine updated - Page 1.jpeg",
            "title": "e trademine updated - Page 1.jpeg",
            "mimetype": "image\/jpeg",
            "filetype": "jpg",
            "pretty_type": "JPEG",
            "user": "U759G285D",
            "editable": false,
            "size": 210996,
            "mode": "hosted",
            "is_external": false,
            "external_type": "",
            "is_public": true,
            "public_url_shared": false,
            "display_as_bot": false,
            "username": "",
            "url_private": "https:\/\/files.slack.com\/files-pri\/T730RMB7T-F7JU6GX18\/e_trademine_updated_-_page_1.jpeg?t=xoxe-241025725265-384508339281-384508339409-5b92d26397ce6b615c24d77267fe6bb3",
            "url_private_download": "https:\/\/files.slack.com\/files-pri\/T730RMB7T-F7JU6GX18\/download\/e_trademine_updated_-_page_1.jpeg?t=xoxe-241025725265-384508339281-384508339409-5b92d26397ce6b615c24d77267fe6bb3",
            "thumb_64": "https:\/\/files.slack.com\/files-tmb\/T730RMB7T-F7JU6GX18-e14a6aa634\/e_trademine_updated_-_page_1_64.jpg?t=xoxe-241025725265-384508339281-384508339409-5b92d26397ce6b615c24d77267fe6bb3",
            "thumb_80": "https:\/\/files.slack.com\/files-tmb\/T730RMB7T-F7JU6GX18-e14a6aa634\/e_trademine_updated_-_page_1_80.jpg?t=xoxe-241025725265-384508339281-384508339409-5b92d26397ce6b615c24d77267fe6bb3",
            "thumb_360": "https:\/\/files.slack.com\/files-tmb\/T730RMB7T-F7JU6GX18-e14a6aa634\/e_trademine_updated_-_page_1_360.jpg?t=xoxe-241025725265-384508339281-384508339409-5b92d26397ce6b615c24d77267fe6bb3",
            "thumb_360_w": 239,
            "thumb_360_h": 360,
            "thumb_480": "https:\/\/files.slack.com\/files-tmb\/T730RMB7T-F7JU6GX18-e14a6aa634\/e_trademine_updated_-_page_1_480.jpg?t=xoxe-241025725265-384508339281-384508339409-5b92d26397ce6b615c24d77267fe6bb3",
            "thumb_480_w": 318,
            "thumb_480_h": 480,
            "thumb_160": "https:\/\/files.slack.com\/files-tmb\/T730RMB7T-F7JU6GX18-e14a6aa634\/e_trademine_updated_-_page_1_160.jpg?t=xoxe-241025725265-384508339281-384508339409-5b92d26397ce6b615c24d77267fe6bb3",
            "thumb_720": "https:\/\/files.slack.com\/files-tmb\/T730RMB7T-F7JU6GX18-e14a6aa634\/e_trademine_updated_-_page_1_720.jpg?t=xoxe-241025725265-384508339281-384508339409-5b92d26397ce6b615c24d77267fe6bb3",
            "thumb_720_w": 477,
            "thumb_720_h": 720,
            "thumb_800": "https:\/\/files.slack.com\/files-tmb\/T730RMB7T-F7JU6GX18-e14a6aa634\/e_trademine_updated_-_page_1_800.jpg?t=xoxe-241025725265-384508339281-384508339409-5b92d26397ce6b615c24d77267fe6bb3",
            "thumb_800_w": 800,
            "thumb_800_h": 1207,
            "thumb_960": "https:\/\/files.slack.com\/files-tmb\/T730RMB7T-F7JU6GX18-e14a6aa634\/e_trademine_updated_-_page_1_960.jpg?t=xoxe-241025725265-384508339281-384508339409-5b92d26397ce6b615c24d77267fe6bb3",
            "thumb_960_w": 636,
            "thumb_960_h": 960,
            "thumb_1024": "https:\/\/files.slack.com\/files-tmb\/T730RMB7T-F7JU6GX18-e14a6aa634\/e_trademine_updated_-_page_1_1024.jpg?t=xoxe-241025725265-384508339281-384508339409-5b92d26397ce6b615c24d77267fe6bb3",
            "thumb_1024_w": 679,
            "thumb_1024_h": 1024,
            "image_exif_rotation": 1,
            "original_w": 1760,
            "original_h": 2656,
            "permalink": "https:\/\/mpinfotech.slack.com\/files\/U759G285D\/F7JU6GX18\/e_trademine_updated_-_page_1.jpeg",
            "permalink_public": "https:\/\/slack-files.com\/T730RMB7T-F7JU6GX18-d8c2c14972",
            "channels": [],
            "groups": [],
            "ims": [],
            "comments_count": 0
        },
        "user": "U759G285D",
        "upload": false,
        "display_as_bot": false,
        "username": "ramsai",
        "bot_id": null,
        "ts": "1508186666.000240"
    },
    {
        "type": "message",
        "subtype": "file_share",
        "text": "<@U759G285D> shared a file: <https:\/\/mpinfotech.slack.com\/files\/U759G285D\/F7JUGS04S\/e_trademine_updated_-_page_1-2.jpeg|e trademine updated - Page 1-2.jpeg>",
        "file": {
            "id": "F7JUGS04S",
            "created": 1508167699,
            "timestamp": 1508167699,
            "name": "e trademine updated - Page 1-2.jpeg",
            "title": "e trademine updated - Page 1-2.jpeg",
            "mimetype": "image\/jpeg",
            "filetype": "jpg",
            "pretty_type": "JPEG",
            "user": "U759G285D",
            "editable": false,
            "size": 241347,
            "mode": "hosted",
            "is_external": false,
            "external_type": "",
            "is_public": true,
            "public_url_shared": false,
            "display_as_bot": false,
            "username": "",
            "url_private": "https:\/\/files.slack.com\/files-pri\/T730RMB7T-F7JUGS04S\/e_trademine_updated_-_page_1-2.jpeg?t=xoxe-241025725265-384508339281-384508339409-5b92d26397ce6b615c24d77267fe6bb3",
            "url_private_download": "https:\/\/files.slack.com\/files-pri\/T730RMB7T-F7JUGS04S\/download\/e_trademine_updated_-_page_1-2.jpeg?t=xoxe-241025725265-384508339281-384508339409-5b92d26397ce6b615c24d77267fe6bb3",
            "thumb_64": "https:\/\/files.slack.com\/files-tmb\/T730RMB7T-F7JUGS04S-5795ce1d08\/e_trademine_updated_-_page_1-2_64.jpg?t=xoxe-241025725265-384508339281-384508339409-5b92d26397ce6b615c24d77267fe6bb3",
            "thumb_80": "https:\/\/files.slack.com\/files-tmb\/T730RMB7T-F7JUGS04S-5795ce1d08\/e_trademine_updated_-_page_1-2_80.jpg?t=xoxe-241025725265-384508339281-384508339409-5b92d26397ce6b615c24d77267fe6bb3",
            "thumb_360": "https:\/\/files.slack.com\/files-tmb\/T730RMB7T-F7JUGS04S-5795ce1d08\/e_trademine_updated_-_page_1-2_360.jpg?t=xoxe-241025725265-384508339281-384508339409-5b92d26397ce6b615c24d77267fe6bb3",
            "thumb_360_w": 160,
            "thumb_360_h": 360,
            "thumb_480": "https:\/\/files.slack.com\/files-tmb\/T730RMB7T-F7JUGS04S-5795ce1d08\/e_trademine_updated_-_page_1-2_480.jpg?t=xoxe-241025725265-384508339281-384508339409-5b92d26397ce6b615c24d77267fe6bb3",
            "thumb_480_w": 214,
            "thumb_480_h": 480,
            "thumb_160": "https:\/\/files.slack.com\/files-tmb\/T730RMB7T-F7JUGS04S-5795ce1d08\/e_trademine_updated_-_page_1-2_160.jpg?t=xoxe-241025725265-384508339281-384508339409-5b92d26397ce6b615c24d77267fe6bb3",
            "thumb_720": "https:\/\/files.slack.com\/files-tmb\/T730RMB7T-F7JUGS04S-5795ce1d08\/e_trademine_updated_-_page_1-2_720.jpg?t=xoxe-241025725265-384508339281-384508339409-5b92d26397ce6b615c24d77267fe6bb3",
            "thumb_720_w": 321,
            "thumb_720_h": 720,
            "thumb_800": "https:\/\/files.slack.com\/files-tmb\/T730RMB7T-F7JUGS04S-5795ce1d08\/e_trademine_updated_-_page_1-2_800.jpg?t=xoxe-241025725265-384508339281-384508339409-5b92d26397ce6b615c24d77267fe6bb3",
            "thumb_800_w": 800,
            "thumb_800_h": 1796,
            "thumb_960": "https:\/\/files.slack.com\/files-tmb\/T730RMB7T-F7JUGS04S-5795ce1d08\/e_trademine_updated_-_page_1-2_960.jpg?t=xoxe-241025725265-384508339281-384508339409-5b92d26397ce6b615c24d77267fe6bb3",
            "thumb_960_w": 428,
            "thumb_960_h": 960,
            "thumb_1024": "https:\/\/files.slack.com\/files-tmb\/T730RMB7T-F7JUGS04S-5795ce1d08\/e_trademine_updated_-_page_1-2_1024.jpg?t=xoxe-241025725265-384508339281-384508339409-5b92d26397ce6b615c24d77267fe6bb3",
            "thumb_1024_w": 456,
            "thumb_1024_h": 1024,
            "image_exif_rotation": 1,
            "original_w": 1760,
            "original_h": 3952,
            "permalink": "https:\/\/mpinfotech.slack.com\/files\/U759G285D\/F7JUGS04S\/e_trademine_updated_-_page_1-2.jpeg",
            "permalink_public": "https:\/\/slack-files.com\/T730RMB7T-F7JUGS04S-2dfb036535",
            "channels": [],
            "groups": [],
            "ims": [],
            "comments_count": 0
        },
        "user": "U759G285D",
        "upload": false,
        "display_as_bot": false,
        "username": "ramsai",
        "bot_id": null,
        "ts": "1508186683.000398"
    },
    {
        "type": "message",
        "subtype": "file_share",
        "text": "<@U759G285D> uploaded a file: <https:\/\/mpinfotech.slack.com\/files\/U759G285D\/F7JKL5JCR\/e_trademine_2nd_diagram.jpeg|E trademine 2nd Diagram.jpeg>",
        "file": {
            "id": "F7JKL5JCR",
            "created": 1508188648,
            "timestamp": 1508188648,
            "name": "E trademine 2nd Diagram.jpeg",
            "title": "E trademine 2nd Diagram.jpeg",
            "mimetype": "image\/jpeg",
            "filetype": "jpg",
            "pretty_type": "JPEG",
            "user": "U759G285D",
            "editable": false,
            "size": 618240,
            "mode": "hosted",
            "is_external": false,
            "external_type": "",
            "is_public": true,
            "public_url_shared": false,
            "display_as_bot": false,
            "username": "",
            "url_private": "https:\/\/files.slack.com\/files-pri\/T730RMB7T-F7JKL5JCR\/e_trademine_2nd_diagram.jpeg?t=xoxe-241025725265-384508339281-384508339409-5b92d26397ce6b615c24d77267fe6bb3",
            "url_private_download": "https:\/\/files.slack.com\/files-pri\/T730RMB7T-F7JKL5JCR\/download\/e_trademine_2nd_diagram.jpeg?t=xoxe-241025725265-384508339281-384508339409-5b92d26397ce6b615c24d77267fe6bb3",
            "thumb_64": "https:\/\/files.slack.com\/files-tmb\/T730RMB7T-F7JKL5JCR-2025ef357d\/e_trademine_2nd_diagram_64.jpg?t=xoxe-241025725265-384508339281-384508339409-5b92d26397ce6b615c24d77267fe6bb3",
            "thumb_80": "https:\/\/files.slack.com\/files-tmb\/T730RMB7T-F7JKL5JCR-2025ef357d\/e_trademine_2nd_diagram_80.jpg?t=xoxe-241025725265-384508339281-384508339409-5b92d26397ce6b615c24d77267fe6bb3",
            "thumb_360": "https:\/\/files.slack.com\/files-tmb\/T730RMB7T-F7JKL5JCR-2025ef357d\/e_trademine_2nd_diagram_360.jpg?t=xoxe-241025725265-384508339281-384508339409-5b92d26397ce6b615c24d77267fe6bb3",
            "thumb_360_w": 160,
            "thumb_360_h": 360,
            "thumb_480": "https:\/\/files.slack.com\/files-tmb\/T730RMB7T-F7JKL5JCR-2025ef357d\/e_trademine_2nd_diagram_480.jpg?t=xoxe-241025725265-384508339281-384508339409-5b92d26397ce6b615c24d77267fe6bb3",
            "thumb_480_w": 214,
            "thumb_480_h": 480,
            "thumb_160": "https:\/\/files.slack.com\/files-tmb\/T730RMB7T-F7JKL5JCR-2025ef357d\/e_trademine_2nd_diagram_160.jpg?t=xoxe-241025725265-384508339281-384508339409-5b92d26397ce6b615c24d77267fe6bb3",
            "thumb_720": "https:\/\/files.slack.com\/files-tmb\/T730RMB7T-F7JKL5JCR-2025ef357d\/e_trademine_2nd_diagram_720.jpg?t=xoxe-241025725265-384508339281-384508339409-5b92d26397ce6b615c24d77267fe6bb3",
            "thumb_720_w": 321,
            "thumb_720_h": 720,
            "thumb_800": "https:\/\/files.slack.com\/files-tmb\/T730RMB7T-F7JKL5JCR-2025ef357d\/e_trademine_2nd_diagram_800.jpg?t=xoxe-241025725265-384508339281-384508339409-5b92d26397ce6b615c24d77267fe6bb3",
            "thumb_800_w": 800,
            "thumb_800_h": 1796,
            "thumb_960": "https:\/\/files.slack.com\/files-tmb\/T730RMB7T-F7JKL5JCR-2025ef357d\/e_trademine_2nd_diagram_960.jpg?t=xoxe-241025725265-384508339281-384508339409-5b92d26397ce6b615c24d77267fe6bb3",
            "thumb_960_w": 428,
            "thumb_960_h": 960,
            "thumb_1024": "https:\/\/files.slack.com\/files-tmb\/T730RMB7T-F7JKL5JCR-2025ef357d\/e_trademine_2nd_diagram_1024.jpg?t=xoxe-241025725265-384508339281-384508339409-5b92d26397ce6b615c24d77267fe6bb3",
            "thumb_1024_w": 456,
            "thumb_1024_h": 1024,
            "image_exif_rotation": 1,
            "original_w": 3300,
            "original_h": 7409,
            "permalink": "https:\/\/mpinfotech.slack.com\/files\/U759G285D\/F7JKL5JCR\/e_trademine_2nd_diagram.jpeg",
            "permalink_public": "https:\/\/slack-files.com\/T730RMB7T-F7JKL5JCR-d10fc3f9cc",
            "channels": [],
            "groups": [],
            "ims": [],
            "comments_count": 0
        },
        "user": "U759G285D",
        "upload": true,
        "display_as_bot": false,
        "username": "ramsai",
        "bot_id": null,
        "ts": "1508188656.000101"
    }
]