[
    {
        "type": "message",
        "user": "U7DJKE1K5",
        "text": "Hello all, I am ready",
        "ts": "1517583704.000644"
    },
    {
        "type": "message",
        "user": "U7DJKE1K5",
        "text": "Let me know when you guys are ready",
        "ts": "1517583723.000191"
    },
    {
        "type": "message",
        "user": "U746SCQ90",
        "text": "I am ready too ",
        "ts": "1517583778.000075"
    },
    {
        "type": "message",
        "user": "U7DJKE1K5",
        "text": "I am in uber",
        "ts": "1517583829.000184"
    },
    {
        "type": "message",
        "user": "U8HLU8SG0",
        "text": "I will join in 10 mins",
        "client_msg_id": "D6620D2C-733E-459C-A4DC-7BAB99DF8430",
        "ts": "1517583850.000241"
    },
    {
        "type": "message",
        "user": "U7DJKE1K5",
        "text": "<http:\/\/chrisjenx.com\/sonatype-nexus-aws-ec2\/>",
        "attachments": [
            {
                "service_name": "Chris Jenkins",
                "title": "Sonatype Nexus on Amazon EC2",
                "title_link": "http:\/\/chrisjenx.com\/sonatype-nexus-aws-ec2\/",
                "text": "Nexus OSS from Sonatype is a Maven artifact repository server. We currently use Nexus to store the Maven artifacts of private libs and modified 3rd party open source libraries for the Yoyo App's. It's also handy as a proxy as we can define proxing routes as know where certain projects",
                "fallback": "Chris Jenkins: Sonatype Nexus on Amazon EC2",
                "fields": [
                    {
                        "title": "Written by",
                        "value": "Christopher Jenkins",
                        "short": true
                    }
                ],
                "ts": 1399910724,
                "from_url": "http:\/\/chrisjenx.com\/sonatype-nexus-aws-ec2\/",
                "service_icon": "http:\/\/chrisjenx.com\/favicon.ico",
                "id": 1
            }
        ],
        "ts": "1517584613.000550"
    },
    {
        "type": "message",
        "subtype": "file_share",
        "text": "<@U746SCQ90> uploaded a file: <https:\/\/mpinfotech.slack.com\/files\/U746SCQ90\/F948XH9QX\/img_3180.jpg|Devops>",
        "file": {
            "id": "F948XH9QX",
            "created": 1517605188,
            "timestamp": 1517605188,
            "name": "IMG_3180.JPG",
            "title": "Devops",
            "mimetype": "image\/jpeg",
            "filetype": "jpg",
            "pretty_type": "JPEG",
            "user": "U746SCQ90",
            "editable": false,
            "size": 5186444,
            "mode": "hosted",
            "is_external": false,
            "external_type": "",
            "is_public": true,
            "public_url_shared": false,
            "display_as_bot": false,
            "username": "",
            "url_private": "https:\/\/files.slack.com\/files-pri\/T730RMB7T-F948XH9QX\/img_3180.jpg?t=xoxe-241025725265-384508339281-384508339409-5b92d26397ce6b615c24d77267fe6bb3",
            "url_private_download": "https:\/\/files.slack.com\/files-pri\/T730RMB7T-F948XH9QX\/download\/img_3180.jpg?t=xoxe-241025725265-384508339281-384508339409-5b92d26397ce6b615c24d77267fe6bb3",
            "thumb_64": "https:\/\/files.slack.com\/files-tmb\/T730RMB7T-F948XH9QX-4fca176554\/img_3180_64.jpg?t=xoxe-241025725265-384508339281-384508339409-5b92d26397ce6b615c24d77267fe6bb3",
            "thumb_80": "https:\/\/files.slack.com\/files-tmb\/T730RMB7T-F948XH9QX-4fca176554\/img_3180_80.jpg?t=xoxe-241025725265-384508339281-384508339409-5b92d26397ce6b615c24d77267fe6bb3",
            "thumb_360": "https:\/\/files.slack.com\/files-tmb\/T730RMB7T-F948XH9QX-4fca176554\/img_3180_360.jpg?t=xoxe-241025725265-384508339281-384508339409-5b92d26397ce6b615c24d77267fe6bb3",
            "thumb_360_w": 360,
            "thumb_360_h": 270,
            "thumb_480": "https:\/\/files.slack.com\/files-tmb\/T730RMB7T-F948XH9QX-4fca176554\/img_3180_480.jpg?t=xoxe-241025725265-384508339281-384508339409-5b92d26397ce6b615c24d77267fe6bb3",
            "thumb_480_w": 480,
            "thumb_480_h": 360,
            "thumb_160": "https:\/\/files.slack.com\/files-tmb\/T730RMB7T-F948XH9QX-4fca176554\/img_3180_160.jpg?t=xoxe-241025725265-384508339281-384508339409-5b92d26397ce6b615c24d77267fe6bb3",
            "thumb_720": "https:\/\/files.slack.com\/files-tmb\/T730RMB7T-F948XH9QX-4fca176554\/img_3180_720.jpg?t=xoxe-241025725265-384508339281-384508339409-5b92d26397ce6b615c24d77267fe6bb3",
            "thumb_720_w": 720,
            "thumb_720_h": 540,
            "thumb_800": "https:\/\/files.slack.com\/files-tmb\/T730RMB7T-F948XH9QX-4fca176554\/img_3180_800.jpg?t=xoxe-241025725265-384508339281-384508339409-5b92d26397ce6b615c24d77267fe6bb3",
            "thumb_800_w": 800,
            "thumb_800_h": 600,
            "thumb_960": "https:\/\/files.slack.com\/files-tmb\/T730RMB7T-F948XH9QX-4fca176554\/img_3180_960.jpg?t=xoxe-241025725265-384508339281-384508339409-5b92d26397ce6b615c24d77267fe6bb3",
            "thumb_960_w": 960,
            "thumb_960_h": 720,
            "thumb_1024": "https:\/\/files.slack.com\/files-tmb\/T730RMB7T-F948XH9QX-4fca176554\/img_3180_1024.jpg?t=xoxe-241025725265-384508339281-384508339409-5b92d26397ce6b615c24d77267fe6bb3",
            "thumb_1024_w": 1024,
            "thumb_1024_h": 768,
            "image_exif_rotation": 1,
            "original_w": 4032,
            "original_h": 3024,
            "permalink": "https:\/\/mpinfotech.slack.com\/files\/U746SCQ90\/F948XH9QX\/img_3180.jpg",
            "permalink_public": "https:\/\/slack-files.com\/T730RMB7T-F948XH9QX-e1d5b0841c",
            "channels": [],
            "groups": [],
            "ims": [],
            "comments_count": 0
        },
        "user": "U746SCQ90",
        "upload": true,
        "display_as_bot": false,
        "username": "vidyulatha",
        "bot_id": null,
        "ts": "1517605193.000456"
    },
    {
        "type": "message",
        "user": "U730RMBB3",
        "text": "you're missing a matching quotation mark",
        "ts": "1517605313.000569"
    },
    {
        "type": "message",
        "user": "U730RMBB3",
        "text": "so its complaining about the file ending",
        "ts": "1517605322.000210"
    },
    {
        "type": "message",
        "user": "U746SCQ90",
        "text": "tried to upload the artifacts from jenkins to nexus Repo on EC2 Linux Instance and was not successful in installing nexus on EC2... we need help on this",
        "ts": "1517605342.000212"
    },
    {
        "type": "message",
        "user": "U746SCQ90",
        "text": "Sai we have tried all those for 2 hrs in the morning .. nothing worked",
        "ts": "1517605389.000558"
    },
    {
        "type": "message",
        "user": "U730RMBB3",
        "text": "do you have any other error pages I can read?",
        "ts": "1517605464.000537"
    },
    {
        "type": "message",
        "user": "U746SCQ90",
        "text": "thats the only error we have",
        "ts": "1517605501.000141"
    }
]