[
    {
        "user": "U9606M37C",
        "text": "<@U9606M37C> has joined the channel",
        "type": "message",
        "subtype": "channel_join",
        "ts": "1518097927.000218"
    },
    {
        "type": "message",
        "user": "U8HLU8SG0",
        "text": "I will not be able to join Devops call at 10:00 am EST, struck up with some work. I will connect to Bridge call at 3:30 pm EST",
        "client_msg_id": "17BBD603-5BF3-4F7F-9FBA-7576D4851AAB",
        "ts": "1518100783.000660"
    },
    {
        "type": "message",
        "user": "U746SCQ90",
        "text": "I am ready for call ",
        "client_msg_id": "7AB02EA8-0F77-4869-BA4B-3EFD28477C92",
        "ts": "1518102221.000536"
    },
    {
        "type": "message",
        "user": "U7DJKE1K5",
        "text": "I am ready for call lets join",
        "ts": "1518105217.000194"
    },
    {
        "type": "message",
        "user": "U746SCQ90",
        "text": "Ok join uber ",
        "client_msg_id": "497CF6C3-E9B1-4EF0-BDA0-E6616FB41E7E",
        "ts": "1518105264.000352"
    },
    {
        "type": "message",
        "user": "U730RMBB3",
        "text": "My internet is being slow",
        "client_msg_id": "21B86BB4-A439-4BDD-B3EE-BD62A06B347C",
        "ts": "1518105508.000087"
    },
    {
        "type": "message",
        "user": "U730RMBB3",
        "text": "I’ll be in a little later",
        "client_msg_id": "3A1D1BF6-D360-4021-B6D0-630F4CF02202",
        "ts": "1518105520.000813"
    },
    {
        "type": "message",
        "user": "U730RMBB3",
        "text": "You guys start",
        "client_msg_id": "CAE01C3D-9A87-40A2-AA7F-366143824D13",
        "ts": "1518105534.000448"
    },
    {
        "type": "message",
        "user": "U730RMBB3",
        "text": "<https:\/\/smartechie.com\/2017\/11\/07\/installing-maven-using-yum-on-ec2-instance-amazon-linux\/>",
        "attachments": [
            {
                "service_name": "SMARTechie",
                "service_url": "http:\/\/smartechie.com",
                "title": "Installing Maven using Yum on EC2 instance (Amazon Linux)",
                "title_link": "https:\/\/smartechie.com\/2017\/11\/07\/installing-maven-using-yum-on-ec2-instance-amazon-linux\/",
                "author_name": "@SudhirRanjan",
                "author_link": "https:\/\/smartechie.com\/author\/srplilu0\/",
                "text": "sudo wget  -O \/etc\/yum.repos.d\/epel-apache-maven.repo\nsudo sed -i s\/\\$releasever\/6\/g \/etc\/yum.repos.d\/epel-apache-maven.repo\nsudo yum install -y apache-maven\nmvn &ndash;version\n\nAnd you all set to run the &ldquo;mvn&rdquo; command in ec2 instance.\n\n[ec2-user@ip-123-45-67-89 sudhir]$ mvn &ndash;version\nApache Maven 3.3.9 (bb52d8502b132ec0a5a3f4c09453c07478323dc5; 2015-11-10T16:41:47+00:00)\nMaven home: \/usr\/share\/apache-maven\nJava version: 1.7.0_151, vendor: Oracle Corporation\nJava home: \/usr\/lib\/jvm\/java-1.7.0-openjdk-1.7.0.151.x86_64\/jre\nDefault locale: en_US, platform encoding: UTF-8\nOS name: &ldquo;linux&rdquo;, version: &ldquo;4.9.43-17.39.amzn1.x86_64&rdquo;, arch: &ldquo;amd64&rdquo;, family: &ldquo;unix&rdquo;",
                "fallback": "SMARTechie Link: Installing Maven using Yum on EC2 instance (Amazon&nbsp;Linux)",
                "from_url": "https:\/\/smartechie.com\/2017\/11\/07\/installing-maven-using-yum-on-ec2-instance-amazon-linux\/",
                "service_icon": "https:\/\/smartechiecom.files.wordpress.com\/2017\/09\/cropped-profile_pic21.png?w=180",
                "id": 1
            }
        ],
        "ts": "1518105986.000665"
    },
    {
        "type": "message",
        "user": "U730RMBB3",
        "text": "recent article",
        "ts": "1518105990.000290"
    },
    {
        "type": "message",
        "user": "U730RMBB3",
        "text": "see if its different from the other command",
        "ts": "1518105998.000090"
    },
    {
        "type": "message",
        "user": "U7DJKE1K5",
        "text": "<https:\/\/tecadmin.net\/install-apache-maven-on-centos\/>",
        "attachments": [
            {
                "service_name": "TecAdmin.net",
                "title": "How to Install Apache Maven on CentOS\/RHEL 7\/6, Fedora 27 - TecAdmin",
                "title_link": "https:\/\/tecadmin.net\/install-apache-maven-on-centos\/",
                "text": "Install Apache Maven Fedora. Install Apache Maven CentOS RedHat. Apache Maven Installation on CentOS 7\/6\/5. How to Install Apache Maven on Linux",
                "fallback": "TecAdmin.net: How to Install Apache Maven on CentOS\/RHEL 7\/6, Fedora 27 - TecAdmin",
                "thumb_url": "https:\/\/tecadmin.net\/wp-content\/uploads\/2017\/02\/apahce-maven-installation.png",
                "ts": 1470652518,
                "from_url": "https:\/\/tecadmin.net\/install-apache-maven-on-centos\/",
                "thumb_width": 532,
                "thumb_height": 236,
                "service_icon": "https:\/\/tecadmin.net\/wp-content\/uploads\/2016\/05\/favicon.png",
                "id": 1
            }
        ],
        "ts": "1518106090.000099"
    },
    {
        "type": "message",
        "user": "U730RMBB3",
        "text": "<https:\/\/aws.amazon.com\/blogs\/devops\/integrating-aws-codecommit-with-jenkins\/>",
        "attachments": [
            {
                "service_name": "Amazon Web Services",
                "title": "Integrating AWS CodeCommit with Jenkins | Amazon Web Services",
                "title_link": "https:\/\/aws.amazon.com\/blogs\/devops\/integrating-aws-codecommit-with-jenkins\/",
                "text": "Today we have a guest post written by Emeka Igbokwe, a Solutions Architect at AWS. This post walks you through the steps to set up Jenkins and AWS CodeCommit to support 2 simple continuous integration (CI) scenarios. In the 1st scenario, you will make a change in your local Git repository, push the change to […]",
                "fallback": "Amazon Web Services: Integrating AWS CodeCommit with Jenkins | Amazon Web Services",
                "image_url": "https:\/\/d2908q01vomqb2.cloudfront.net\/356a192b7913b04c54574d18c28d46e6395428ab\/2017\/06\/23\/6288c174-a286-4b65-9b3b-6199bfdaa1e0.png",
                "image_width": 500,
                "image_height": 250,
                "ts": 1436453212,
                "from_url": "https:\/\/aws.amazon.com\/blogs\/devops\/integrating-aws-codecommit-with-jenkins\/",
                "image_bytes": 27820,
                "service_icon": "http:\/\/a0.awsstatic.com\/main\/images\/site\/touch-icon-iphone-114-smile.png",
                "id": 1
            }
        ],
        "ts": "1518107188.000292"
    },
    {
        "type": "message",
        "user": "U730RMBB3",
        "text": "<https:\/\/docs.aws.amazon.com\/cli\/latest\/userguide\/cli-chap-getting-started.html>",
        "attachments": [
            {
                "title": "Configuring the AWS CLI - AWS Command Line Interface",
                "title_link": "https:\/\/docs.aws.amazon.com\/cli\/latest\/userguide\/cli-chap-getting-started.html",
                "text": "Configure the AWS Command Line Interface and specify the settings for interacting with AWS.",
                "fallback": "Configuring the AWS CLI - AWS Command Line Interface",
                "from_url": "https:\/\/docs.aws.amazon.com\/cli\/latest\/userguide\/cli-chap-getting-started.html",
                "service_icon": "https:\/\/docs.aws.amazon.com\/images\/favicon.ico",
                "service_name": "docs.aws.amazon.com",
                "id": 1
            }
        ],
        "ts": "1518108957.000653"
    }
]