[
    {
        "type": "message",
        "user": "U746RD3SN",
        "text": "Team, the new site that Om stated yesterday is launched, <http:\/\/swiftcds.com\/>",
        "ts": "1521660849.000622"
    },
    {
        "type": "message",
        "user": "U746RD3SN",
        "text": "This is the first production project.",
        "ts": "1521660860.000207"
    },
    {
        "type": "message",
        "user": "U746RD3SN",
        "text": "Sai, we can put a team together to work on this project SWIFTCDS. DevOps, Security, Network and Unix.",
        "ts": "1521660999.000570"
    },
    {
        "type": "message",
        "user": "U746RD3SN",
        "text": "Team, I will share some guiding principles for DevOps teams.",
        "ts": "1521682653.000190"
    },
    {
        "type": "message",
        "user": "U746RD3SN",
        "text": "Strong source control\nZero touch build and deploy\nTest early and often\nAutomate in pipeline (everything)\nElastic supply of cloud resources\nCohesive teams with shared objectives\nLearn principles and continuous delivery of value\nEmbrace failure, recover automatically, degrade gracefully\nExperiment without regret\nFine grained service architecture",
        "ts": "1521682659.000004"
    },
    {
        "type": "message",
        "user": "U746RD3SN",
        "text": "Sai, please make sure that we factor these guiding principles into the entire DevOps process.",
        "ts": "1521682698.000053"
    },
    {
        "type": "message",
        "user": "U74STF4HJ",
        "text": "Very nice glad to hear principles, standards,integrity and Hardwork!!!",
        "client_msg_id": "7daf71b4-0039-45ed-8de0-480adb032cfd",
        "ts": "1521682747.000146"
    },
    {
        "type": "message",
        "user": "U746RD3SN",
        "text": "Each of these line items we need to transform to actions, if we want to be a successful Cloud transformation organization.",
        "ts": "1521682749.000060"
    },
    {
        "type": "message",
        "user": "U746RD3SN",
        "text": "There are several organizations that are in this space, lets ask the question how we are different and will provide value to our customers.",
        "ts": "1521682814.000061"
    },
    {
        "type": "message",
        "user": "U74STF4HJ",
        "text": "Murali can make it bullet and part of daily routine",
        "client_msg_id": "5fc549a4-20a3-44e1-a139-eef022e25ac6",
        "ts": "1521682847.000029"
    },
    {
        "type": "message",
        "user": "U746RD3SN",
        "text": "We are here for the long run, and our SINGLE GOAL is to become the premier cloud service provider,",
        "ts": "1521682860.000180"
    },
    {
        "type": "message",
        "user": "U746RD3SN",
        "text": "yes we should",
        "ts": "1521682895.000199"
    }
]