[
    {
        "type": "message",
        "user": "U8AJ8835X",
        "text": "My Update: Apache Web Server installation &amp; configuration in CentOS and practicing Python with Manikanta.",
        "ts": "1525108667.000320"
    },
    {
        "type": "message",
        "user": "U730RMBB3",
        "text": "Has Manu's windows instance upgrade been granted?",
        "ts": "1525112209.000238"
    },
    {
        "type": "message",
        "user": "U746SCQ90",
        "text": "Yah it was ready in the morning ",
        "client_msg_id": "586E258A-EBEA-4297-99CF-D1B60C9C66D1",
        "ts": "1525116236.000577"
    },
    {
        "type": "message",
        "user": "U730RMBB3",
        "text": "cool <@U9JT2HAP4> can you confirm your instance working?",
        "ts": "1525116261.000637"
    },
    {
        "type": "message",
        "user": "U9JT2HAP4",
        "text": "Yeah it’s working",
        "ts": "1525116301.000450"
    }
]