[
    {
        "type": "message",
        "subtype": "file_share",
        "text": "<@U9R2J9HCG> uploaded a file: <https:\/\/mpinfotech.slack.com\/files\/U9R2J9HCG\/FA24T9D6U\/cloud_transformation_epic-story.xlsx|Cloud Transformation Epic-Story.xlsx>",
        "file": {
            "id": "FA24T9D6U",
            "created": 1523064013,
            "timestamp": 1523064013,
            "name": "Cloud Transformation Epic-Story.xlsx",
            "title": "Cloud Transformation Epic-Story.xlsx",
            "mimetype": "application\/vnd.openxmlformats-officedocument.spreadsheetml.sheet",
            "filetype": "xlsx",
            "pretty_type": "Excel Spreadsheet",
            "user": "U9R2J9HCG",
            "editable": false,
            "size": 10220,
            "mode": "hosted",
            "is_external": false,
            "external_type": "",
            "is_public": true,
            "public_url_shared": false,
            "display_as_bot": false,
            "username": "",
            "url_private": "https:\/\/files.slack.com\/files-pri\/T730RMB7T-FA24T9D6U\/cloud_transformation_epic-story.xlsx?t=xoxe-241025725265-384508339281-384508339409-5b92d26397ce6b615c24d77267fe6bb3",
            "url_private_download": "https:\/\/files.slack.com\/files-pri\/T730RMB7T-FA24T9D6U\/download\/cloud_transformation_epic-story.xlsx?t=xoxe-241025725265-384508339281-384508339409-5b92d26397ce6b615c24d77267fe6bb3",
            "permalink": "https:\/\/mpinfotech.slack.com\/files\/U9R2J9HCG\/FA24T9D6U\/cloud_transformation_epic-story.xlsx",
            "permalink_public": "https:\/\/slack-files.com\/T730RMB7T-FA24T9D6U-425436925d",
            "channels": [],
            "groups": [],
            "ims": [],
            "comments_count": 0
        },
        "user": "U9R2J9HCG",
        "upload": true,
        "display_as_bot": false,
        "username": "mthomas",
        "bot_id": null,
        "ts": "1523064014.000054"
    },
    {
        "type": "message",
        "user": "U746RD3SN",
        "text": "Thanks Matt. We need to add more tasks.",
        "ts": "1523064041.000095"
    },
    {
        "type": "message",
        "user": "U9R2J9HCG",
        "text": "Sure Murali, Let me know and I can have that added",
        "ts": "1523064079.000076"
    }
]