[
    {
        "type": "message",
        "user": "U7DJKE1K5",
        "text": "Good Morning all,Let me know when you guys are ready for call",
        "ts": "1517238318.000157"
    },
    {
        "type": "message",
        "user": "U8HLU8SG0",
        "text": "I am ready bro",
        "ts": "1517238411.000077"
    },
    {
        "type": "message",
        "user": "U746SCQ90",
        "text": "Gm !! I am ready",
        "ts": "1517238519.000214"
    },
    {
        "type": "message",
        "user": "U7DJKE1K5",
        "text": "Then lets connect",
        "ts": "1517238623.000153"
    },
    {
        "type": "message",
        "user": "U8B25LH0B",
        "text": "good morning all,i am ready",
        "ts": "1517238642.000333"
    },
    {
        "type": "message",
        "user": "U746SCQ90",
        "text": "Tharun we in Uber",
        "ts": "1517238849.000024"
    },
    {
        "type": "message",
        "user": "U730RMBB3",
        "text": "its the psai6 uber",
        "ts": "1517238872.000500"
    },
    {
        "type": "message",
        "user": "U8B25LH0B",
        "text": "<http:\/\/www.mkyong.com\/maven\/how-to-create-a-java-project-with-maven\/>\n<https:\/\/examples.javacodegeeks.com\/enterprise-java\/maven\/create-java-project-with-maven-example\/>\n<https:\/\/spring.io\/guides\/gs\/maven\/>",
        "attachments": [
            {
                "title": "How to create a Java project with Maven",
                "title_link": "http:\/\/www.mkyong.com\/maven\/how-to-create-a-java-project-with-maven\/",
                "text": "Create a simple Java project from Maven template, and also showing how to compile, run unit test, and package the project into a jar file.",
                "fallback": "How to create a Java project with Maven",
                "from_url": "http:\/\/www.mkyong.com\/maven\/how-to-create-a-java-project-with-maven\/",
                "service_name": "mkyong.com",
                "id": 1
            },
            {
                "service_name": "Examples Java Code Geeks",
                "title": "Create Java project with Maven Example | Examples Java Code Geeks - 2018",
                "title_link": "https:\/\/examples.javacodegeeks.com\/enterprise-java\/maven\/create-java-project-with-maven-example\/",
                "text": "In this tutorial, we will show you an easy way to create a single Java project, using Apache Maven. Also, we will transform our project, in order to be recognizable and supported by the Eclipse IDE. Finally, we will conclude the tutorial, by presenting how we can package our Java project into an executable “.jar” ...",
                "fallback": "Examples Java Code Geeks: Create Java project with Maven Example | Examples Java Code Geeks - 2018",
                "thumb_url": "https:\/\/examples.javacodegeeks.com\/wp-content\/uploads\/2013\/11\/apache-maven-logo.jpg",
                "from_url": "https:\/\/examples.javacodegeeks.com\/enterprise-java\/maven\/create-java-project-with-maven-example\/",
                "thumb_width": 150,
                "thumb_height": 150,
                "service_icon": "https:\/\/examples.javacodegeeks.com\/wp-content\/uploads\/2013\/05\/JavaCodeGeeks-favIcon.png",
                "id": 2
            },
            {
                "title": "Building Java Projects with Maven",
                "title_link": "https:\/\/spring.io\/guides\/gs\/maven\/",
                "text": "this guide is designed to get you productive as quickly as possible and using the latest Spring project releases and techniques as recommended by the Spring team",
                "fallback": "Building Java Projects with Maven",
                "image_url": "https:\/\/spring.io\/img\/spring-by-pivotal-9066b55828deb3c10e27e609af322c40.png",
                "from_url": "https:\/\/spring.io\/guides\/gs\/maven\/",
                "image_width": 769,
                "image_height": 250,
                "image_bytes": 16126,
                "service_icon": "https:\/\/spring.io\/img\/favicon-ca31b78daf0dd9a106bbf3c6d87d4ec7.png",
                "service_name": "spring.io",
                "id": 3
            }
        ],
        "ts": "1517239199.000770"
    },
    {
        "type": "message",
        "user": "U7DJKE1K5",
        "text": "Hi all, Sorry to say, I am not able to connect tomorrow. I have some other work.",
        "ts": "1517265779.000380"
    },
    {
        "type": "message",
        "user": "U730RMBB3",
        "text": "ok thank you for notifying us. Are you able to join the 3:30 meeting?",
        "ts": "1517265814.000096"
    },
    {
        "type": "message",
        "user": "U7DJKE1K5",
        "text": "Yes sai,I wiil join the 3.30 call",
        "ts": "1517265851.000149"
    }
]