[
    {
        "type": "message",
        "user": "U770EERUN",
        "text": "Done  Rds ,Docker and Cloudwatch , created apache on Ec2 Instance.",
        "ts": "1515495383.000314"
    },
    {
        "type": "message",
        "user": "U8B25LH0B",
        "text": "Completed qwiklab on CLOUDWATCH,RDS,DOCKER and completed udemy videos on route53.",
        "edited": {
            "user": "U8B25LH0B",
            "ts": "1515495568.000000"
        },
        "ts": "1515495402.000236"
    },
    {
        "type": "message",
        "user": "U770EERUN",
        "text": "Learnt Docker(Doocker Host,Docker Image,Docker Hub) , Kubernetes(pod,Services)  and Lambda.",
        "ts": "1515509282.000105"
    }
]