[
    {
        "type": "message",
        "user": "U8AJ8835X",
        "text": "Done with Ec2, route 53,load balancer qwiklabs, and respective udemy videos. Continuing devops videos.",
        "edited": {
            "user": "U8AJ8835X",
            "ts": "1514988744.000000"
        },
        "ts": "1514986526.000140"
    },
    {
        "type": "message",
        "user": "U770EERUN",
        "text": "Completed labs on Route53 , EC2 , Elastic Load Balancer  and Devops Chef Video , Tried to create Apache web server with Instance.",
        "ts": "1514986722.000291"
    },
    {
        "type": "message",
        "user": "U8B25LH0B",
        "text": "Done qwiklab on Route 53,load balancer, EC2.Completed and practised udemy videos on EC2 in qwiklab.",
        "edited": {
            "user": "U8B25LH0B",
            "ts": "1514987221.000000"
        },
        "ts": "1514987120.000086"
    },
    {
        "type": "message",
        "user": "U746RD3SN",
        "text": "Thank you team for the update of your daily activity ",
        "ts": "1514990628.000510"
    },
    {
        "type": "message",
        "user": "U746RD3SN",
        "text": "US team i want the following to be followed by every one. A) send an update end of the day what you learnt and worked. B) if you cannot work or train for the email needs to be send to <mailto:mmurali@mpinfotech.com|mmurali@mpinfotech.com>. \n\nIts a discipline that we need to have as a team and is being strictly enforced.\n\nAlso moving forward there will be monthly performance feedback &amp; review where you will have to present what you have learnt or worked on.",
        "ts": "1514990999.000381"
    }
]