[
    {
        "type": "message",
        "user": "U730RMBB3",
        "text": "<@U746SCQ90> <@U98U42YGK> did you receive the email with the links to Tomcat documentation?",
        "ts": "1520003223.000673"
    },
    {
        "type": "message",
        "user": "U746RD3SN",
        "text": "Is the issue resolved.",
        "client_msg_id": "58E0B407-303E-41A4-BBB0-5319CA9F3994",
        "ts": "1520003485.000221"
    },
    {
        "type": "message",
        "user": "U730RMBB3",
        "text": "Guys whats the update on the TomCat server?",
        "ts": "1520012437.000206"
    },
    {
        "type": "message",
        "user": "U730RMBB3",
        "text": "Ok Update from the India side:\n\nThey are currently working on configuring a Chef instance\nOnce they have the instance set up we'll save the image and when the Tomcat has been tested on the DevOps pipeline , we'll integrate the two so that we can have successful builds and UAT environments set up.",
        "ts": "1520012848.000635"
    },
    {
        "type": "message",
        "user": "U730RMBB3",
        "text": "ok guys",
        "ts": "1520018005.000019"
    },
    {
        "type": "message",
        "user": "U730RMBB3",
        "text": "what do we have so far?",
        "ts": "1520018009.000616"
    },
    {
        "type": "message",
        "user": "U730RMBB3",
        "text": "today we have a demonstration of what we have so far to Om at 3:30 pm EST \nwe'll show how our pipeline works and what we are going to implement soon",
        "ts": "1520018292.000011"
    }
]