[
    {
        "type": "message",
        "user": "U730RMBB3",
        "text": "<https:\/\/wiki.jenkins.io\/display\/JENKINS\/Nexus+Artifact+Uploader>",
        "ts": "1519227340.000659"
    },
    {
        "type": "message",
        "user": "U730RMBB3",
        "text": "jenkins plugin",
        "ts": "1519227349.000063"
    },
    {
        "type": "message",
        "user": "U730RMBB3",
        "text": "possibly might be what we're looking for",
        "ts": "1519227358.000192"
    },
    {
        "type": "message",
        "user": "U730RMBB3",
        "text": "Ok so we now have Nexus importing artifacts successfully\nSo we just need to make sure we get Jenkins successfully talking with CodeCommit <@U98U42YGK> <@U98TG96PP> \n\nAfter that we can then get to the Build part of the pipeline",
        "ts": "1519230429.000435"
    }
]