[
    {
        "type": "message",
        "user": "U746SCQ90",
        "text": "Gm all !! Sorry for late notification could we plz connect  at 9:30 am .. I am stuck in one of my appointments ",
        "ts": "1517409967.000638"
    },
    {
        "type": "message",
        "user": "U746SCQ90",
        "text": "9:30 am est ",
        "ts": "1517410280.000303"
    },
    {
        "type": "message",
        "user": "U8HLU8SG0",
        "text": "Guys, I am ready, let me know when u r ready, so we can start the session. ",
        "ts": "1517411396.000781"
    },
    {
        "type": "message",
        "user": "U746SCQ90",
        "text": "Guys if u want to start off plz do so ...",
        "ts": "1517411436.000978"
    },
    {
        "type": "message",
        "user": "U770EERUN",
        "text": "I am ready",
        "ts": "1517411438.000185"
    },
    {
        "type": "message",
        "user": "U8B25LH0B",
        "text": "I am ready",
        "ts": "1517411466.000095"
    },
    {
        "type": "message",
        "user": "U746SCQ90",
        "text": "I am out and will join around 9:30 ",
        "ts": "1517411477.000693"
    },
    {
        "type": "message",
        "user": "U746SCQ90",
        "text": "One more thing guys .. ",
        "ts": "1517411703.000401"
    },
    {
        "type": "message",
        "user": "U746SCQ90",
        "text": "The samples java project I searched up is in github itopstube site ",
        "ts": "1517411736.000392"
    },
    {
        "type": "message",
        "user": "U7DJKE1K5",
        "text": "Good Morning all, I am ready guys",
        "ts": "1517412977.000401"
    },
    {
        "type": "message",
        "user": "U7DJKE1K5",
        "text": "Let me know when you guys are ready",
        "ts": "1517412996.000177"
    },
    {
        "type": "message",
        "user": "U8B25LH0B",
        "text": "<https:\/\/docs.aws.amazon.com\/codecommit\/latest\/userguide\/how-to-migrate-repository-existing.html>",
        "attachments": [
            {
                "title": "Migrate a Git Repository to AWS CodeCommit - AWS CodeCommit",
                "title_link": "https:\/\/docs.aws.amazon.com\/codecommit\/latest\/userguide\/how-to-migrate-repository-existing.html",
                "text": "Describes how to migrate an existing Git repository to an AWS CodeCommit repository.",
                "fallback": "Migrate a Git Repository to AWS CodeCommit - AWS CodeCommit",
                "from_url": "https:\/\/docs.aws.amazon.com\/codecommit\/latest\/userguide\/how-to-migrate-repository-existing.html",
                "service_icon": "https:\/\/docs.aws.amazon.com\/images\/favicon.ico",
                "service_name": "docs.aws.amazon.com",
                "id": 1
            }
        ],
        "ts": "1517413192.000401"
    },
    {
        "type": "message",
        "user": "U8HLU8SG0",
        "text": "Connect to uber conference ",
        "ts": "1517413288.000499"
    },
    {
        "type": "message",
        "user": "U730RMBB3",
        "text": "I’ll join the meeting in a little bit",
        "ts": "1517413596.000472"
    },
    {
        "type": "message",
        "user": "U8B25LH0B",
        "text": "<https:\/\/www.youtube.com\/watch?v=JcrAaS_GTPA>",
        "attachments": [
            {
                "service_name": "YouTube",
                "service_url": "https:\/\/www.youtube.com\/",
                "title": "Use the Nexus 2.0.1 EC2 AMI",
                "title_link": "https:\/\/www.youtube.com\/watch?v=JcrAaS_GTPA",
                "author_name": "Sonatype",
                "author_link": "https:\/\/www.youtube.com\/user\/sonatype",
                "thumb_url": "https:\/\/i.ytimg.com\/vi\/JcrAaS_GTPA\/hqdefault.jpg",
                "thumb_width": 480,
                "thumb_height": 360,
                "fallback": "YouTube Video: Use the Nexus 2.0.1 EC2 AMI",
                "video_html": "<iframe width=\"400\" height=\"225\" src=\"https:\/\/www.youtube.com\/embed\/JcrAaS_GTPA?feature=oembed&autoplay=1&iv_load_policy=3\" frameborder=\"0\" allow=\"autoplay; encrypted-media\" allowfullscreen><\/iframe>",
                "video_html_width": 400,
                "video_html_height": 225,
                "from_url": "https:\/\/www.youtube.com\/watch?v=JcrAaS_GTPA",
                "service_icon": "https:\/\/a.slack-edge.com\/2089\/img\/unfurl_icons\/youtube.png",
                "id": 1
            }
        ],
        "ts": "1517415814.001007"
    },
    {
        "type": "message",
        "user": "U7DJKE1K5",
        "text": "<https:\/\/docs.aws.amazon.com\/codecommit\/latest\/userguide\/how-to-connect.html>",
        "attachments": [
            {
                "title": "Connect to an AWS CodeCommit Repository - AWS CodeCommit",
                "title_link": "https:\/\/docs.aws.amazon.com\/codecommit\/latest\/userguide\/how-to-connect.html",
                "text": "Describes how to connect to an AWS CodeCommit repository.",
                "fallback": "Connect to an AWS CodeCommit Repository - AWS CodeCommit",
                "from_url": "https:\/\/docs.aws.amazon.com\/codecommit\/latest\/userguide\/how-to-connect.html",
                "service_icon": "https:\/\/docs.aws.amazon.com\/images\/favicon.ico",
                "service_name": "docs.aws.amazon.com",
                "id": 1
            }
        ],
        "ts": "1517419929.000551"
    },
    {
        "type": "message",
        "user": "U730RMBB3",
        "text": "<https:\/\/docs.aws.amazon.com\/codecommit\/latest\/userguide\/troubleshooting-cs.html#troubleshooting-cs1>",
        "attachments": [
            {
                "title": "Troubleshooting Console Errors and AWS CodeCommit - AWS CodeCommit",
                "title_link": "https:\/\/docs.aws.amazon.com\/codecommit\/latest\/userguide\/troubleshooting-cs.html#troubleshooting-cs1",
                "text": "Describes console errors in AWS CodeCommit and provides guidance for troubleshooting problems.",
                "fallback": "Troubleshooting Console Errors and AWS CodeCommit - AWS CodeCommit",
                "from_url": "https:\/\/docs.aws.amazon.com\/codecommit\/latest\/userguide\/troubleshooting-cs.html#troubleshooting-cs1",
                "service_icon": "https:\/\/docs.aws.amazon.com\/images\/favicon.ico",
                "service_name": "docs.aws.amazon.com",
                "id": 1
            }
        ],
        "ts": "1517431395.000377"
    },
    {
        "type": "message",
        "user": "U730RMBB3",
        "text": "<https:\/\/docs.aws.amazon.com\/codecommit\/latest\/userguide\/auth-and-access-control.html>",
        "attachments": [
            {
                "title": "Authentication and Access Control for          AWS CodeCommit - AWS CodeCommit       ",
                "title_link": "https:\/\/docs.aws.amazon.com\/codecommit\/latest\/userguide\/auth-and-access-control.html",
                "text": "Control user access using IAM policies to specify which AWS CodeCommit actions a user in your AWS account can perform.",
                "fallback": "Authentication and Access Control for          AWS CodeCommit - AWS CodeCommit       ",
                "from_url": "https:\/\/docs.aws.amazon.com\/codecommit\/latest\/userguide\/auth-and-access-control.html",
                "service_icon": "https:\/\/docs.aws.amazon.com\/images\/favicon.ico",
                "service_name": "docs.aws.amazon.com",
                "id": 1
            }
        ],
        "ts": "1517431405.000397"
    }
]