[
    {
        "type": "message",
        "user": "U746RD3SN",
        "text": "<https:\/\/google.qwiklabs.com\/quests\/29?utm_source=drift&amp;utm_medium=email&amp;utm_campaign=advnlmar18>",
        "client_msg_id": "9212CC7B-B879-4208-BABC-59CE558C8E29",
        "attachments": [
            {
                "service_name": "Qwiklabs",
                "title": "Kubernetes in the Google Cloud | Qwiklabs + google-run",
                "title_link": "https:\/\/google.qwiklabs.com\/quests\/29?utm_source=drift&utm_medium=email&utm_campaign=advnlmar18",
                "text": "In this Quest, students will get hands-on experience from introductory Docker tools through using Kubernetes to manage application packaging and launch, through sophisticated Continuous Delivery deployment management scenarios.",
                "fallback": "Qwiklabs: Kubernetes in the Google Cloud | Qwiklabs + google-run",
                "from_url": "https:\/\/google.qwiklabs.com\/quests\/29?utm_source=drift&utm_medium=email&utm_campaign=advnlmar18",
                "service_icon": "https:\/\/google.qwiklabs.com\/favicon.ico",
                "id": 1
            }
        ],
        "ts": "1521382785.000040"
    },
    {
        "type": "message",
        "user": "U746RD3SN",
        "text": "Devops team thats setting up Kubernetis labs please check Qwiklabs. (Link above)",
        "client_msg_id": "A58503E3-1742-465B-9364-018FF7CADA73",
        "ts": "1521382829.000073"
    },
    {
        "type": "message",
        "user": "U746RD3SN",
        "text": "Do the labs as a team ",
        "client_msg_id": "253F6CA8-43B4-45F3-8303-33AF700DE3A6",
        "ts": "1521382845.000111"
    }
]