[
    {
        "type": "message",
        "user": "U730RMBB3",
        "text": "<https:\/\/www.youtube.com\/watch?v=m68L8KvbSNk>",
        "attachments": [
            {
                "service_name": "YouTube",
                "service_url": "https:\/\/www.youtube.com\/",
                "title": "Installing Nexus Open Source on a Linux Server",
                "title_link": "https:\/\/www.youtube.com\/watch?v=m68L8KvbSNk",
                "author_name": "Sonatype",
                "author_link": "https:\/\/www.youtube.com\/user\/sonatype",
                "thumb_url": "https:\/\/i.ytimg.com\/vi\/m68L8KvbSNk\/hqdefault.jpg",
                "thumb_width": 480,
                "thumb_height": 360,
                "fallback": "YouTube Video: Installing Nexus Open Source on a Linux Server",
                "video_html": "<iframe width=\"400\" height=\"225\" src=\"https:\/\/www.youtube.com\/embed\/m68L8KvbSNk?feature=oembed&autoplay=1&iv_load_policy=3\" frameborder=\"0\" allow=\"autoplay; encrypted-media\" allowfullscreen><\/iframe>",
                "video_html_width": 400,
                "video_html_height": 225,
                "from_url": "https:\/\/www.youtube.com\/watch?v=m68L8KvbSNk",
                "service_icon": "https:\/\/a.slack-edge.com\/2089\/img\/unfurl_icons\/youtube.png",
                "id": 1
            }
        ],
        "ts": "1518450946.000282"
    },
    {
        "type": "message",
        "user": "U730RMBB3",
        "text": "I GOT IT TO WORK",
        "ts": "1518467645.000463"
    },
    {
        "type": "message",
        "user": "U730RMBB3",
        "text": "HAHA",
        "ts": "1518467647.000056"
    }
]