[
    {
        "type": "message",
        "subtype": "file_share",
        "text": "<@U8B25LH0B> uploaded a file: <https:\/\/mpinfotech.slack.com\/files\/U8B25LH0B\/F9S6AHJ4Q\/error.docx|error.docx> and commented: error resolved",
        "file": {
            "id": "F9S6AHJ4Q",
            "created": 1521549942,
            "timestamp": 1521549942,
            "name": "error.docx",
            "title": "error.docx",
            "mimetype": "application\/vnd.openxmlformats-officedocument.wordprocessingml.document",
            "filetype": "docx",
            "pretty_type": "Word Document",
            "user": "U8B25LH0B",
            "editable": false,
            "size": 179352,
            "mode": "hosted",
            "is_external": false,
            "external_type": "",
            "is_public": true,
            "public_url_shared": false,
            "display_as_bot": false,
            "username": "",
            "url_private": "https:\/\/files.slack.com\/files-pri\/T730RMB7T-F9S6AHJ4Q\/error.docx?t=xoxe-241025725265-384508339281-384508339409-5b92d26397ce6b615c24d77267fe6bb3",
            "url_private_download": "https:\/\/files.slack.com\/files-pri\/T730RMB7T-F9S6AHJ4Q\/download\/error.docx?t=xoxe-241025725265-384508339281-384508339409-5b92d26397ce6b615c24d77267fe6bb3",
            "permalink": "https:\/\/mpinfotech.slack.com\/files\/U8B25LH0B\/F9S6AHJ4Q\/error.docx",
            "permalink_public": "https:\/\/slack-files.com\/T730RMB7T-F9S6AHJ4Q-7619c59dba",
            "channels": [],
            "groups": [],
            "ims": [],
            "comments_count": 1,
            "initial_comment": {
                "id": "Fc9SRM8WGJ",
                "created": 1521549942,
                "timestamp": 1521549942,
                "user": "U8B25LH0B",
                "is_intro": true,
                "comment": "error resolved"
            }
        },
        "user": "U8B25LH0B",
        "upload": true,
        "display_as_bot": false,
        "username": "manikanta",
        "bot_id": null,
        "ts": "1521549943.000270"
    },
    {
        "type": "message",
        "user": "U74STF4HJ",
        "text": "Great going",
        "client_msg_id": "d605aaf5-e02c-4b73-9c94-b72202419072",
        "ts": "1521550001.000311"
    },
    {
        "type": "message",
        "user": "U730RMBB3",
        "text": "<@U98U42YGK> Me and Samba worked out the permission problem, I granted it to you as well so you should have Opsworks working\n<@U98TG96PP> your permissions are updated as well so you can work on Opsworks too",
        "ts": "1521562031.000606"
    },
    {
        "type": "message",
        "user": "U98TG96PP",
        "text": "ok",
        "ts": "1521562079.000189"
    },
    {
        "type": "message",
        "user": "U9MF5E7PF",
        "text": "<@U730RMBB3> After giving access able to do create server action. But ended up with another error. Looking in to that.  Seen same issue when I tried from multiple regions too.",
        "ts": "1521562539.000786"
    },
    {
        "type": "message",
        "subtype": "file_share",
        "text": "<@U9MF5E7PF> uploaded a file: <https:\/\/mpinfotech.slack.com\/files\/U9MF5E7PF\/F9TRTH3EJ\/chefautomateserver_failure.jpg|ChefAutomateServer_FAILURE.JPG>",
        "file": {
            "id": "F9TRTH3EJ",
            "created": 1521562554,
            "timestamp": 1521562554,
            "name": "ChefAutomateServer_FAILURE.JPG",
            "title": "ChefAutomateServer_FAILURE.JPG",
            "mimetype": "image\/jpeg",
            "filetype": "jpg",
            "pretty_type": "JPEG",
            "user": "U9MF5E7PF",
            "editable": false,
            "size": 104341,
            "mode": "hosted",
            "is_external": false,
            "external_type": "",
            "is_public": true,
            "public_url_shared": false,
            "display_as_bot": false,
            "username": "",
            "url_private": "https:\/\/files.slack.com\/files-pri\/T730RMB7T-F9TRTH3EJ\/chefautomateserver_failure.jpg?t=xoxe-241025725265-384508339281-384508339409-5b92d26397ce6b615c24d77267fe6bb3",
            "url_private_download": "https:\/\/files.slack.com\/files-pri\/T730RMB7T-F9TRTH3EJ\/download\/chefautomateserver_failure.jpg?t=xoxe-241025725265-384508339281-384508339409-5b92d26397ce6b615c24d77267fe6bb3",
            "thumb_64": "https:\/\/files.slack.com\/files-tmb\/T730RMB7T-F9TRTH3EJ-9569bb8b13\/chefautomateserver_failure_64.jpg?t=xoxe-241025725265-384508339281-384508339409-5b92d26397ce6b615c24d77267fe6bb3",
            "thumb_80": "https:\/\/files.slack.com\/files-tmb\/T730RMB7T-F9TRTH3EJ-9569bb8b13\/chefautomateserver_failure_80.jpg?t=xoxe-241025725265-384508339281-384508339409-5b92d26397ce6b615c24d77267fe6bb3",
            "thumb_360": "https:\/\/files.slack.com\/files-tmb\/T730RMB7T-F9TRTH3EJ-9569bb8b13\/chefautomateserver_failure_360.jpg?t=xoxe-241025725265-384508339281-384508339409-5b92d26397ce6b615c24d77267fe6bb3",
            "thumb_360_w": 360,
            "thumb_360_h": 183,
            "thumb_480": "https:\/\/files.slack.com\/files-tmb\/T730RMB7T-F9TRTH3EJ-9569bb8b13\/chefautomateserver_failure_480.jpg?t=xoxe-241025725265-384508339281-384508339409-5b92d26397ce6b615c24d77267fe6bb3",
            "thumb_480_w": 480,
            "thumb_480_h": 244,
            "thumb_160": "https:\/\/files.slack.com\/files-tmb\/T730RMB7T-F9TRTH3EJ-9569bb8b13\/chefautomateserver_failure_160.jpg?t=xoxe-241025725265-384508339281-384508339409-5b92d26397ce6b615c24d77267fe6bb3",
            "thumb_720": "https:\/\/files.slack.com\/files-tmb\/T730RMB7T-F9TRTH3EJ-9569bb8b13\/chefautomateserver_failure_720.jpg?t=xoxe-241025725265-384508339281-384508339409-5b92d26397ce6b615c24d77267fe6bb3",
            "thumb_720_w": 720,
            "thumb_720_h": 366,
            "thumb_800": "https:\/\/files.slack.com\/files-tmb\/T730RMB7T-F9TRTH3EJ-9569bb8b13\/chefautomateserver_failure_800.jpg?t=xoxe-241025725265-384508339281-384508339409-5b92d26397ce6b615c24d77267fe6bb3",
            "thumb_800_w": 800,
            "thumb_800_h": 406,
            "thumb_960": "https:\/\/files.slack.com\/files-tmb\/T730RMB7T-F9TRTH3EJ-9569bb8b13\/chefautomateserver_failure_960.jpg?t=xoxe-241025725265-384508339281-384508339409-5b92d26397ce6b615c24d77267fe6bb3",
            "thumb_960_w": 960,
            "thumb_960_h": 488,
            "thumb_1024": "https:\/\/files.slack.com\/files-tmb\/T730RMB7T-F9TRTH3EJ-9569bb8b13\/chefautomateserver_failure_1024.jpg?t=xoxe-241025725265-384508339281-384508339409-5b92d26397ce6b615c24d77267fe6bb3",
            "thumb_1024_w": 1024,
            "thumb_1024_h": 520,
            "image_exif_rotation": 1,
            "original_w": 1311,
            "original_h": 666,
            "permalink": "https:\/\/mpinfotech.slack.com\/files\/U9MF5E7PF\/F9TRTH3EJ\/chefautomateserver_failure.jpg",
            "permalink_public": "https:\/\/slack-files.com\/T730RMB7T-F9TRTH3EJ-0de38c7545",
            "channels": [],
            "groups": [],
            "ims": [],
            "comments_count": 0
        },
        "user": "U9MF5E7PF",
        "upload": true,
        "display_as_bot": false,
        "username": "sreddy",
        "bot_id": null,
        "ts": "1521562557.000043"
    },
    {
        "type": "message",
        "user": "U74STF4HJ",
        "text": "Team PL make sure u all signed aggrements wyth Mpinfotech",
        "client_msg_id": "0d0afa16-04c3-4ab1-a327-271bd70c0ac7",
        "ts": "1521562587.000423"
    },
    {
        "type": "message",
        "user": "U74STF4HJ",
        "text": "As we all know there nothing free in the world Sai(19 year old) took break of from his college and helping us to build the best Technology team. That's American philosophy.",
        "client_msg_id": "9862da90-35cd-427a-afef-51b34db1ac92",
        "ts": "1521562725.000840"
    },
    {
        "type": "message",
        "user": "U730RMBB3",
        "text": "Yea all the work will be worth it.\n\n<@U98U42YGK> and <@U98TG96PP> since you both now have the permissions please work with Samba on this.",
        "ts": "1521562844.000872"
    },
    {
        "type": "message",
        "user": "U74STF4HJ",
        "text": "You sacrifice ur life build dream then enjoy that success of Hardwork of course that Hardwork create life for in this world. That's called GDP in economics. Apple Steve,Amazin Jeff , Google Sergie,Teska Musk, Bill gates they sacrificed their life this world now we enjoy devices,apps,clouds, security.  Hope we all take inspiration and work hard for better tomorrow.",
        "client_msg_id": "362cf14c-a92e-4e98-863f-42e03c1099cd",
        "ts": "1521563130.000433"
    },
    {
        "type": "message",
        "user": "U98U42YGK",
        "text": "yeah okay <@U730RMBB3>",
        "ts": "1521563179.000533"
    },
    {
        "type": "message",
        "user": "U730RMBB3",
        "text": "Ok guys, The Etrademine pipeline currently has a working Tomcat, so once Chef is setup we can migrate the working Chef structure over and get UAT testing working",
        "ts": "1521566562.000845"
    },
    {
        "type": "message",
        "user": "U730RMBB3",
        "text": "I want to get developers onto both ours and the Etrademine pipeline as fast as possible",
        "ts": "1521566580.000656",
        "reactions": [
            {
                "name": "+1",
                "users": [
                    "U74STF4HJ"
                ],
                "count": 1
            },
            {
                "name": "clap",
                "users": [
                    "U74STF4HJ"
                ],
                "count": 1
            }
        ]
    },
    {
        "type": "message",
        "user": "U730RMBB3",
        "text": "that way we can work out any problems and test with real developer code.",
        "ts": "1521566601.000475"
    },
    {
        "type": "message",
        "user": "U730RMBB3",
        "text": "good job to both Mani and Arun :+1:",
        "ts": "1521566629.000766"
    },
    {
        "type": "message",
        "user": "U8B25LH0B",
        "text": "Thank you Sir",
        "ts": "1521566871.000047"
    },
    {
        "type": "message",
        "user": "U730RMBB3",
        "text": "If you’re working on Opsworks please restart those instances ",
        "client_msg_id": "A3C8DA82-D8D4-4C6B-AE6E-36D60C16C5FA",
        "ts": "1521571455.000042"
    },
    {
        "type": "message",
        "user": "U730RMBB3",
        "text": "Apparently there was a VPC issue in the US East region",
        "client_msg_id": "5DF096C2-0AC3-4645-B130-2065500F0DFF",
        "ts": "1521571479.000263"
    },
    {
        "type": "message",
        "user": "U74STF4HJ",
        "text": ":clap:",
        "client_msg_id": "1b417e95-9591-4793-8afe-722aa87d143e",
        "ts": "1521571549.000811"
    },
    {
        "type": "message",
        "user": "U746RD3SN",
        "text": "Good job guys",
        "ts": "1521571583.000536"
    },
    {
        "type": "message",
        "user": "U746RD3SN",
        "text": "good to see the full team online and working",
        "ts": "1521572566.000258"
    },
    {
        "type": "message",
        "user": "U746SCQ90",
        "text": "I am in other call Sai ",
        "client_msg_id": "59166078-8AC5-45E4-A394-EAE764F6C53C",
        "ts": "1521576346.000114"
    }
]