[
    {
        "type": "message",
        "user": "U9MF5E7PF",
        "text": "My update: completed pushing artifacts to nexus and notification to slack\ntrying pipeline script for jobs and installation of artifactory on red hat server",
        "ts": "1527115090.000227"
    },
    {
        "type": "message",
        "user": "U746SCQ90",
        "text": "tq samba",
        "ts": "1527115127.000286"
    },
    {
        "type": "message",
        "user": "U8AJ8835X",
        "text": "Practicing how to write test cases using selenium ",
        "client_msg_id": "D217426E-95E1-4DE4-A91B-381F50623A0D",
        "ts": "1527124339.000207"
    },
    {
        "type": "message",
        "user": "U746SCQ90",
        "text": "My update: Reading about java hipster",
        "client_msg_id": "2433EA0C-885D-4E38-9153-83606F93D3A4",
        "ts": "1527126001.000114"
    },
    {
        "type": "message",
        "user": "U74STF4HJ",
        "text": "Raviteja why are doing selenium are you going by Sai curriculum",
        "client_msg_id": "f77c2144-7d85-452a-80d0-c6b57b750d87",
        "ts": "1527126061.000121"
    },
    {
        "type": "message",
        "user": "U730RMBB3",
        "text": "Manu has assigned it for the time being so that they can get automated testing ready for MRADAR and since Ravi is already learning python this is good experience ",
        "client_msg_id": "842AA6B2-2390-4EEA-B240-13D371BF71F8",
        "ts": "1527126132.000126"
    },
    {
        "type": "message",
        "user": "U74STF4HJ",
        "text": "Ok great",
        "client_msg_id": "6418498b-b11a-410e-ac8b-0ad680234362",
        "ts": "1527126147.000016"
    },
    {
        "type": "message",
        "user": "U730RMBB3",
        "text": "in addition: Ravi needs to learn unit testing as part of the devops curriculum as well as learn an automation tool such as Selenium to it's a good way for him to learn how to integrate multiple tools and compile his devops learning together",
        "ts": "1527129944.000083"
    },
    {
        "type": "message",
        "user": "U8AJ8835X",
        "text": "Ok Sai will do it ",
        "client_msg_id": "3092A545-0BA5-43F6-BD98-43E24F3105C2",
        "ts": "1527130811.000223"
    },
    {
        "type": "message",
        "user": "UADKY6LHF",
        "text": "My update: was studying about APl , part of task assigned by Manu. And also was trying to fix issues faced in django.  ",
        "client_msg_id": "F6A00EEE-8AC8-44F6-8D30-CCDD880A4541",
        "ts": "1527135694.000105"
    }
]