[
    {
        "type": "message",
        "user": "U730RMBB3",
        "text": "guys please make sure Jenkins is pulling the Maven project from Codecommit and is able to build it",
        "ts": "1519759074.000005"
    },
    {
        "type": "message",
        "user": "U730RMBB3",
        "text": "so that we can progress to the build stage",
        "ts": "1519759081.000063"
    },
    {
        "type": "message",
        "user": "U730RMBB3",
        "text": "Ok so for clarity's sake I renamed the instances to their more appropriate ones\nDev Jenkins is the pipeline instance containing a working Jenkins\nDev Nexus is the pipeline instance containing a working Nexus",
        "ts": "1519761493.000216"
    },
    {
        "type": "message",
        "user": "U98U42YGK",
        "text": "okay Sai",
        "ts": "1519761593.000457"
    }
]