[
    {
        "type": "message",
        "user": "U746RD3SN",
        "text": "TharunThota - can you give me update on the e-Trademine",
        "ts": "1515076551.000138"
    },
    {
        "type": "message",
        "user": "U8HLU8SG0",
        "text": "Hi, I download tomcat into web server but having difficulty to transfer file into private app server.",
        "ts": "1515095001.000134"
    },
    {
        "type": "message",
        "user": "U746RD3SN",
        "text": "what is ht eissue",
        "ts": "1515095087.000457"
    },
    {
        "type": "message",
        "user": "U746RD3SN",
        "text": "PSai will call you",
        "ts": "1515095107.000406"
    },
    {
        "type": "message",
        "user": "U8HLU8SG0",
        "text": "Yup, we are having a Uber conference from 4:45 pm",
        "ts": "1515101482.000150"
    },
    {
        "type": "message",
        "user": "U8HLU8SG0",
        "text": "I watched a video on how to move file, as what we discussed last time but getting errors ",
        "ts": "1515101526.000469"
    },
    {
        "type": "message",
        "user": "U746RD3SN",
        "text": "PSai are u working with Tharu",
        "ts": "1515107149.000056"
    },
    {
        "type": "message",
        "user": "U8B25LH0B",
        "text": "Done qwiklab on EBS,LAMBDA, ELASTICACHE.Completed and practised udemy videos on EC2 in qwiklab.",
        "ts": "1515119774.000090"
    },
    {
        "type": "message",
        "user": "U746RD3SN",
        "text": "Thank you for the update Manikanta",
        "ts": "1515123251.000038"
    },
    {
        "type": "message",
        "user": "U8AJ8835X",
        "text": "Done with EBS, Lambda qwiklab and udemy videos. Continuing devops videos.",
        "ts": "1515129292.000076"
    },
    {
        "type": "message",
        "user": "U746RD3SN",
        "text": "Thank you for the update",
        "ts": "1515133122.000133"
    }
]