[
    {
        "type": "message",
        "user": "U730RMBB3",
        "text": "<https:\/\/s3.amazonaws.com\/opsworks-cm-us-east-1-prod-default-assets\/misc\/opsworks-cm-vpc.yaml>",
        "ts": "1522250589.000347"
    },
    {
        "type": "message",
        "user": "U730RMBB3",
        "text": "default amazon cloudformation template for Opsworks",
        "ts": "1522250602.000404"
    },
    {
        "type": "message",
        "user": "U730RMBB3",
        "text": "<https:\/\/www.youtube.com\/watch?v=dCQpaTTTv98>",
        "attachments": [
            {
                "service_name": "YouTube",
                "service_url": "https:\/\/www.youtube.com\/",
                "title": "Ansible Playbook Tutorial | Ansible Tutorial For Beginners | DevOps Tools | Edureka",
                "title_link": "https:\/\/www.youtube.com\/watch?v=dCQpaTTTv98",
                "author_name": "edureka!",
                "author_link": "https:\/\/www.youtube.com\/user\/edurekaIN",
                "thumb_url": "https:\/\/i.ytimg.com\/vi\/dCQpaTTTv98\/hqdefault.jpg",
                "thumb_width": 480,
                "thumb_height": 360,
                "fallback": "YouTube Video: Ansible Playbook Tutorial | Ansible Tutorial For Beginners | DevOps Tools | Edureka",
                "video_html": "<iframe width=\"400\" height=\"225\" src=\"https:\/\/www.youtube.com\/embed\/dCQpaTTTv98?feature=oembed&autoplay=1&iv_load_policy=3\" frameborder=\"0\" allow=\"autoplay; encrypted-media\" allowfullscreen><\/iframe>",
                "video_html_width": 400,
                "video_html_height": 225,
                "from_url": "https:\/\/www.youtube.com\/watch?v=dCQpaTTTv98",
                "service_icon": "https:\/\/a.slack-edge.com\/2089\/img\/unfurl_icons\/youtube.png",
                "id": 1
            }
        ],
        "ts": "1522257387.000411"
    },
    {
        "type": "message",
        "user": "U730RMBB3",
        "text": "<https:\/\/www.youtube.com\/watch?v=XJpN8qpxWbA>",
        "attachments": [
            {
                "service_name": "YouTube",
                "service_url": "https:\/\/www.youtube.com\/",
                "title": "Ansible Tutorial | What is Ansible | Ansible | DevOps Tools | Edureka",
                "title_link": "https:\/\/www.youtube.com\/watch?v=XJpN8qpxWbA",
                "author_name": "edureka!",
                "author_link": "https:\/\/www.youtube.com\/user\/edurekaIN",
                "thumb_url": "https:\/\/i.ytimg.com\/vi\/XJpN8qpxWbA\/hqdefault.jpg",
                "thumb_width": 480,
                "thumb_height": 360,
                "fallback": "YouTube Video: Ansible Tutorial | What is Ansible | Ansible | DevOps Tools | Edureka",
                "video_html": "<iframe width=\"400\" height=\"225\" src=\"https:\/\/www.youtube.com\/embed\/XJpN8qpxWbA?feature=oembed&autoplay=1&iv_load_policy=3\" frameborder=\"0\" allow=\"autoplay; encrypted-media\" allowfullscreen><\/iframe>",
                "video_html_width": 400,
                "video_html_height": 225,
                "from_url": "https:\/\/www.youtube.com\/watch?v=XJpN8qpxWbA",
                "service_icon": "https:\/\/a.slack-edge.com\/2089\/img\/unfurl_icons\/youtube.png",
                "id": 1
            }
        ],
        "ts": "1522257408.000401"
    },
    {
        "type": "message",
        "user": "U730RMBB3",
        "text": "<https:\/\/www.youtube.com\/watch?v=OmRxKQHtDbY>",
        "attachments": [
            {
                "service_name": "YouTube",
                "service_url": "https:\/\/www.youtube.com\/",
                "title": "Chef vs Puppet vs Ansible vs SaltStack | Configuration Management Tools Comparison | Edureka",
                "title_link": "https:\/\/www.youtube.com\/watch?v=OmRxKQHtDbY",
                "author_name": "edureka!",
                "author_link": "https:\/\/www.youtube.com\/user\/edurekaIN",
                "thumb_url": "https:\/\/i.ytimg.com\/vi\/OmRxKQHtDbY\/hqdefault.jpg",
                "thumb_width": 480,
                "thumb_height": 360,
                "fallback": "YouTube Video: Chef vs Puppet vs Ansible vs SaltStack | Configuration Management Tools Comparison | Edureka",
                "video_html": "<iframe width=\"400\" height=\"225\" src=\"https:\/\/www.youtube.com\/embed\/OmRxKQHtDbY?feature=oembed&autoplay=1&iv_load_policy=3\" frameborder=\"0\" allow=\"autoplay; encrypted-media\" allowfullscreen><\/iframe>",
                "video_html_width": 400,
                "video_html_height": 225,
                "from_url": "https:\/\/www.youtube.com\/watch?v=OmRxKQHtDbY",
                "service_icon": "https:\/\/a.slack-edge.com\/2089\/img\/unfurl_icons\/youtube.png",
                "id": 1
            }
        ],
        "ts": "1522257427.000566"
    },
    {
        "type": "message",
        "user": "U730RMBB3",
        "text": "<https:\/\/www.youtube.com\/watch?v=icR-df2Olm8>",
        "attachments": [
            {
                "service_name": "YouTube",
                "service_url": "https:\/\/www.youtube.com\/",
                "title": "Ansible - A Beginner's Tutorial, Part 1",
                "title_link": "https:\/\/www.youtube.com\/watch?v=icR-df2Olm8",
                "author_name": "Ben's IT Lessons",
                "author_link": "https:\/\/www.youtube.com\/channel\/UCLLumGsi1QboyiFIJf8a-0w",
                "thumb_url": "https:\/\/i.ytimg.com\/vi\/icR-df2Olm8\/hqdefault.jpg",
                "thumb_width": 480,
                "thumb_height": 360,
                "fallback": "YouTube Video: Ansible - A Beginner's Tutorial, Part 1",
                "video_html": "<iframe width=\"400\" height=\"225\" src=\"https:\/\/www.youtube.com\/embed\/icR-df2Olm8?feature=oembed&autoplay=1&iv_load_policy=3\" frameborder=\"0\" allow=\"autoplay; encrypted-media\" allowfullscreen><\/iframe>",
                "video_html_width": 400,
                "video_html_height": 225,
                "from_url": "https:\/\/www.youtube.com\/watch?v=icR-df2Olm8",
                "service_icon": "https:\/\/a.slack-edge.com\/2089\/img\/unfurl_icons\/youtube.png",
                "id": 1
            }
        ],
        "ts": "1522257714.000287"
    }
]