[
    {
        "type": "message",
        "user": "U8AJ8835X",
        "text": "Knowledge sharing session on AWS\n                           Demo on AWS LAMBDA by Manikanta and Raviteja on 9th May 2018, at 10:30 am EST\n                                                                      Please join using below link\n                                                                      <http:\/\/uberconference.com\/mpinfotech>\n\n\nOr please dial into this number. <tel:+1-609-831-3913|+1-609-831-3913>",
        "attachments": [
            {
                "service_name": "UberConference",
                "title": "UberConference - The Best Free Conference Call",
                "title_link": "http:\/\/uberconference.com\/mpinfotech",
                "text": "UberConference provides a rich visual interface for conference calls. Simple, visual, and free to use, it's audio conferencing done right. Easily set up and join free conference calls, see who is in the conference, who is talking, and use powerful conferencing features.",
                "fallback": "UberConference: UberConference - The Best Free Conference Call",
                "thumb_url": "https:\/\/www.uberconference.com\/static\/img2\/uberconference.jpg",
                "from_url": "http:\/\/uberconference.com\/mpinfotech",
                "thumb_width": 900,
                "thumb_height": 899,
                "service_icon": "https:\/\/www.uberconference.com\/static\/img2\/apple-touch-icon-320x320-precomposed.png",
                "id": 1,
                "original_url": "http:\/\/uberconference.com\/mpinfotech"
            }
        ],
        "ts": "1525815636.000119"
    },
    {
        "type": "message",
        "user": "U746SCQ90",
        "text": "Tq Ravi Teja for sharing .. will be there ",
        "client_msg_id": "81034C2A-93F5-49FA-8B3F-14FB4EE639B9",
        "ts": "1525816803.000587"
    }
]