[
    {
        "type": "message",
        "user": "U730RMBB3",
        "text": "we're using Psai6 uberconference for the dockers lab talk",
        "ts": "1520871102.000366"
    },
    {
        "type": "message",
        "user": "U730RMBB3",
        "text": "<https:\/\/global.gotomeeting.com\/join\/539780005>",
        "client_msg_id": "F16C8338-DD3C-4639-B510-7AF564F351C0",
        "ts": "1520871940.000472"
    },
    {
        "type": "message",
        "user": "U730RMBB3",
        "text": "This call is for anyone interested in Docker",
        "ts": "1520871982.000358"
    },
    {
        "type": "message",
        "user": "U730RMBB3",
        "text": "and Kubernetes",
        "ts": "1520871987.000138"
    },
    {
        "type": "message",
        "user": "U730RMBB3",
        "text": "Please use the GoTo Meeting",
        "ts": "1520872092.000084"
    },
    {
        "type": "message",
        "user": "U730RMBB3",
        "text": "Ok team\nNo need to wait for the next lecture \n\nIf you need\/want to learn Docker and Kubernetes in the MPIT cloud then you’re free to do so.\n\nI am granting the additional Route53 permission required",
        "client_msg_id": "5E6FDE0B-D683-4A0C-9819-29EA08301455",
        "ts": "1520877476.000577"
    },
    {
        "type": "message",
        "user": "U730RMBB3",
        "text": "When Anudeep contacts I’ll send out the invitation \nBut in the meanwhile everyone might as well practice in the Cloud before then\n",
        "client_msg_id": "971836DC-F6ED-4CD3-A70A-879C80669447",
        "ts": "1520877572.000620"
    },
    {
        "type": "message",
        "user": "U730RMBB3",
        "text": "Face the struggle and learn now so that you can apply your skills later :+1:",
        "client_msg_id": "BB2B0F78-DA99-44DB-9B1D-5EF75DBEF3E7",
        "ts": "1520877671.000466"
    }
]