[
    {
        "type": "message",
        "user": "U8B25LH0B",
        "text": "Learnt JSON (creating objects,creating arrays,implementing objects in arrays) and practiced  online and learnt types of ec2 instances",
        "edited": {
            "user": "U8B25LH0B",
            "ts": "1515596553.000000"
        },
        "ts": "1515572471.000251"
    },
    {
        "type": "message",
        "user": "U8AJ8835X",
        "text": "Learnt basics of JSON and videos on VPC and cloud watch and IAM.",
        "ts": "1515596441.000733"
    },
    {
        "type": "message",
        "user": "U770EERUN",
        "text": "Worked on lamda (lamda Function,Eventsource) and types of Instances .",
        "ts": "1515597101.000087"
    },
    {
        "type": "message",
        "user": "U730RMBB3",
        "text": "This is good guys \nKeep these updates consistent",
        "ts": "1515601053.000399"
    }
]