[
    {
        "type": "message",
        "user": "U8AJ8835X",
        "text": "Practicing sample questions for certification from Arun, Practiced bitbucket with sample code and continuing FAQ's in AWS website on VPC,Route53 topics.",
        "ts": "1518791227.000673"
    },
    {
        "type": "message",
        "user": "U746SCQ90",
        "text": "I am ready for the call ",
        "ts": "1518793661.000049"
    },
    {
        "type": "message",
        "user": "U730RMBB3",
        "text": "I’m in",
        "ts": "1518794061.000693"
    },
    {
        "type": "message",
        "user": "U730RMBB3",
        "text": "<https:\/\/help.sonatype.com\/display\/NXRM3\/Roles>",
        "ts": "1518795060.000192"
    },
    {
        "type": "message",
        "user": "U730RMBB3",
        "text": "<https:\/\/help.sonatype.com\/display\/NXRM3\/Privileges>",
        "ts": "1518795225.000368"
    },
    {
        "type": "message",
        "user": "U730RMBB3",
        "text": "<https:\/\/www.youtube.com\/watch?v=7NmGSnqLd58>",
        "attachments": [
            {
                "service_name": "YouTube",
                "service_url": "https:\/\/www.youtube.com\/",
                "title": "uploading artifacts from jenkins to nexus",
                "title_link": "https:\/\/www.youtube.com\/watch?v=7NmGSnqLd58",
                "author_name": "wilson thomas",
                "author_link": "https:\/\/www.youtube.com\/user\/wilsonthomas111",
                "thumb_url": "https:\/\/i.ytimg.com\/vi\/7NmGSnqLd58\/hqdefault.jpg",
                "thumb_width": 480,
                "thumb_height": 360,
                "fallback": "YouTube Video: uploading artifacts from jenkins to nexus",
                "video_html": "<iframe width=\"400\" height=\"225\" src=\"https:\/\/www.youtube.com\/embed\/7NmGSnqLd58?feature=oembed&autoplay=1&iv_load_policy=3\" frameborder=\"0\" allow=\"autoplay; encrypted-media\" allowfullscreen><\/iframe>",
                "video_html_width": 400,
                "video_html_height": 225,
                "from_url": "https:\/\/www.youtube.com\/watch?v=7NmGSnqLd58",
                "service_icon": "https:\/\/a.slack-edge.com\/2089\/img\/unfurl_icons\/youtube.png",
                "id": 1
            }
        ],
        "ts": "1518796182.000063"
    },
    {
        "type": "message",
        "user": "U730RMBB3",
        "text": "<https:\/\/www.youtube.com\/watch?v=qbO4MTESiJQ>",
        "attachments": [
            {
                "service_name": "YouTube",
                "service_url": "https:\/\/www.youtube.com\/",
                "title": "Jenkins Integration with Nexus.",
                "title_link": "https:\/\/www.youtube.com\/watch?v=qbO4MTESiJQ",
                "author_name": "Linux Automations",
                "author_link": "https:\/\/www.youtube.com\/channel\/UCJa7gH6sl-YDRHYCVBGFbHw",
                "thumb_url": "https:\/\/i.ytimg.com\/vi\/qbO4MTESiJQ\/hqdefault.jpg",
                "thumb_width": 480,
                "thumb_height": 360,
                "fallback": "YouTube Video: Jenkins Integration with Nexus.",
                "video_html": "<iframe width=\"400\" height=\"225\" src=\"https:\/\/www.youtube.com\/embed\/qbO4MTESiJQ?feature=oembed&autoplay=1&iv_load_policy=3\" frameborder=\"0\" allow=\"autoplay; encrypted-media\" allowfullscreen><\/iframe>",
                "video_html_width": 400,
                "video_html_height": 225,
                "from_url": "https:\/\/www.youtube.com\/watch?v=qbO4MTESiJQ",
                "service_icon": "https:\/\/a.slack-edge.com\/2089\/img\/unfurl_icons\/youtube.png",
                "id": 1
            }
        ],
        "ts": "1518796195.000097"
    }
]