[
    {
        "type": "message",
        "user": "U746RD3SN",
        "text": "<https:\/\/youtu.be\/QuzysykRqZ4>",
        "client_msg_id": "6FDAC910-26B6-474A-AED2-A32C81BFA97A",
        "attachments": [
            {
                "service_name": "YouTube",
                "service_url": "https:\/\/www.youtube.com\/",
                "title": "AppSec EU 2017 How To Put The Sec In DevOps by Helen Bravo",
                "title_link": "https:\/\/youtu.be\/QuzysykRqZ4",
                "author_name": "OWASP",
                "author_link": "https:\/\/www.youtube.com\/user\/OWASPGLOBAL",
                "thumb_url": "https:\/\/i.ytimg.com\/vi\/QuzysykRqZ4\/hqdefault.jpg",
                "thumb_width": 480,
                "thumb_height": 360,
                "fallback": "YouTube Video: AppSec EU 2017 How To Put The Sec In DevOps by Helen Bravo",
                "video_html": "<iframe width=\"400\" height=\"225\" src=\"https:\/\/www.youtube.com\/embed\/QuzysykRqZ4?feature=oembed&autoplay=1&iv_load_policy=3\" frameborder=\"0\" allow=\"autoplay; encrypted-media\" allowfullscreen><\/iframe>",
                "video_html_width": 400,
                "video_html_height": 225,
                "from_url": "https:\/\/youtu.be\/QuzysykRqZ4",
                "service_icon": "https:\/\/a.slack-edge.com\/2089\/img\/unfurl_icons\/youtube.png",
                "id": 1,
                "original_url": "https:\/\/youtu.be\/QuzysykRqZ4"
            }
        ],
        "ts": "1527249989.000171"
    },
    {
        "type": "message",
        "user": "U730RMBB3",
        "text": "<https:\/\/github.com\/hfaran\/slack-export-viewer>",
        "attachments": [
            {
                "fallback": "hfaran\/slack-export-viewer",
                "text": "A Slack Export archive viewer that allows you to easily view and share your Slack team's export",
                "title": "hfaran\/slack-export-viewer",
                "footer": "<https:\/\/github.com\/hfaran\/slack-export-viewer|hfaran\/slack-export-viewer>",
                "id": 1,
                "footer_icon": "https:\/\/assets-cdn.github.com\/favicon.ico",
                "ts": 1456480543,
                "color": "24292f",
                "fields": [
                    {
                        "title": "Website",
                        "value": "<https:\/\/pypi.python.org\/pypi\/slack-export-viewer>",
                        "short": true
                    },
                    {
                        "title": "Stars",
                        "value": "209",
                        "short": true
                    }
                ],
                "mrkdwn_in": [
                    "text",
                    "fields"
                ],
                "bot_id": "B9R66CPQF",
                "app_unfurl_url": "https:\/\/github.com\/hfaran\/slack-export-viewer",
                "is_app_unfurl": true
            }
        ],
        "ts": "1527266821.000279"
    },
    {
        "type": "message",
        "user": "U730RMBB3",
        "text": "we can use this script to set up a Slack Archive in the cloud",
        "ts": "1527266836.000191"
    },
    {
        "type": "message",
        "user": "U730RMBB3",
        "text": "its a simple JSON to HTML conversion script for Slack and this way we can host a webserver in the cloud to hold the Slack Archive JSON files and use this script as a method of reading those files. \nWe can also use it as a method to practice active directory tools like Cognito because something like this will need to have a user login in front of it so that only authorized individuals are able to see the archives.",
        "ts": "1527266931.000316"
    },
    {
        "type": "message",
        "user": "U8B25LH0B",
        "text": "My Update: Completed task given by manu(MRAD-96) and learning django.",
        "ts": "1527267282.000542"
    },
    {
        "type": "message",
        "user": "U98TG96PP",
        "text": "My update - working on Django application deployment on Apache ",
        "client_msg_id": "DE111B07-4A98-4C14-8770-42FF92B534EB",
        "ts": "1527297739.000005"
    },
    {
        "type": "message",
        "user": "U746SCQ90",
        "text": "My update: going through deployment of Django app on nginx ",
        "client_msg_id": "273926D1-BADF-41E3-B8BB-6D49FE9CF9A1",
        "ts": "1527298218.000003"
    },
    {
        "type": "message",
        "user": "U9606M37C",
        "text": "My update :Working on Unit test application on django.",
        "ts": "1527305906.000062"
    }
]