[
    {
        "type": "message",
        "user": "U746RD3SN",
        "text": "<https:\/\/docs.alertlogic.com\/home.htm>",
        "client_msg_id": "79e35bac-5825-430f-9cb1-ca8f13706497",
        "attachments": [
            {
                "title": "Alert Logic Docs",
                "title_link": "https:\/\/docs.alertlogic.com\/home.htm",
                "text": "The Alert Logic product documentation portal provides all the necessary information on how to setup and maintain all of the Alert Logic products.",
                "fallback": "Alert Logic Docs",
                "thumb_url": "https:\/\/www.alertlogic.com\/assets\/img\/logo-alertlogic.png",
                "from_url": "https:\/\/docs.alertlogic.com\/home.htm",
                "thumb_width": 314,
                "thumb_height": 59,
                "service_icon": "https:\/\/docs.alertlogic.com\/Skins\/Favicons\/AlertLogic_Logo_2C_RGB_V_Standard.png",
                "service_name": "docs.alertlogic.com",
                "id": 1,
                "original_url": "https:\/\/docs.alertlogic.com\/home.htm"
            }
        ],
        "ts": "1528979723.000440"
    },
    {
        "type": "message",
        "user": "U746RD3SN",
        "text": "Team, installation and configuration guides for Alert logic",
        "client_msg_id": "a391bf99-28b4-4ae9-8261-c076dc29e10a",
        "ts": "1528979737.000250"
    },
    {
        "type": "message",
        "user": "U746RD3SN",
        "text": "<https:\/\/docs.alertlogic.com\/install\/alert-logic-agent-linux.htm#downloadAgent>",
        "client_msg_id": "ca30e8e1-9562-44e2-8ea9-e91e013bf7ab",
        "attachments": [
            {
                "title": "How To Install The Alert Logic Agent For Linux",
                "title_link": "https:\/\/docs.alertlogic.com\/install\/alert-logic-agent-linux.htm#downloadAgent",
                "text": "Installing the Alert Logic Agent for Linux is a hassle free process. Follow this simple guide to ensure the agent is installed properly.",
                "fallback": "How To Install The Alert Logic Agent For Linux",
                "from_url": "https:\/\/docs.alertlogic.com\/install\/alert-logic-agent-linux.htm#downloadAgent",
                "service_icon": "https:\/\/docs.alertlogic.com\/Skins\/Favicons\/AlertLogic_Logo_2C_RGB_V_Standard.png",
                "service_name": "docs.alertlogic.com",
                "id": 1,
                "original_url": "https:\/\/docs.alertlogic.com\/install\/alert-logic-agent-linux.htm#downloadAgent"
            }
        ],
        "ts": "1528982472.000257"
    }
]