[
    {
        "type": "message",
        "user": "U770EERUN",
        "text": "Done qwik labs on  Dynamodb , Elastic Load Balancing , Elastic Block Store and tried to integrate with ApiGateway With lambda.",
        "edited": {
            "user": "U770EERUN",
            "ts": "1518265068.000000"
        },
        "ts": "1518252369.000067"
    },
    {
        "type": "message",
        "user": "U8AJ8835X",
        "text": "completed qwiklabs on Dynamo Db, EBS, Elastic load balancing. completed FAQ's on EBS and elastic load balancing.",
        "ts": "1518265153.000014"
    },
    {
        "type": "message",
        "user": "U9606M37C",
        "text": "Practiced Basic Linux Commands,Cloud Computing Basics and Networking concepts",
        "ts": "1518266888.000094"
    }
]