[
    {
        "type": "message",
        "user": "U746RD3SN",
        "text": "<https:\/\/aws.amazon.com\/answers\/account-management\/real-time-insights-account-activity\/>",
        "attachments": [
            {
                "service_name": "Amazon Web Services, Inc.",
                "title": "Real-Time Insights on AWS Account Activity – AWS Answers",
                "title_link": "https:\/\/aws.amazon.com\/answers\/account-management\/real-time-insights-account-activity\/",
                "text": "Monitor actions taken on your AWS accounts in real time",
                "fallback": "Amazon Web Services, Inc.: Real-Time Insights on AWS Account Activity – AWS Answers",
                "thumb_url": "https:\/\/a0.awsstatic.com\/main\/images\/logos\/aws_logo_smile_179x109.png",
                "from_url": "https:\/\/aws.amazon.com\/answers\/account-management\/real-time-insights-account-activity\/",
                "thumb_width": 179,
                "thumb_height": 109,
                "service_icon": "https:\/\/a0.awsstatic.com\/main\/images\/site\/touch-icon-iphone-114-smile.png",
                "id": 1
            }
        ],
        "ts": "1519021630.000162"
    },
    {
        "type": "message",
        "user": "U746RD3SN",
        "text": "<https:\/\/github.com\/awslabs\/real-time-insights-account-activity>",
        "attachments": [
            {
                "service_name": "GitHub",
                "title": "awslabs\/real-time-insights-account-activity",
                "title_link": "https:\/\/github.com\/awslabs\/real-time-insights-account-activity",
                "text": "real-time-insights-account-activity - An application and real-time dashboard providing insights into AWS account activity.",
                "fallback": "GitHub: awslabs\/real-time-insights-account-activity",
                "from_url": "https:\/\/github.com\/awslabs\/real-time-insights-account-activity",
                "thumb_url": "https:\/\/avatars2.githubusercontent.com\/u\/3299148?s=400&v=4",
                "thumb_width": 210,
                "thumb_height": 210,
                "service_icon": "https:\/\/a.slack-edge.com\/bfaba\/img\/unfurl_icons\/github.png",
                "id": 1
            }
        ],
        "ts": "1519021683.000204"
    },
    {
        "type": "message",
        "user": "U746RD3SN",
        "text": "<https:\/\/github.com\/awslabs>",
        "attachments": [
            {
                "service_name": "GitHub",
                "title": "Amazon Web Services - Labs",
                "title_link": "https:\/\/github.com\/awslabs",
                "text": "GitHub is where people build software. More than 28 million people use GitHub to discover, fork, and contribute to over 78 million projects.",
                "fallback": "GitHub: Amazon Web Services - Labs",
                "from_url": "https:\/\/github.com\/awslabs",
                "thumb_url": "https:\/\/avatars1.githubusercontent.com\/u\/3299148?s=280&v=4",
                "thumb_width": 210,
                "thumb_height": 210,
                "service_icon": "https:\/\/a.slack-edge.com\/bfaba\/img\/unfurl_icons\/github.png",
                "id": 1
            }
        ],
        "ts": "1519021716.000049"
    },
    {
        "type": "message",
        "user": "U746RD3SN",
        "text": "Team, you can find lots of useful scripts in AWS github.",
        "ts": "1519021767.000044"
    }
]