[
    {
        "type": "message",
        "user": "U746RD3SN",
        "text": "We are Microsoft Azure partners. We will discuss with Vidyulatha and Sai, and she will comeback to the team on Azure and our strategy for enabling you all.",
        "client_msg_id": "28082A38-55EE-417B-A1E9-28BE4B1BA94F",
        "ts": "1524453134.000242"
    },
    {
        "type": "message",
        "subtype": "file_share",
        "text": "<@U746RD3SN> uploaded a file: <https:\/\/mpinfotech.slack.com\/files\/U746RD3SN\/FAB6KPWR0\/partner-opportunity-playbook-cloud-infrastructure-management.pptx|partner-opportunity-playbook-cloud-infrastructure-management.pptx> and commented: Cloud Oppurtunies",
        "file": {
            "id": "FAB6KPWR0",
            "created": 1524456704,
            "timestamp": 1524456704,
            "name": "partner-opportunity-playbook-cloud-infrastructure-management.pptx",
            "title": "partner-opportunity-playbook-cloud-infrastructure-management.pptx",
            "mimetype": "application\/vnd.openxmlformats-officedocument.presentationml.presentation",
            "filetype": "pptx",
            "pretty_type": "PowerPoint Presentation",
            "user": "U746RD3SN",
            "editable": false,
            "size": 4156000,
            "mode": "hosted",
            "is_external": false,
            "external_type": "",
            "is_public": true,
            "public_url_shared": false,
            "display_as_bot": false,
            "username": "",
            "url_private": "https:\/\/files.slack.com\/files-pri\/T730RMB7T-FAB6KPWR0\/partner-opportunity-playbook-cloud-infrastructure-management.pptx?t=xoxe-241025725265-384508339281-384508339409-5b92d26397ce6b615c24d77267fe6bb3",
            "url_private_download": "https:\/\/files.slack.com\/files-pri\/T730RMB7T-FAB6KPWR0\/download\/partner-opportunity-playbook-cloud-infrastructure-management.pptx?t=xoxe-241025725265-384508339281-384508339409-5b92d26397ce6b615c24d77267fe6bb3",
            "permalink": "https:\/\/mpinfotech.slack.com\/files\/U746RD3SN\/FAB6KPWR0\/partner-opportunity-playbook-cloud-infrastructure-management.pptx",
            "permalink_public": "https:\/\/slack-files.com\/T730RMB7T-FAB6KPWR0-50471ae3bb",
            "channels": [],
            "groups": [],
            "ims": [],
            "comments_count": 1,
            "initial_comment": {
                "id": "FcAAKXT40Z",
                "created": 1524456704,
                "timestamp": 1524456704,
                "user": "U746RD3SN",
                "is_intro": true,
                "comment": "Cloud Oppurtunies"
            }
        },
        "user": "U746RD3SN",
        "upload": true,
        "display_as_bot": false,
        "username": "mmurali",
        "bot_id": null,
        "ts": "1524456704.000185"
    },
    {
        "type": "message",
        "user": "U746RD3SN",
        "text": "Sai and Vidyulatha, I sent invites to you both for Microsoft Azure platform.",
        "ts": "1524456738.000084"
    },
    {
        "type": "message",
        "user": "U746RD3SN",
        "text": "Kindly confirm access, so that I can assign the roles and access within the partner portal.",
        "ts": "1524456784.000193"
    },
    {
        "type": "message",
        "user": "U746RD3SN",
        "text": "In the coming week, the leadership team we will come back to the team with the plan on Azure.",
        "ts": "1524456834.000052"
    }
]