[
    {
        "type": "message",
        "user": "U730RMBB3",
        "text": "DevOps team I need to know where the dev pipeline is at this point",
        "client_msg_id": "DE6057D7-2EFE-47E6-8EA9-4AEA2B82BE6C",
        "ts": "1520266814.000375"
    },
    {
        "type": "message",
        "user": "U730RMBB3",
        "text": "We have 3 to 4 real world projects that are going to start development\/transition to our pipeline so I need to know at what stage it is at",
        "client_msg_id": "66A19037-47FD-404D-8CEE-DB96B920FF06",
        "ts": "1520266853.000113"
    },
    {
        "type": "message",
        "user": "U730RMBB3",
        "text": "We need to get it’s fundamentals working so we can get the other projects on ASAP",
        "client_msg_id": "32ECD0E2-CBA1-4C56-AB5F-EB7417E88581",
        "ts": "1520266882.000837"
    },
    {
        "type": "message",
        "user": "U730RMBB3",
        "text": "<@U746SCQ90> <@U98U42YGK> <@U98TG96PP> \nCan you give me an update on where the pipeline is at this point?",
        "client_msg_id": "3F8A67D6-8564-4AF4-97E3-91A5CA8E0E66",
        "ts": "1520266913.000312"
    },
    {
        "type": "message",
        "user": "U746RD3SN",
        "text": "I need the plans for the internal project pipeline",
        "ts": "1520266918.000024"
    },
    {
        "type": "message",
        "user": "U746RD3SN",
        "text": "i send you the email with the 4 internal projects, i need detailed as to when we can complete. And this time I want to know the approx time needed.",
        "ts": "1520266947.000066"
    },
    {
        "type": "message",
        "user": "U98U42YGK",
        "text": "We got stuck at installing tomcat to open the manager page only @sai, still working on it",
        "ts": "1520267568.000118"
    },
    {
        "type": "message",
        "user": "U730RMBB3",
        "text": "Ok I need some parallel working so this is what we’re going to do\n<@U98U42YGK> <@U98TG96PP> will continue working in troubleshooting the tomcat instance with vidyulatha \n\n<@U8C5LET2S> since you have architecture experience I need you to pull together an architecture for The SonarQube tool",
        "client_msg_id": "62B1AC69-715C-41EC-A882-56D16209939B",
        "ts": "1520268758.000487"
    },
    {
        "type": "message",
        "user": "U730RMBB3",
        "text": "<https:\/\/docs.sonarqube.org\/plugins\/servlet\/mobile?contentId=11634917#content\/view\/11634917>",
        "client_msg_id": "CD5B703F-EB96-4D89-9454-503F71BEBB5E",
        "ts": "1520268761.000293"
    },
    {
        "type": "message",
        "user": "U730RMBB3",
        "text": "This documentation should give you a head start ",
        "client_msg_id": "9314983A-E88E-476B-83E0-07FBA3ADD407",
        "ts": "1520268773.000225"
    },
    {
        "type": "message",
        "user": "U730RMBB3",
        "text": "This way we get the troubleshooting done",
        "client_msg_id": "74D066A0-2FA0-4E4F-8BA2-4113113A5F2E",
        "ts": "1520268785.000008"
    },
    {
        "type": "message",
        "user": "U730RMBB3",
        "text": "And we can jumpstart the security parts of the pipeline",
        "client_msg_id": "4DA469B9-F269-4867-9C0E-66CF8F0D2F0F",
        "ts": "1520268815.000749"
    },
    {
        "type": "message",
        "user": "U730RMBB3",
        "text": "You guys good with this?",
        "client_msg_id": "8B32BECE-C6FE-4FB0-B780-1CB21A589A2E",
        "ts": "1520268826.000352"
    },
    {
        "type": "message",
        "user": "U730RMBB3",
        "text": "Ok guys i heard you guys managed to fix the TomCat management interface problem so good job with that :+1:\n\nTomorrow what the plan should be is to make sure deployment of code to Tomcat is running, _make sure to save the working AMI_\nAfter that we need to get UAT environment building set up, so that means configuring something like a Chef instance to build environments for testing purposes.",
        "ts": "1520283641.000415"
    },
    {
        "type": "message",
        "user": "U9H0VLAM7",
        "text": "Hi Siva : how did you resolve Tomcat issue?",
        "ts": "1520285519.000055"
    },
    {
        "type": "message",
        "user": "U9H0VLAM7",
        "text": "Like folder issue or cloud  access issue?",
        "ts": "1520285600.000626"
    },
    {
        "type": "message",
        "user": "U98U42YGK",
        "text": "We didnt install the tomcat7-admin-webpages",
        "ts": "1520285661.000270"
    },
    {
        "type": "message",
        "user": "U98U42YGK",
        "text": "we installed only tomcat7 and tomcat-webpages",
        "ts": "1520285682.000134"
    },
    {
        "type": "message",
        "user": "U98U42YGK",
        "text": "so and then I edited tomcat-users.xml in \/etc\/tomcat7",
        "ts": "1520285730.000150"
    },
    {
        "type": "message",
        "user": "U9H0VLAM7",
        "text": "Good",
        "ts": "1520285813.000447"
    },
    {
        "type": "message",
        "user": "U9H0VLAM7",
        "text": "Share your solution to rest of the team",
        "ts": "1520285857.000165"
    },
    {
        "type": "message",
        "user": "U98U42YGK",
        "text": "yeah sure",
        "ts": "1520286830.000110"
    }
]