[
    {
        "type": "message",
        "user": "U770EERUN",
        "text": "Completed Lambda , Elastic Cache ,and Ebs  labs , and Chef in Devops and tried to connect public instance to Private Instance.",
        "edited": {
            "user": "U770EERUN",
            "ts": "1515140887.000000"
        },
        "ts": "1515140833.000004"
    },
    {
        "type": "message",
        "user": "U770EERUN",
        "text": "Done with Vpc,Cloud front,and Vpc with Cloudformation, labs and Done call with team regarding installation of Tomcat and Apache web server.",
        "edited": {
            "user": "U770EERUN",
            "ts": "1515169337.000000"
        },
        "ts": "1515169249.000498"
    },
    {
        "type": "message",
        "user": "U8B25LH0B",
        "text": "Done qwiklab on VPC,VPC with CLOUDFORMATION,CLOUD FRONT.Completed and practised udemy videos on ROUTE53 in qwiklab.",
        "ts": "1515176109.000248"
    },
    {
        "type": "message",
        "user": "U8AJ8835X",
        "text": "Completed qwiklab on VPC, vpc with cloud formation, cloud front and respective udemy videos.",
        "ts": "1515207114.000119"
    },
    {
        "type": "message",
        "user": "U746RD3SN",
        "text": "Thank you for update",
        "ts": "1515210124.000059"
    }
]