[
    {
        "type": "message",
        "subtype": "file_mention",
        "text": "<@U746RD3SN> mentioned a file: <https:\/\/mpinfotech.slack.com\/files\/U746RD3SN\/F9Y45FTU7\/attachment_4679424000001071003_attach_1_4679424000001071003_devops_jira_e_s_t-2.pdf.pdf|Attachment_4679424000001071003_attach_1_4679424000001071003_DevOps JIRA E S T-2.pdf.pdf>.",
        "file": {
            "id": "F9Y45FTU7",
            "created": 1522180010,
            "timestamp": 1522180010,
            "name": "Attachment_4679424000001071003_attach_1_4679424000001071003_DevOps JIRA E S T-2.pdf.pdf",
            "title": "Attachment_4679424000001071003_attach_1_4679424000001071003_DevOps JIRA E S T-2.pdf",
            "mimetype": "application\/pdf",
            "filetype": "pdf",
            "pretty_type": "PDF",
            "user": "U746RD3SN",
            "editable": false,
            "size": 243368,
            "mode": "hosted",
            "is_external": false,
            "external_type": "",
            "is_public": true,
            "public_url_shared": false,
            "display_as_bot": false,
            "username": "",
            "url_private": "https:\/\/files.slack.com\/files-pri\/T730RMB7T-F9Y45FTU7\/attachment_4679424000001071003_attach_1_4679424000001071003_devops_jira_e_s_t-2.pdf.pdf?t=xoxe-241025725265-384508339281-384508339409-5b92d26397ce6b615c24d77267fe6bb3",
            "url_private_download": "https:\/\/files.slack.com\/files-pri\/T730RMB7T-F9Y45FTU7\/download\/attachment_4679424000001071003_attach_1_4679424000001071003_devops_jira_e_s_t-2.pdf.pdf?t=xoxe-241025725265-384508339281-384508339409-5b92d26397ce6b615c24d77267fe6bb3",
            "thumb_pdf": "https:\/\/files.slack.com\/files-tmb\/T730RMB7T-F9Y45FTU7-9395043367\/attachment_4679424000001071003_attach_1_4679424000001071003_devops_jira_e_s_t-2.pdf_thumb_pdf.png?t=xoxe-241025725265-384508339281-384508339409-5b92d26397ce6b615c24d77267fe6bb3",
            "thumb_pdf_w": 935,
            "thumb_pdf_h": 1210,
            "permalink": "https:\/\/mpinfotech.slack.com\/files\/U746RD3SN\/F9Y45FTU7\/attachment_4679424000001071003_attach_1_4679424000001071003_devops_jira_e_s_t-2.pdf.pdf",
            "permalink_public": "https:\/\/slack-files.com\/T730RMB7T-F9Y45FTU7-78c197054c",
            "channels": [],
            "groups": [],
            "ims": [],
            "comments_count": 0
        },
        "user": "U746RD3SN",
        "ts": "1524771502.000261"
    },
    {
        "type": "message",
        "user": "U746RD3SN",
        "text": "We want to congratulate the team for making a big progress.  Keep up the good work. Thank you. <https:\/\/mpinfotech.slack.com\/archives\/GAB1XK7ND\/p1524774468000391>",
        "ts": "1524774570.000490"
    },
    {
        "type": "message",
        "user": "U746SCQ90",
        "text": "Thank you each and everyone in the Devops team who have worked hard in getting CI\/CD Pipeline ready... good going:+1::blush:",
        "ts": "1524774653.000314"
    },
    {
        "type": "message",
        "user": "U8GC9C5M1",
        "text": "Congratulations!!",
        "client_msg_id": "7e5367f8-b3de-44b7-9dba-f80825d21e56",
        "ts": "1524774778.000466"
    },
    {
        "type": "message",
        "user": "U9JT2HAP4",
        "text": "Congrats Vidyulatha and Team.",
        "ts": "1524775392.000648"
    },
    {
        "type": "message",
        "user": "U9R2J9HCG",
        "text": "Congrats Team",
        "ts": "1524775413.000248"
    }
]