[
    {
        "type": "message",
        "subtype": "file_share",
        "text": "<@U730RMBB3> uploaded a file: <https:\/\/mpinfotech.slack.com\/files\/U730RMBB3\/F9MNEPUPP\/mpit_devenv.png|MPIT_DevEnv.png>",
        "file": {
            "id": "F9MNEPUPP",
            "created": 1520628518,
            "timestamp": 1520628518,
            "name": "MPIT_DevEnv.png",
            "title": "MPIT_DevEnv.png",
            "mimetype": "image\/png",
            "filetype": "png",
            "pretty_type": "PNG",
            "user": "U730RMBB3",
            "editable": false,
            "size": 157497,
            "mode": "hosted",
            "is_external": false,
            "external_type": "",
            "is_public": true,
            "public_url_shared": false,
            "display_as_bot": false,
            "username": "",
            "url_private": "https:\/\/files.slack.com\/files-pri\/T730RMB7T-F9MNEPUPP\/mpit_devenv.png?t=xoxe-241025725265-384508339281-384508339409-5b92d26397ce6b615c24d77267fe6bb3",
            "url_private_download": "https:\/\/files.slack.com\/files-pri\/T730RMB7T-F9MNEPUPP\/download\/mpit_devenv.png?t=xoxe-241025725265-384508339281-384508339409-5b92d26397ce6b615c24d77267fe6bb3",
            "thumb_64": "https:\/\/files.slack.com\/files-tmb\/T730RMB7T-F9MNEPUPP-67a500312a\/mpit_devenv_64.png?t=xoxe-241025725265-384508339281-384508339409-5b92d26397ce6b615c24d77267fe6bb3",
            "thumb_80": "https:\/\/files.slack.com\/files-tmb\/T730RMB7T-F9MNEPUPP-67a500312a\/mpit_devenv_80.png?t=xoxe-241025725265-384508339281-384508339409-5b92d26397ce6b615c24d77267fe6bb3",
            "thumb_360": "https:\/\/files.slack.com\/files-tmb\/T730RMB7T-F9MNEPUPP-67a500312a\/mpit_devenv_360.png?t=xoxe-241025725265-384508339281-384508339409-5b92d26397ce6b615c24d77267fe6bb3",
            "thumb_360_w": 360,
            "thumb_360_h": 172,
            "thumb_480": "https:\/\/files.slack.com\/files-tmb\/T730RMB7T-F9MNEPUPP-67a500312a\/mpit_devenv_480.png?t=xoxe-241025725265-384508339281-384508339409-5b92d26397ce6b615c24d77267fe6bb3",
            "thumb_480_w": 480,
            "thumb_480_h": 230,
            "thumb_160": "https:\/\/files.slack.com\/files-tmb\/T730RMB7T-F9MNEPUPP-67a500312a\/mpit_devenv_160.png?t=xoxe-241025725265-384508339281-384508339409-5b92d26397ce6b615c24d77267fe6bb3",
            "thumb_720": "https:\/\/files.slack.com\/files-tmb\/T730RMB7T-F9MNEPUPP-67a500312a\/mpit_devenv_720.png?t=xoxe-241025725265-384508339281-384508339409-5b92d26397ce6b615c24d77267fe6bb3",
            "thumb_720_w": 720,
            "thumb_720_h": 345,
            "thumb_800": "https:\/\/files.slack.com\/files-tmb\/T730RMB7T-F9MNEPUPP-67a500312a\/mpit_devenv_800.png?t=xoxe-241025725265-384508339281-384508339409-5b92d26397ce6b615c24d77267fe6bb3",
            "thumb_800_w": 800,
            "thumb_800_h": 383,
            "thumb_960": "https:\/\/files.slack.com\/files-tmb\/T730RMB7T-F9MNEPUPP-67a500312a\/mpit_devenv_960.png?t=xoxe-241025725265-384508339281-384508339409-5b92d26397ce6b615c24d77267fe6bb3",
            "thumb_960_w": 960,
            "thumb_960_h": 460,
            "thumb_1024": "https:\/\/files.slack.com\/files-tmb\/T730RMB7T-F9MNEPUPP-67a500312a\/mpit_devenv_1024.png?t=xoxe-241025725265-384508339281-384508339409-5b92d26397ce6b615c24d77267fe6bb3",
            "thumb_1024_w": 1024,
            "thumb_1024_h": 491,
            "image_exif_rotation": 1,
            "original_w": 1701,
            "original_h": 815,
            "permalink": "https:\/\/mpinfotech.slack.com\/files\/U730RMBB3\/F9MNEPUPP\/mpit_devenv.png",
            "permalink_public": "https:\/\/slack-files.com\/T730RMB7T-F9MNEPUPP-c206af121d",
            "channels": [],
            "groups": [],
            "ims": [],
            "comments_count": 0
        },
        "user": "U730RMBB3",
        "upload": true,
        "display_as_bot": false,
        "username": "psai",
        "bot_id": null,
        "ts": "1520628522.000571"
    }
]