[
    {
        "type": "message",
        "user": "U8AJ8835X",
        "text": "Learnt  about EC2 instance types, options, EBS volume types,security groups and done qwiklabs on Ec2 and EBS.",
        "ts": "1515681739.000301"
    },
    {
        "type": "message",
        "user": "U8B25LH0B",
        "text": "Learnt VPC in udemy and wrote json script for selecting instance types.",
        "ts": "1515682132.000347"
    },
    {
        "type": "message",
        "user": "U770EERUN",
        "text": "Completed lamda lab and videos regarding to lambda and api gateway and Udemy video of Lambda",
        "edited": {
            "user": "U770EERUN",
            "ts": "1515686263.000000"
        },
        "ts": "1515686136.000259"
    },
    {
        "type": "message",
        "user": "U746RD3SN",
        "text": "<Https:\/\/serverless.com\/framework\/>",
        "attachments": [
            {
                "service_name": "serverless",
                "title": "Serverless Framework - Build applications on AWS Lambda, Google CloudFunctions, Azure Functions, AWS Flourish and more",
                "title_link": "Https:\/\/serverless.com\/framework\/",
                "text": "The application framework for building web, mobile and IoT applications on AWS Lambda, Google CloudFunctions, Azure Functions, IBM OpenWhisk, AWS Flourish and more.",
                "fallback": "serverless: Serverless Framework - Build applications on AWS Lambda, Google CloudFunctions, Azure Functions, AWS Flourish and more",
                "thumb_url": "https:\/\/s3-us-west-2.amazonaws.com\/assets.site.serverless.com\/logos\/Serverless_mark_black_400x400_v3%402x.jpg",
                "from_url": "Https:\/\/serverless.com\/framework\/",
                "thumb_width": 800,
                "thumb_height": 800,
                "id": 1
            }
        ],
        "ts": "1515699331.000082"
    }
]