[
    {
        "type": "message",
        "user": "U9MF5E7PF",
        "text": "My Update: Deployed Django application on Ngnix server.",
        "client_msg_id": "b868a68c-9ba2-4703-a903-77c99231dc1d",
        "ts": "1527854509.000227"
    },
    {
        "type": "message",
        "user": "U730RMBB3",
        "text": "<@U9MF5E7PF> \nPut a pause on development for this weekend. \nWe have another top-most priority that we need to deal with.\n\nSamba we need to create a video that demonstrates what our pipeline is capable of doing. So it should show code going though the pipeline and being executed in the testing environment. \nWe need this video to have video capture of the screen to show what is going on technically as well as someone explaining what is occurring at every step of the process.",
        "ts": "1527872856.000230"
    },
    {
        "type": "message",
        "user": "U730RMBB3",
        "text": "This is something we need to get done by the weekend so that we have something ready that demonstrates the product ",
        "client_msg_id": "E7BC3121-0E3B-45C5-92A8-AB9D06DFDB45",
        "ts": "1527873124.000387"
    },
    {
        "type": "message",
        "user": "U9MF5E7PF",
        "text": "Ok Sure Sai.",
        "ts": "1527875911.000533"
    }
]