[
    {
        "type": "message",
        "user": "U730RMBB3",
        "text": "So has the Dev Jenkins instance been changed to reflect the updates done on the test instance?",
        "ts": "1519833626.000748"
    },
    {
        "type": "message",
        "user": "U746SCQ90",
        "text": "Yep ",
        "ts": "1519833689.000229"
    },
    {
        "type": "message",
        "user": "U730RMBB3",
        "text": "good, so now you all should be working on the build stage",
        "ts": "1519834057.000827"
    },
    {
        "type": "message",
        "user": "U730RMBB3",
        "text": "making good progress",
        "ts": "1519834069.000376"
    },
    {
        "type": "message",
        "user": "U746RD3SN",
        "text": ":) good work team",
        "ts": "1519835113.000244"
    },
    {
        "type": "message",
        "user": "U730RMBB3",
        "text": "So how's the build stage guys? You guys have some idea of what you need to use? Or coming up with some plan?",
        "ts": "1519840611.000684"
    }
]