[
    {
        "type": "message",
        "user": "U730RMBB3",
        "text": "Ok so just some feedback for the DevOps channel (and anyone else really).\n\nIf you ever encounter some problem while working, such as Tomcat not working, or Jenkins setup not working, then immediately come say so to the Slack.\nEven if you're already working with someone, there are people here who have either trained, or have experience that could help alleviate the problem.",
        "ts": "1520437963.000350"
    },
    {
        "type": "message",
        "user": "U730RMBB3",
        "text": "We want this to be a learning environment for all so make sure to talk with anyone and everyone if you guys are stuck on a problem",
        "ts": "1520438002.000555"
    },
    {
        "type": "message",
        "user": "U730RMBB3",
        "text": "Hey DevOps can I have an update on the TomCat situation? If you need any help please don't hesitate to ask",
        "ts": "1520446218.000696"
    },
    {
        "type": "message",
        "user": "U98U42YGK",
        "text": "Arun helped us and resolved the tomcat issue for deploying",
        "ts": "1520447953.000422"
    },
    {
        "type": "message",
        "user": "U730RMBB3",
        "text": "Please explain how it was done",
        "client_msg_id": "EF0D4FD5-BB1C-4A38-9BDB-B0EEE1484DCC",
        "ts": "1520447980.000790"
    },
    {
        "type": "message",
        "user": "U730RMBB3",
        "text": "And good job :+1: ",
        "client_msg_id": "F7E0E080-3899-4444-9C00-22E7F3718BD1",
        "ts": "1520447987.000364"
    },
    {
        "type": "message",
        "user": "U730RMBB3",
        "text": "And make sure to save the AMI ",
        "client_msg_id": "DE6C38AC-6307-45CF-B36B-91883850977C",
        "ts": "1520448041.000611"
    },
    {
        "type": "message",
        "user": "U98U42YGK",
        "text": "The path for tomcat deployment is what the error",
        "ts": "1520448060.000637"
    },
    {
        "type": "message",
        "user": "U98U42YGK",
        "text": "it couldnt take the war file from nexus now it got resolved",
        "ts": "1520448086.000282"
    },
    {
        "type": "message",
        "user": "U730RMBB3",
        "text": "Ok fantastic",
        "client_msg_id": "32F649A5-5E4D-44AE-A5DE-1F7C9C8A4E13",
        "ts": "1520448157.000704"
    },
    {
        "type": "message",
        "user": "U730RMBB3",
        "text": "So now we have the next step of getting UAT environments met up",
        "client_msg_id": "FEA9A8FC-C0C7-4E02-9C29-38A931976D37",
        "ts": "1520448183.000145"
    }
]