[
    {
        "type": "message",
        "user": "U746RD3SN",
        "text": "<https:\/\/www.youtube.com\/watch?v=wkVt-eJsVLE>",
        "attachments": [
            {
                "service_name": "YouTube",
                "service_url": "https:\/\/www.youtube.com\/",
                "title": "Automating AWS Infrastructure",
                "title_link": "https:\/\/www.youtube.com\/watch?v=wkVt-eJsVLE",
                "author_name": "Manchester Geek Nights",
                "author_link": "https:\/\/www.youtube.com\/channel\/UCGA7KC3Vs8LNuU6WXU8G-Yw",
                "thumb_url": "https:\/\/i.ytimg.com\/vi\/wkVt-eJsVLE\/hqdefault.jpg",
                "thumb_width": 480,
                "thumb_height": 360,
                "fallback": "YouTube Video: Automating AWS Infrastructure",
                "video_html": "<iframe width=\"400\" height=\"225\" src=\"https:\/\/www.youtube.com\/embed\/wkVt-eJsVLE?feature=oembed&autoplay=1&iv_load_policy=3\" frameborder=\"0\" allow=\"autoplay; encrypted-media\" allowfullscreen><\/iframe>",
                "video_html_width": 400,
                "video_html_height": 225,
                "from_url": "https:\/\/www.youtube.com\/watch?v=wkVt-eJsVLE",
                "service_icon": "https:\/\/a.slack-edge.com\/2089\/img\/unfurl_icons\/youtube.png",
                "id": 1
            }
        ],
        "ts": "1522586691.000004"
    },
    {
        "type": "message",
        "user": "U746RD3SN",
        "text": "Watch this video, some of the current principles we are practicing is being discussed.",
        "ts": "1522586731.000076"
    }
]