[
    {
        "type": "message",
        "user": "U746RD3SN",
        "text": "Siva and Arundeep your updates missing",
        "client_msg_id": "6B70BEF9-746A-4D58-AC2D-302362A62FA4",
        "ts": "1527166680.000836"
    },
    {
        "type": "message",
        "user": "U746RD3SN",
        "text": "Fot yesterday ",
        "client_msg_id": "867EE1DF-2D93-4954-9A16-EB9FD2DF6FC7",
        "ts": "1527166726.000532"
    },
    {
        "type": "message",
        "user": "U98TG96PP",
        "text": "My update- Worked on documenting the python Django application on Ubuntu ",
        "client_msg_id": "C0CFE679-F7B7-4ED4-A6C5-E96B021D6F31",
        "ts": "1527174128.000086"
    },
    {
        "type": "message",
        "user": "U98U42YGK",
        "text": "My Update-I was busy with some HR work but I was with <@U98TG96PP> for some time when he is documenting.",
        "ts": "1527174475.000976"
    },
    {
        "type": "message",
        "user": "U746SCQ90",
        "text": "thank you guys for the updates",
        "ts": "1527176651.000308"
    },
    {
        "type": "message",
        "user": "U8B25LH0B",
        "text": "My Update: Working on testing Python application with Selenium and Working on django (MRAD-96 ) .Task assigned by Manu",
        "ts": "1527181884.000004"
    },
    {
        "type": "message",
        "user": "U746SCQ90",
        "text": "my update: worked on python django application deploying onto tomcat server from jenkins",
        "ts": "1527215943.000110"
    },
    {
        "type": "message",
        "user": "U98TG96PP",
        "text": "My update - Reading on python django application to deploy on tomcat server",
        "ts": "1527222535.000109"
    },
    {
        "type": "message",
        "user": "U9606M37C",
        "text": "My update: working on python and looking into the task assigned by manu and learning django (MRAD-95).",
        "ts": "1527222652.000166"
    }
]