[
    {
        "type": "message",
        "user": "U746SCQ90",
        "text": "Let me know, when you guys are ready (yashwanth,Tharun krishna,Tharun,manikanta)",
        "ts": "1516719839.000214"
    },
    {
        "type": "message",
        "user": "U7DJKE1K5",
        "text": "Good Morning all,I am ready",
        "ts": "1516719904.000411"
    },
    {
        "type": "message",
        "user": "U8HLU8SG0",
        "text": "I am ready ",
        "ts": "1516720059.000659"
    },
    {
        "type": "message",
        "user": "U8HLU8SG0",
        "text": "Let me when calls starts",
        "ts": "1516720093.000455"
    },
    {
        "type": "message",
        "user": "U746SCQ90",
        "text": "uber conference pkz",
        "ts": "1516720120.000523"
    },
    {
        "type": "message",
        "user": "U746SCQ90",
        "text": "plz..",
        "ts": "1516720124.000038"
    },
    {
        "type": "message",
        "user": "U7DJKE1K5",
        "text": "okay vidyulatha",
        "ts": "1516720142.000503"
    },
    {
        "type": "message",
        "user": "U746SCQ90",
        "text": "guys someone using uber confernce",
        "ts": "1516720198.000757"
    },
    {
        "type": "message",
        "user": "U746SCQ90",
        "text": "lets connect through phone?",
        "ts": "1516720231.000391"
    },
    {
        "type": "message",
        "user": "U746SCQ90",
        "text": "lets connect through this num 6093375020",
        "ts": "1516720398.000267"
    },
    {
        "type": "message",
        "user": "U770EERUN",
        "text": "No one was there in conference mam",
        "ts": "1516720411.000836"
    },
    {
        "type": "message",
        "user": "U746SCQ90",
        "text": "Tharun krishna waiting on u in uber..",
        "ts": "1516720521.000579"
    },
    {
        "type": "message",
        "user": "U8HLU8SG0",
        "text": "Okay, joining now",
        "ts": "1516720548.000354"
    },
    {
        "type": "message",
        "user": "U8HLU8SG0",
        "text": "<https:\/\/introcs.cs.princeton.edu\/java\/11hello\/HelloWorld.java.html>",
        "attachments": [
            {
                "title": "HelloWorld.java",
                "title_link": "https:\/\/introcs.cs.princeton.edu\/java\/11hello\/HelloWorld.java.html",
                "text": "HelloWorld code in Java",
                "fallback": "HelloWorld.java",
                "from_url": "https:\/\/introcs.cs.princeton.edu\/java\/11hello\/HelloWorld.java.html",
                "service_icon": "https:\/\/introcs.cs.princeton.edu\/favicon.ico",
                "service_name": "introcs.cs.princeton.edu",
                "id": 1
            }
        ],
        "ts": "1516721722.000168"
    },
    {
        "type": "message",
        "user": "U746SCQ90",
        "text": "we have created the github account and tried to pull sample projects and build in jenkins was successfull",
        "ts": "1516725633.000889"
    },
    {
        "type": "message",
        "user": "U730RMBB3",
        "text": "GitHub or git server?",
        "ts": "1516725651.000446"
    },
    {
        "type": "message",
        "user": "U746SCQ90",
        "text": "worked for 2 hrs",
        "ts": "1516725665.000670"
    },
    {
        "type": "message",
        "user": "U746SCQ90",
        "text": "GITHub",
        "ts": "1516725673.000731"
    },
    {
        "type": "message",
        "user": "U746SCQ90",
        "text": "Thank you guys ...",
        "ts": "1516725749.000203"
    },
    {
        "type": "message",
        "user": "U730RMBB3",
        "text": "Would you guys be able to demo this working during the 3:30 meeting today?",
        "ts": "1516727298.000210"
    },
    {
        "type": "message",
        "user": "U746RD3SN",
        "text": "Thank you for the update",
        "ts": "1516733548.000052"
    },
    {
        "type": "message",
        "user": "U730RMBB3",
        "text": "<https:\/\/git-scm.com\/>",
        "ts": "1516740544.000252"
    }
]