[
    {
        "type": "message",
        "user": "U8AJ8835X",
        "text": "AWS: web identity providers, through put write &amp; read calculations, Query and scan in dynamo dB \nQwiklab on auto scaling of instances.",
        "client_msg_id": "19BE5DDC-01FA-458F-AE8A-98B7B317775D",
        "ts": "1517840369.000412"
    },
    {
        "type": "message",
        "user": "U730RMBB3",
        "text": "Devops has the call gotten started?",
        "client_msg_id": "399EF8A3-C629-487E-B412-6C4EE3C5472F",
        "ts": "1517844361.000003"
    },
    {
        "type": "message",
        "user": "U8HLU8SG0",
        "text": "I am ready!!",
        "client_msg_id": "23348A99-0B39-447F-A4E4-4991A143055B",
        "ts": "1517844783.000083"
    },
    {
        "type": "message",
        "user": "U746SCQ90",
        "text": "Sai as spoke on Friday we r still waiting on Error fixing nexus .. looking out for some help ",
        "ts": "1517845839.000635"
    },
    {
        "type": "message",
        "user": "U730RMBB3",
        "text": "Have you tried reinstalling that application",
        "client_msg_id": "7AE17BC3-E71F-4425-801F-EDDC3F478F23",
        "ts": "1517846115.000018"
    },
    {
        "type": "message",
        "user": "U730RMBB3",
        "text": "I’m worried if there was some corruption in the file if it keeps giving EOF errors",
        "client_msg_id": "270A135E-5935-489E-B76A-65651F616C31",
        "ts": "1517846140.000533"
    },
    {
        "type": "message",
        "user": "U730RMBB3",
        "text": "Are you guys going to start?",
        "ts": "1517846241.000651"
    },
    {
        "type": "message",
        "user": "U746SCQ90",
        "text": "We have already  reinstalled and tried Sai ",
        "ts": "1517846430.000089"
    },
    {
        "type": "message",
        "user": "U746SCQ90",
        "text": "I am ready to start ",
        "ts": "1517846483.000866"
    },
    {
        "type": "message",
        "user": "U730RMBB3",
        "text": "is everyone else ready to start?",
        "ts": "1517846601.000591"
    },
    {
        "type": "message",
        "user": "U730RMBB3",
        "text": "<https:\/\/www.youtube.com\/watch?v=m68L8KvbSNk>",
        "attachments": [
            {
                "service_name": "YouTube",
                "service_url": "https:\/\/www.youtube.com\/",
                "title": "Installing Nexus Open Source on a Linux Server",
                "title_link": "https:\/\/www.youtube.com\/watch?v=m68L8KvbSNk",
                "author_name": "Sonatype",
                "author_link": "https:\/\/www.youtube.com\/user\/sonatype",
                "thumb_url": "https:\/\/i.ytimg.com\/vi\/m68L8KvbSNk\/hqdefault.jpg",
                "thumb_width": 480,
                "thumb_height": 360,
                "fallback": "YouTube Video: Installing Nexus Open Source on a Linux Server",
                "video_html": "<iframe width=\"400\" height=\"225\" src=\"https:\/\/www.youtube.com\/embed\/m68L8KvbSNk?feature=oembed&autoplay=1&iv_load_policy=3\" frameborder=\"0\" allow=\"autoplay; encrypted-media\" allowfullscreen><\/iframe>",
                "video_html_width": 400,
                "video_html_height": 225,
                "from_url": "https:\/\/www.youtube.com\/watch?v=m68L8KvbSNk",
                "service_icon": "https:\/\/a.slack-edge.com\/2089\/img\/unfurl_icons\/youtube.png",
                "id": 1
            }
        ],
        "ts": "1517846684.000200"
    },
    {
        "type": "message",
        "user": "U730RMBB3",
        "text": "i don't know if you all haven't seen this yet but it seems useful",
        "ts": "1517846699.000161"
    },
    {
        "type": "message",
        "user": "U730RMBB3",
        "text": "Guys?",
        "ts": "1517847085.000258"
    },
    {
        "type": "message",
        "user": "U730RMBB3",
        "text": "Is there some post-Superbowl lagging going on or something? haha",
        "ts": "1517848059.000394"
    },
    {
        "type": "message",
        "user": "U746SCQ90",
        "text": "I believe so .. everyone  are in Tom Brady mood :slightly_smiling_face:",
        "ts": "1517848170.000313"
    },
    {
        "type": "message",
        "user": "U730RMBB3",
        "text": "ok then, are you seeing the video I linked above? I'll link anymore stuff I can find",
        "ts": "1517848228.000453"
    },
    {
        "type": "message",
        "user": "U746SCQ90",
        "text": "yep",
        "ts": "1517848241.000452"
    },
    {
        "type": "message",
        "user": "U730RMBB3",
        "text": "<https:\/\/devopscube.com\/how-to-install-latest-sonatype-nexus-3-on-linux\/>",
        "attachments": [
            {
                "service_name": "DevopsCube",
                "title": "How To Install Latest Sonatype Nexus 3 on Linux (Redhat\/Centos\/ec2)",
                "title_link": "https:\/\/devopscube.com\/how-to-install-latest-sonatype-nexus-3-on-linux\/",
                "text": "This article guides you to install and configure latest Sonatype Nexus 3 on a Linux System. This installation will work on Redhat\/Centos7",
                "fallback": "DevopsCube: How To Install Latest Sonatype Nexus 3 on Linux (Redhat\/Centos\/ec2)",
                "image_url": "https:\/\/devopscube.com\/wp-content\/uploads\/2016\/09\/nexus-setup-linux.jpg",
                "image_width": 500,
                "image_height": 250,
                "ts": 1474635261,
                "from_url": "https:\/\/devopscube.com\/how-to-install-latest-sonatype-nexus-3-on-linux\/",
                "image_bytes": 122222,
                "service_icon": "https:\/\/devopscube.com\/wp-content\/uploads\/2016\/07\/cropped-devopscube-twitter-dp-180x180.png",
                "id": 1
            }
        ],
        "ts": "1517848242.000638"
    },
    {
        "type": "message",
        "user": "U730RMBB3",
        "text": "<https:\/\/help.sonatype.com\/display\/NXRM3\/Installation+Methods>",
        "ts": "1517848260.000683"
    },
    {
        "type": "message",
        "user": "U746RD3SN",
        "text": "We need to stay with Nexus",
        "client_msg_id": "6E8E2495-CB6A-4A9D-939B-742E50EE4250",
        "ts": "1517866635.000046"
    },
    {
        "type": "message",
        "user": "U746RD3SN",
        "text": "Can someone look at the options ",
        "client_msg_id": "2FE2DA58-43D1-428F-BFF9-0AFA71A19A17",
        "ts": "1517866652.000506"
    },
    {
        "type": "message",
        "user": "U746RD3SN",
        "text": "Like multipart",
        "client_msg_id": "EEB38766-400C-4757-AB26-E885BE7103DB",
        "ts": "1517866663.000595"
    },
    {
        "type": "message",
        "user": "U746SCQ90",
        "text": "spoke to yaswanth and Thraun we will work on it tomorrow at  11 am est",
        "ts": "1517875055.000191"
    }
]