[
    {
        "type": "message",
        "user": "U746RD3SN",
        "text": "Vidyulatha &amp; Sai, please work with Anudeep on setting up Dockers and Kubernetics lab. He will give the requirements, kindly build it.",
        "ts": "1520545069.000291"
    },
    {
        "type": "message",
        "user": "U74STF4HJ",
        "text": "I am glad to see the progress we are making it's wonderful proud of our organic growth. We are building blocks",
        "client_msg_id": "67aec4ad-6300-4364-86ab-0f6d653a3ab7",
        "ts": "1520572967.000093"
    }
]