[
    {
        "type": "message",
        "user": "U746RD3SN",
        "text": "Good job Samba garu... Keep us the good work.",
        "ts": "1524599089.000269"
    },
    {
        "type": "message",
        "user": "U9R2J9HCG",
        "text": "Congrats Samba",
        "ts": "1524599117.000357"
    },
    {
        "type": "message",
        "user": "U74STF4HJ",
        "text": "I missed it?",
        "client_msg_id": "29dc558a-08a5-4af1-804b-0747428d8c02",
        "ts": "1524599208.000067"
    },
    {
        "type": "message",
        "user": "U74STF4HJ",
        "text": "Whts occasion",
        "client_msg_id": "354a17c1-2d56-49da-a77a-ff1c5ce89ae0",
        "ts": "1524599212.000445"
    },
    {
        "type": "message",
        "user": "U746RD3SN",
        "text": "Samba worked extensively on Ansible and Teraform.",
        "ts": "1524599397.000681"
    },
    {
        "type": "message",
        "user": "U74STF4HJ",
        "text": "Great job Samba",
        "client_msg_id": "2dd85cfd-775e-487f-95c9-a3c4e519b846",
        "ts": "1524599600.000103"
    }
]