[
    {
        "type": "message",
        "user": "U9606M37C",
        "text": "Done qwiklabs on EBS ,Elastic Load Balancing .And learnt about S3 in Udemy Videos.",
        "ts": "1519400365.000713"
    },
    {
        "type": "message",
        "user": "U730RMBB3",
        "text": "So what's the status update on the pipeline? <@U98U42YGK> <@U98TG96PP> <@U746SCQ90>",
        "ts": "1519412085.000220"
    },
    {
        "type": "message",
        "user": "U730RMBB3",
        "text": "for the Jenkins to Codecommit connection?",
        "ts": "1519412100.000081"
    },
    {
        "type": "message",
        "user": "U98TG96PP",
        "text": "working on it",
        "ts": "1519412165.000183"
    },
    {
        "type": "message",
        "user": "U730RMBB3",
        "text": "<https:\/\/docs.aws.amazon.com\/codecommit\/latest\/userguide\/troubleshooting-ch.html>",
        "attachments": [
            {
                "title": "Troubleshooting the Credential Helper and HTTPS Connections to AWS CodeCommit - AWS CodeCommit",
                "title_link": "https:\/\/docs.aws.amazon.com\/codecommit\/latest\/userguide\/troubleshooting-ch.html",
                "text": "Describes common issues when using Git credentials and HTTPS to connect to AWS CodeCommit and provides guidance for troubleshooting problems.",
                "fallback": "Troubleshooting the Credential Helper and HTTPS Connections to AWS CodeCommit - AWS CodeCommit",
                "from_url": "https:\/\/docs.aws.amazon.com\/codecommit\/latest\/userguide\/troubleshooting-ch.html",
                "service_icon": "https:\/\/docs.aws.amazon.com\/images\/favicon.ico",
                "service_name": "docs.aws.amazon.com",
                "id": 1
            }
        ],
        "ts": "1519418319.000141"
    },
    {
        "type": "message",
        "user": "U9BMJEHFY",
        "text": "My update for the week:\nGoing through the devops training videos.\nInstalled Oracle virtual box,Vagrant, Cygwin to practice.\nSetting up git server and client environments.\nInstalled GitLab in git server.\n",
        "ts": "1519428737.000137"
    }
]