[
    {
        "type": "message",
        "user": "U746SCQ90",
        "text": "GM !!",
        "ts": "1516979283.000056"
    },
    {
        "type": "message",
        "user": "U746SCQ90",
        "text": "I am ready",
        "ts": "1516979299.000234"
    },
    {
        "type": "message",
        "user": "U746SCQ90",
        "text": "for the call ..let me kno wenever u guys r..",
        "ts": "1516979343.000059"
    },
    {
        "type": "message",
        "user": "U730RMBB3",
        "text": "I might be a bit late to join",
        "ts": "1516979348.000601"
    },
    {
        "type": "message",
        "user": "U746SCQ90",
        "text": "np Sai garu ...",
        "ts": "1516979365.000363"
    },
    {
        "type": "message",
        "user": "U8HLU8SG0",
        "text": "I will join in 10 mins, I am outside ",
        "ts": "1516979433.000456"
    },
    {
        "type": "message",
        "user": "U8B25LH0B",
        "text": "hi ,good morning all.I am ready",
        "ts": "1516979546.000237"
    },
    {
        "type": "message",
        "user": "U7DJKE1K5",
        "text": "Hi all,I am ready",
        "ts": "1516979667.000173"
    },
    {
        "type": "message",
        "user": "U746SCQ90",
        "text": "ok lets join in uber",
        "ts": "1516979717.000312"
    },
    {
        "type": "message",
        "user": "U7DJKE1K5",
        "text": "Okay",
        "ts": "1516979739.000024"
    },
    {
        "type": "message",
        "user": "U746SCQ90",
        "text": "np Tharun",
        "ts": "1516979903.000348"
    }
]