[
    {
        "type": "message",
        "user": "U8HLU8SG0",
        "text": "Let’s start in 10 mins",
        "ts": "1516374873.000420"
    },
    {
        "type": "message",
        "user": "U8HLU8SG0",
        "text": "Let’s connect via Uber conference ",
        "ts": "1516374891.001584"
    },
    {
        "type": "message",
        "user": "U746SCQ90",
        "text": "I am msging if India could join ",
        "ts": "1516374897.000709"
    },
    {
        "type": "message",
        "user": "U8HLU8SG0",
        "text": "Okay",
        "ts": "1516374907.001365"
    },
    {
        "type": "message",
        "user": "U7DJKE1K5",
        "text": "Ok",
        "ts": "1516374945.000258"
    },
    {
        "type": "message",
        "user": "U746SCQ90",
        "text": "I am in uber",
        "ts": "1516375462.000231"
    },
    {
        "type": "message",
        "user": "U8HLU8SG0",
        "text": "Can you share the link ",
        "ts": "1516375500.001328"
    },
    {
        "type": "message",
        "user": "U746SCQ90",
        "text": "<https:\/\/www.uberconference.com\/akashnzenith>",
        "attachments": [
            {
                "service_name": "UberConference",
                "title": "UberConference - The Best Free Conference Call",
                "title_link": "https:\/\/www.uberconference.com\/akashnzenith",
                "text": "UberConference provides a rich visual interface for conference calls. Simple, visual, and free to use, it's audio conferencing done right. Easily set up and join free conference calls, see who is in the conference, who is talking, and use powerful conferencing features.",
                "fallback": "UberConference: UberConference - The Best Free Conference Call",
                "thumb_url": "https:\/\/www.uberconference.com\/static\/img2\/uberconference.jpg",
                "from_url": "https:\/\/www.uberconference.com\/akashnzenith",
                "thumb_width": 900,
                "thumb_height": 899,
                "service_icon": "https:\/\/www.uberconference.com\/static\/img2\/apple-touch-icon-320x320-precomposed.png",
                "id": 1
            }
        ],
        "ts": "1516375522.000020"
    },
    {
        "type": "message",
        "user": "U8HLU8SG0",
        "text": "Where should “Development Environment” project should be implemented, either in etrademind or MPIT aws account ",
        "ts": "1516375831.000656"
    },
    {
        "type": "message",
        "user": "U746RD3SN",
        "text": "MPIT LABS, PSai will give a the account details and enable in IAM accordingly.",
        "ts": "1516375893.000296"
    },
    {
        "type": "message",
        "user": "U8HLU8SG0",
        "text": "Okay",
        "ts": "1516376240.001497"
    },
    {
        "type": "message",
        "user": "U730RMBB3",
        "text": "Ok you all still have your permissions ",
        "ts": "1516376271.000569"
    },
    {
        "type": "message",
        "user": "U730RMBB3",
        "text": "I’ve given you guys VPC permissions as well",
        "ts": "1516376292.002500"
    },
    {
        "type": "message",
        "user": "U746RD3SN",
        "text": "New account or MPIT LABS under the same payee account right",
        "ts": "1516376496.000396"
    },
    {
        "type": "message",
        "user": "U730RMBB3",
        "text": "mpit labs",
        "ts": "1516376508.000208"
    },
    {
        "type": "message",
        "user": "U746RD3SN",
        "text": "we need to have ONLY one Payee account.",
        "ts": "1516376508.000965"
    },
    {
        "type": "message",
        "user": "U730RMBB3",
        "text": "MPIT Labs is under the MPIT payee account in the organizational tree so whatever work DevOps does in Labs is fine.",
        "ts": "1516376627.001916"
    },
    {
        "type": "message",
        "user": "U746SCQ90",
        "text": "<https:\/\/www.youtube.com\/watch?v=8bgWfL0WZio>",
        "attachments": [
            {
                "service_name": "YouTube",
                "service_url": "https:\/\/www.youtube.com\/",
                "title": "AWS CodeCommit, CodeDeploy, CodePipeline - Git Meetup 0.3.0",
                "title_link": "https:\/\/www.youtube.com\/watch?v=8bgWfL0WZio",
                "author_name": "Engineers.SG",
                "author_link": "https:\/\/www.youtube.com\/channel\/UCjRZr5HQKHVKP3SZdX8y8Qw",
                "thumb_url": "https:\/\/i.ytimg.com\/vi\/8bgWfL0WZio\/hqdefault.jpg",
                "thumb_width": 480,
                "thumb_height": 360,
                "fallback": "YouTube Video: AWS CodeCommit, CodeDeploy, CodePipeline - Git Meetup 0.3.0",
                "video_html": "<iframe width=\"400\" height=\"300\" src=\"https:\/\/www.youtube.com\/embed\/8bgWfL0WZio?feature=oembed&autoplay=1&iv_load_policy=3\" frameborder=\"0\" allow=\"autoplay; encrypted-media\" allowfullscreen><\/iframe>",
                "video_html_width": 400,
                "video_html_height": 300,
                "from_url": "https:\/\/www.youtube.com\/watch?v=8bgWfL0WZio",
                "service_icon": "https:\/\/a.slack-edge.com\/2089\/img\/unfurl_icons\/youtube.png",
                "id": 1
            }
        ],
        "ts": "1516379526.000097"
    }
]