[
    {
        "type": "message",
        "user": "U8HLU8SG0",
        "text": "I am sorry, I will not be able to join Devops call today, I will join Bridge call",
        "ts": "1518533532.000402"
    },
    {
        "user": "U98TG96PP",
        "text": "<@U98TG96PP> has joined the channel",
        "type": "message",
        "subtype": "channel_join",
        "ts": "1518583062.000085"
    },
    {
        "type": "message",
        "user": "U746RD3SN",
        "text": "Welcome Arun",
        "ts": "1518585223.000057"
    }
]