[
    {
        "type": "message",
        "user": "U730RMBB3",
        "text": "<@U98TG96PP> and <@U98U42YGK> How's the Codecommit pulling going?",
        "ts": "1519146742.000490"
    },
    {
        "type": "message",
        "user": "U730RMBB3",
        "text": "is it still giving the same error",
        "ts": "1519146754.000492"
    },
    {
        "type": "message",
        "user": "U730RMBB3",
        "text": "?",
        "ts": "1519146846.000272"
    },
    {
        "type": "message",
        "user": "U98U42YGK",
        "text": "its giving the same error.can you check with it once",
        "ts": "1519147099.000076"
    },
    {
        "type": "message",
        "user": "U730RMBB3",
        "text": "this error is in command line",
        "ts": "1519147424.000284"
    },
    {
        "type": "message",
        "user": "U730RMBB3",
        "text": "or in jenkins?",
        "ts": "1519147426.000640"
    },
    {
        "type": "message",
        "user": "U730RMBB3",
        "text": "guys?",
        "ts": "1519147768.000409"
    },
    {
        "type": "message",
        "user": "U98U42YGK",
        "text": "in jenkins",
        "ts": "1519147905.000691"
    },
    {
        "type": "message",
        "user": "U730RMBB3",
        "text": "did you try pulling the repository via the command line?",
        "ts": "1519147925.000730"
    },
    {
        "type": "message",
        "user": "U98U42YGK",
        "text": "through command line I cloned the repo to my github",
        "ts": "1519147982.000433"
    },
    {
        "type": "message",
        "user": "U730RMBB3",
        "text": "<https:\/\/docs.aws.amazon.com\/codepipeline\/latest\/userguide\/tutorials-simple-codecommit.html>",
        "attachments": [
            {
                "title": "Tutorial: Create a Simple Pipeline (AWS CodeCommit          Repository) - AWS CodePipeline       ",
                "title_link": "https:\/\/docs.aws.amazon.com\/codepipeline\/latest\/userguide\/tutorials-simple-codecommit.html",
                "text": "Follow the steps in this AWS CodePipeline tutorial to create a simple two-stage pipeline using an AWS CodeCommit repository as your code source.",
                "fallback": "Tutorial: Create a Simple Pipeline (AWS CodeCommit          Repository) - AWS CodePipeline       ",
                "from_url": "https:\/\/docs.aws.amazon.com\/codepipeline\/latest\/userguide\/tutorials-simple-codecommit.html",
                "service_icon": "https:\/\/docs.aws.amazon.com\/images\/favicon.ico",
                "service_name": "docs.aws.amazon.com",
                "id": 1
            }
        ],
        "ts": "1519148595.000421"
    },
    {
        "type": "message",
        "user": "U730RMBB3",
        "text": "Might help",
        "ts": "1519148606.000401"
    },
    {
        "type": "message",
        "user": "U730RMBB3",
        "text": "<https:\/\/aws.amazon.com\/premiumsupport\/knowledge-center\/ec2-server-refused-our-key\/>",
        "ts": "1519151611.000345"
    },
    {
        "type": "message",
        "user": "U730RMBB3",
        "text": "any luck?",
        "ts": "1519152827.000242"
    }
]