[
    {
        "type": "message",
        "user": "U746RD3SN",
        "text": "Yashwanth, Tharun Thota and Prasannasai can you 3 have a call today morning and being Yashwanth upto speed on the etrademine project",
        "ts": "1515427087.000251"
    },
    {
        "type": "message",
        "user": "U746RD3SN",
        "text": "Make sure all the changes are scripted and also documented",
        "ts": "1515427112.000474"
    },
    {
        "type": "message",
        "user": "U746RD3SN",
        "text": "Get the DB connected ",
        "ts": "1515427143.000322"
    },
    {
        "type": "message",
        "user": "U746RD3SN",
        "text": "And migrate the data that was already generated by Abbas",
        "ts": "1515427165.000417"
    },
    {
        "type": "message",
        "user": "U746RD3SN",
        "text": "Make sure cloud watch is working",
        "ts": "1515427177.000275"
    }
]