[
    {
        "type": "message",
        "user": "U746SCQ90",
        "text": "I am ready for call ",
        "client_msg_id": "72A74F31-B288-4DBF-BA34-79D8EADEDA38",
        "ts": "1518189095.000026"
    },
    {
        "type": "message",
        "user": "U8HLU8SG0",
        "text": "I will join in 10 mins",
        "client_msg_id": "D615AF72-8492-40D0-B810-52B4C4433081",
        "ts": "1518189986.000772"
    },
    {
        "type": "message",
        "user": "U770EERUN",
        "text": "I am ready for the call",
        "ts": "1518190889.000005"
    },
    {
        "type": "message",
        "user": "U746SCQ90",
        "text": "Ok Tharun let’s us wen ur ready .. we can join the uber call ",
        "client_msg_id": "62013FDE-BA75-4279-8681-1565DB1AAE8B",
        "ts": "1518190893.000006"
    }
]