[
    {
        "type": "message",
        "user": "U98U42YGK",
        "text": "<https:\/\/aws.amazon.com\/blogs\/devops\/integrating-aws-codecommit-with-jenkins\/>",
        "attachments": [
            {
                "service_name": "Amazon Web Services",
                "title": "Integrating AWS CodeCommit with Jenkins | Amazon Web Services",
                "title_link": "https:\/\/aws.amazon.com\/blogs\/devops\/integrating-aws-codecommit-with-jenkins\/",
                "text": "Today we have a guest post written by Emeka Igbokwe, a Solutions Architect at AWS. This post walks you through the steps to set up Jenkins and AWS CodeCommit to support 2 simple continuous integration (CI) scenarios. In the 1st scenario, you will make a change in your local Git repository, push the change to […]",
                "fallback": "Amazon Web Services: Integrating AWS CodeCommit with Jenkins | Amazon Web Services",
                "image_url": "https:\/\/d2908q01vomqb2.cloudfront.net\/356a192b7913b04c54574d18c28d46e6395428ab\/2017\/06\/23\/6288c174-a286-4b65-9b3b-6199bfdaa1e0.png",
                "image_width": 500,
                "image_height": 250,
                "ts": 1436453212,
                "from_url": "https:\/\/aws.amazon.com\/blogs\/devops\/integrating-aws-codecommit-with-jenkins\/",
                "image_bytes": 27820,
                "service_icon": "http:\/\/a0.awsstatic.com\/main\/images\/site\/touch-icon-iphone-114-smile.png",
                "id": 1
            }
        ],
        "ts": "1519666275.000478"
    }
]