[
    {
        "type": "message",
        "user": "U730RMBB3",
        "text": "<https:\/\/aws.amazon.com\/blogs\/aws\/new-aws-opsworks-for-chef-automate\/>",
        "attachments": [
            {
                "service_name": "Amazon Web Services",
                "title": "New – AWS OpsWorks for Chef Automate | Amazon Web Services",
                "title_link": "https:\/\/aws.amazon.com\/blogs\/aws\/new-aws-opsworks-for-chef-automate\/",
                "text": "helps you to configure and run applications using Chef. You use a Domain Specific Language (DSL) to write cookbooks that define your application’s architecture and the configuration of each component. The Chef server is an essential part of the configuration process. It stores all of the cookbooks and tracks state information for each of the […]",
                "fallback": "Amazon Web Services: New – AWS OpsWorks for Chef Automate | Amazon Web Services",
                "image_url": "https:\/\/d2908q01vomqb2.cloudfront.net\/356a192b7913b04c54574d18c28d46e6395428ab\/2017\/06\/23\/6288c174-a286-4b65-9b3b-6199bfdaa1e0.png",
                "image_width": 500,
                "image_height": 250,
                "ts": 1483133065,
                "from_url": "https:\/\/aws.amazon.com\/blogs\/aws\/new-aws-opsworks-for-chef-automate\/",
                "image_bytes": 27820,
                "service_icon": "http:\/\/a0.awsstatic.com\/main\/images\/site\/touch-icon-iphone-114-smile.png",
                "id": 1
            }
        ],
        "ts": "1521127510.000729"
    }
]