[
    {
        "type": "message",
        "user": "U730RMBB3",
        "text": "Clean-up questions:\nSo we passed the $800 threshold on billing and I was looking through the breakdown and I have a few questions.\n\n1) What instances are sitting in Singapore? Are they necessary and can they be shut down?\n\n2) What in N.California can be cleaned up? Are we going to eventually shut down those Ansible servers? What can we clean up?\n\n3) Can the instances in Oregon be shut down?\n\nI need justification for these instances, if they have no use then lets shut down these instances in order to avoid going over budget.",
        "ts": "1526746463.000077"
    },
    {
        "type": "message",
        "user": "U730RMBB3",
        "text": "<@U746SCQ90> <@U9JT2HAP4> You need to look into these and find what will be useful to us and what can be removed",
        "ts": "1526746494.000065"
    },
    {
        "type": "message",
        "user": "U9MF5E7PF",
        "text": "<@U730RMBB3> I cleaned up the instances in n.California  except(Master-Ansible). I want that server to provision of ansible and terraform scripts.",
        "ts": "1526746685.000026"
    },
    {
        "type": "message",
        "user": "U746SCQ90",
        "text": "Ok Sai ..@samba Garu can u plz check on any clean of the instance you created in n Virginia region too which we don’t need ",
        "client_msg_id": "7067C342-F9C2-4450-91E0-56E11FE4D7A7",
        "ts": "1526746816.000055"
    },
    {
        "type": "message",
        "user": "U9MF5E7PF",
        "text": "<@U746SCQ90> I have cleaned-up the my instances in N.Virgina region also",
        "ts": "1526747076.000108"
    },
    {
        "type": "message",
        "user": "U746SCQ90",
        "text": "Ok :+1::skin-tone-2: ",
        "client_msg_id": "01C58F7C-D5A8-4DB1-908D-1694D496EA56",
        "ts": "1526747107.000029"
    },
    {
        "type": "message",
        "user": "U730RMBB3",
        "text": "Ok any other instances we need to take a look at?",
        "client_msg_id": "56DFE3D7-EBF2-48BE-B6ED-B3D80062B0EE",
        "ts": "1526751221.000040"
    },
    {
        "type": "message",
        "user": "U730RMBB3",
        "text": "I’ve also configured alarms for 900, 1000, 1100, and 1200 dollar thresholds so we have to keep watch of that",
        "client_msg_id": "DCC51033-3612-417F-A131-72854BEB099B",
        "ts": "1526751261.000112"
    },
    {
        "type": "message",
        "user": "U746RD3SN",
        "text": "TEAM, please fill the cloud side templates for systems that we need to maintain.",
        "ts": "1526782928.000096"
    },
    {
        "type": "message",
        "user": "U746RD3SN",
        "text": "so that we have clarity as to who is the owner of the systems.",
        "ts": "1526782943.000063"
    },
    {
        "type": "message",
        "user": "U746RD3SN",
        "text": "process driven organization.",
        "ts": "1526782959.000075"
    },
    {
        "type": "message",
        "user": "U746RD3SN",
        "text": "Vidyulatha, please have the owners of the assets fill in the cloud side template email to <mailto:support@mpinfotech.com|support@mpinfotech.com>. It will create a ticket. So we have a record of what we have. And moving forward any new instance, lets take it through a change process, the requester will have to fill in the cloud side template email to <mailto:support@mpinfotech.com|support@mpinfotech.com>. Email the ticket reference to Vidyulatha she will review and approve. Only when the requester receives the approval email, can build the instance. If Vidyulatha is unavailable, PSai will approve. Start enforcing this starting this week.",
        "ts": "1526784105.000039"
    },
    {
        "type": "message",
        "user": "U746RD3SN",
        "text": "Vidyulatha I will call you tomorrow to coach you on the ticketing system within Jira.",
        "ts": "1526784128.000002"
    },
    {
        "type": "message",
        "user": "U746SCQ90",
        "text": "Ok sir ",
        "client_msg_id": "E7439221-4DC7-40BF-A5B0-57E05F136199",
        "ts": "1526784656.000082"
    }
]