[
    {
        "type": "message",
        "user": "U8HLU8SG0",
        "text": "I am ready!!",
        "ts": "1516806105.000556"
    },
    {
        "type": "message",
        "user": "U746SCQ90",
        "text": "I am ready too",
        "ts": "1516806123.000651"
    },
    {
        "type": "message",
        "user": "U8HLU8SG0",
        "text": "I am in uber ",
        "ts": "1516806234.000542"
    },
    {
        "type": "message",
        "user": "U8B25LH0B",
        "text": "we are ready mam",
        "ts": "1516806278.000632"
    },
    {
        "type": "message",
        "user": "U7DJKE1K5",
        "text": "Hi all,I am ready",
        "ts": "1516806416.000782"
    },
    {
        "type": "message",
        "user": "U746SCQ90",
        "text": "yashwanth connect to uber",
        "ts": "1516806669.000364"
    },
    {
        "type": "message",
        "user": "U8HLU8SG0",
        "text": "<https:\/\/github.com\/kevinsawicki\/github-maven-example\/tree\/master\/example>",
        "attachments": [
            {
                "service_name": "GitHub",
                "title": "kevinsawicki\/github-maven-example",
                "title_link": "https:\/\/github.com\/kevinsawicki\/github-maven-example\/tree\/master\/example",
                "text": "github-maven-example - Example project using GitHub Maven Plugins",
                "fallback": "GitHub: kevinsawicki\/github-maven-example",
                "from_url": "https:\/\/github.com\/kevinsawicki\/github-maven-example\/tree\/master\/example",
                "thumb_url": "https:\/\/avatars0.githubusercontent.com\/u\/671378?s=400&v=4",
                "thumb_width": 250,
                "thumb_height": 250,
                "service_icon": "https:\/\/a.slack-edge.com\/bfaba\/img\/unfurl_icons\/github.png",
                "id": 1
            }
        ],
        "ts": "1516806931.000746"
    },
    {
        "type": "message",
        "user": "U8HLU8SG0",
        "text": "<https:\/\/mpinfotech.slack.com\/archives\/D8L5YNECW\/p1516785418000026>",
        "ts": "1516806953.000203"
    },
    {
        "type": "message",
        "user": "U8HLU8SG0",
        "text": "<https:\/\/github.com\/spring-projects\/spring-petclinic>",
        "attachments": [
            {
                "service_name": "GitHub",
                "title": "spring-projects\/spring-petclinic",
                "title_link": "https:\/\/github.com\/spring-projects\/spring-petclinic",
                "text": "spring-petclinic - A sample Spring-based application",
                "fallback": "GitHub: spring-projects\/spring-petclinic",
                "from_url": "https:\/\/github.com\/spring-projects\/spring-petclinic",
                "thumb_url": "https:\/\/avatars2.githubusercontent.com\/u\/317776?s=400&v=4",
                "thumb_width": 250,
                "thumb_height": 250,
                "service_icon": "https:\/\/a.slack-edge.com\/bfaba\/img\/unfurl_icons\/github.png",
                "id": 1
            }
        ],
        "ts": "1516806971.000303"
    },
    {
        "type": "message",
        "user": "U746SCQ90",
        "text": "sai Garu can u plz give permissions for IAM also to access KMS",
        "ts": "1516807818.000464"
    },
    {
        "type": "message",
        "user": "U730RMBB3",
        "text": "Sure",
        "ts": "1516807844.000971"
    },
    {
        "type": "message",
        "user": "U730RMBB3",
        "text": "I've updates your permissions",
        "ts": "1516808023.000956"
    },
    {
        "type": "message",
        "user": "U730RMBB3",
        "text": "you can now access CodeCommit and Key Management Service",
        "ts": "1516808037.000547"
    },
    {
        "type": "message",
        "user": "U746SCQ90",
        "text": "Sai can u plz give full acces to IAM",
        "ts": "1516810762.000055"
    },
    {
        "type": "message",
        "user": "U730RMBB3",
        "text": "what do you need it for?",
        "ts": "1516810782.000187"
    },
    {
        "type": "message",
        "user": "U746SCQ90",
        "text": "I want new access key id",
        "ts": "1516810813.001073"
    },
    {
        "type": "message",
        "user": "U730RMBB3",
        "text": "i can give you yours",
        "ts": "1516810824.000217"
    },
    {
        "type": "message",
        "user": "U746SCQ90",
        "text": "secret key too?",
        "ts": "1516810839.000465"
    },
    {
        "type": "message",
        "user": "U730RMBB3",
        "text": "yep",
        "ts": "1516810847.000308"
    },
    {
        "type": "message",
        "user": "U746SCQ90",
        "text": "i dont have both",
        "ts": "1516810848.000253"
    },
    {
        "type": "message",
        "user": "U746SCQ90",
        "text": "ok can u plz give",
        "ts": "1516810858.000385"
    },
    {
        "type": "message",
        "user": "U730RMBB3",
        "text": "i messaged you your access and secret access key",
        "ts": "1516810933.000034"
    },
    {
        "type": "message",
        "user": "U746SCQ90",
        "text": "An error occurred (AccessDeniedException) when calling the CreateRepository operation: User: arn:aws:iam::747736985227:user\/vidyulatha@e-trademine.com is not authorized to perform: codecommit:CreateRepository on resource: arn:aws:codecommit:us-east-1:747736985227:DemoRepo",
        "ts": "1516811025.000621"
    },
    {
        "type": "message",
        "user": "U746SCQ90",
        "text": "Sai can u plz give access",
        "ts": "1516811046.000536"
    },
    {
        "type": "message",
        "user": "U746SCQ90",
        "text": "Sai ur there?",
        "ts": "1516811162.000645"
    },
    {
        "type": "message",
        "user": "U730RMBB3",
        "text": "yea im putting the permission right now",
        "ts": "1516811171.000522"
    },
    {
        "type": "message",
        "user": "U746SCQ90",
        "text": "we waiting on it .. need full access",
        "ts": "1516811182.000039"
    },
    {
        "type": "message",
        "user": "U746SCQ90",
        "text": "thank you",
        "ts": "1516811190.000856"
    },
    {
        "type": "message",
        "user": "U730RMBB3",
        "text": "ok try it now",
        "ts": "1516811233.000759"
    },
    {
        "type": "message",
        "user": "U746SCQ90",
        "text": "guys connect to this num  6093375020 for 5 mins plz",
        "ts": "1516811584.000235"
    },
    {
        "type": "message",
        "user": "U746SCQ90",
        "text": "sorry that num is also busy",
        "ts": "1516811612.000094"
    },
    {
        "type": "message",
        "user": "U746SCQ90",
        "text": "<https:\/\/aws.amazon.com\/blogs\/devops\/integrating-aws-codecommit-with-jenkins\/>",
        "attachments": [
            {
                "service_name": "Amazon Web Services",
                "title": "Integrating AWS CodeCommit with Jenkins | Amazon Web Services",
                "title_link": "https:\/\/aws.amazon.com\/blogs\/devops\/integrating-aws-codecommit-with-jenkins\/",
                "text": "Today we have a guest post written by Emeka Igbokwe, a Solutions Architect at AWS. This post walks you through the steps to set up Jenkins and AWS CodeCommit to support 2 simple continuous integration (CI) scenarios. In the 1st scenario, you will make a change in your local Git repository, push the change to […]",
                "fallback": "Amazon Web Services: Integrating AWS CodeCommit with Jenkins | Amazon Web Services",
                "image_url": "https:\/\/d2908q01vomqb2.cloudfront.net\/356a192b7913b04c54574d18c28d46e6395428ab\/2017\/06\/23\/6288c174-a286-4b65-9b3b-6199bfdaa1e0.png",
                "image_width": 500,
                "image_height": 250,
                "ts": 1436453212,
                "from_url": "https:\/\/aws.amazon.com\/blogs\/devops\/integrating-aws-codecommit-with-jenkins\/",
                "image_bytes": 27820,
                "service_icon": "http:\/\/a0.awsstatic.com\/main\/images\/site\/touch-icon-iphone-114-smile.png",
                "id": 1
            }
        ],
        "ts": "1516811915.000247"
    },
    {
        "type": "message",
        "user": "U770EERUN",
        "text": "Integrated git hub with jenkins and tried to. Login to. Instance, given kt about git hub to manikanta and chaitanya. ",
        "client_msg_id": "350d6586-7bba-45f8-b028-972958704d54",
        "ts": "1516812302.000233"
    },
    {
        "type": "message",
        "user": "U8B25LH0B",
        "text": "Integrated jenkins with github and created vpc .Tried to login to instance.",
        "ts": "1516812304.000406"
    }
]