[
    {
        "type": "message",
        "user": "U730RMBB3",
        "text": "So DevOps team, I know today you all are trying to get the build to execute on a TomCat server. How's the progress?",
        "ts": "1519925873.000454"
    },
    {
        "type": "message",
        "user": "U98U42YGK",
        "text": "tomcat web page is loading but manager page is not loading .So ,we are working on it",
        "ts": "1519926739.000343"
    },
    {
        "type": "message",
        "user": "U730RMBB3",
        "text": "ok sounds good",
        "ts": "1519926780.000692"
    },
    {
        "type": "message",
        "user": "U730RMBB3",
        "text": "is the manager interface working?",
        "ts": "1519933962.000143"
    },
    {
        "type": "message",
        "user": "U746SCQ90",
        "text": "working onit",
        "ts": "1519934135.000206"
    }
]