[
    {
        "type": "message",
        "user": "U746RD3SN",
        "text": "Why is that all the DevOps team is NOT on this call.",
        "ts": "1520694904.000030"
    },
    {
        "type": "message",
        "user": "U74STF4HJ",
        "text": "I <http:\/\/am.in|am.in>",
        "client_msg_id": "c4865aa7-38c7-465f-a909-c619ed265824",
        "ts": "1520694925.000080"
    },
    {
        "type": "message",
        "user": "U746RD3SN",
        "text": "you guys are missing lots of valuable experience that is being shared.",
        "ts": "1520694945.000006"
    }
]