[
    {
        "type": "message",
        "user": "U746RD3SN",
        "text": "Kubernetes Concepts 101\nA common understanding of terms is always a good idea. Here’s a mini-glossary for Kubernetes.\n•\tMaster. The server or machine running Kubernetes and directing the container management activities on other servers.\n•\tNodes. The other servers, also known as slaves or minions, running Kubernetes components like agents and proxies, as well as pods (see below) that hold the containers. Nodes take their orders from, and report back to the master.\n•\tPod. The smallest manageable unit for Kubernetes. A pod may contain one container, several containers, a complete app or part of an app. In other words, a pod is also flexible.\n•\tService. An interface (endpoint) for access to one or more pods on a node. Acts as a proxy and does load balancing across a group of replicated pods. Pods may come and go, but a service is designed to stay put.\n•\tReplication Controller. Management functionality for ensuring deployment of the required number of pods. Will automatically create or eliminate pods, as needed to maintain the required state. Newer functionality (Kubernetes “deployment”) now offers an advanced alternative to replication controllers, but for the sake of simplicity, we still discuss them here.\n•\tKubectl. A command line interface for you to tell Kubernetes what to do.",
        "ts": "1521935202.000045"
    },
    {
        "type": "message",
        "user": "U746RD3SN",
        "text": "<https:\/\/www.katacoda.com\/courses\/kubernetes\/playground>",
        "attachments": [
            {
                "title": "Kubernetes Playground | Katacoda",
                "title_link": "https:\/\/www.katacoda.com\/courses\/kubernetes\/playground",
                "text": "Use Kubernetes in a hosted sandboxed interactive environment",
                "fallback": "Kubernetes Playground | Katacoda",
                "from_url": "https:\/\/www.katacoda.com\/courses\/kubernetes\/playground",
                "thumb_url": "https:\/\/www.katacoda.com\/images\/apple-touch-icon-152x152.png",
                "thumb_width": 152,
                "thumb_height": 152,
                "service_icon": "https:\/\/www.katacoda.com\/images\/apple-touch-icon-57x57.png",
                "service_name": "katacoda.com",
                "id": 1
            }
        ],
        "ts": "1521935250.000052"
    },
    {
        "type": "message",
        "user": "U746RD3SN",
        "text": "Getting and Installing Kubernetes\nGoogle made Kubernetes freely available and free to use. You can:\n•\tDownload binaries for installation in a Linux or similar environment (Linux running in Windows, etc.)\n•\tDownload a version called Minikube to automatically install a master and a node on the same machine (possibilities include Linux, Mac OS X and Windows).\nA Minikube installation can greatly simplify things. Initial installation is often much easier. Master-node communication is done within the same (virtual) machine, so network configuration is not a factor. Minikube also conveniently includes container runtime functionality (the Docker engine). Later, you may well want the master on one machine and nodes on others. To start with, however, the Minikube installation for Mac OS X as an example can be as simple as running the following two commands:\nbrew cask install minikube\n\nAfter installation, starting Minikube is simple too:\nminikube start",
        "ts": "1521935367.000089"
    },
    {
        "type": "message",
        "subtype": "file_share",
        "text": "<@U746RD3SN> uploaded a file: <https:\/\/mpinfotech.slack.com\/files\/U746RD3SN\/F9VNTPA77\/getting_and_installing_kubernetes.docx|Getting and Installing Kubernetes.docx> and commented: found this in internet, try it.",
        "file": {
            "id": "F9VNTPA77",
            "created": 1521936569,
            "timestamp": 1521936569,
            "name": "Getting and Installing Kubernetes.docx",
            "title": "Getting and Installing Kubernetes.docx",
            "mimetype": "application\/vnd.openxmlformats-officedocument.wordprocessingml.document",
            "filetype": "docx",
            "pretty_type": "Word Document",
            "user": "U746RD3SN",
            "editable": false,
            "size": 18797,
            "mode": "hosted",
            "is_external": false,
            "external_type": "",
            "is_public": true,
            "public_url_shared": false,
            "display_as_bot": false,
            "username": "",
            "url_private": "https:\/\/files.slack.com\/files-pri\/T730RMB7T-F9VNTPA77\/getting_and_installing_kubernetes.docx?t=xoxe-241025725265-384508339281-384508339409-5b92d26397ce6b615c24d77267fe6bb3",
            "url_private_download": "https:\/\/files.slack.com\/files-pri\/T730RMB7T-F9VNTPA77\/download\/getting_and_installing_kubernetes.docx?t=xoxe-241025725265-384508339281-384508339409-5b92d26397ce6b615c24d77267fe6bb3",
            "permalink": "https:\/\/mpinfotech.slack.com\/files\/U746RD3SN\/F9VNTPA77\/getting_and_installing_kubernetes.docx",
            "permalink_public": "https:\/\/slack-files.com\/T730RMB7T-F9VNTPA77-166ab6e87b",
            "channels": [],
            "groups": [],
            "ims": [],
            "comments_count": 1,
            "initial_comment": {
                "id": "Fc9UT7EXCY",
                "created": 1521936569,
                "timestamp": 1521936569,
                "user": "U746RD3SN",
                "is_intro": true,
                "comment": "found this in internet, try it."
            }
        },
        "user": "U746RD3SN",
        "upload": true,
        "display_as_bot": false,
        "username": "mmurali",
        "bot_id": null,
        "ts": "1521936570.000038"
    }
]