[
    {
        "type": "message",
        "user": "U746RD3SN",
        "text": "Samba please join <http:\/\/uberconference.com\/akashnzenith|uberconference.com\/akashnzenith>",
        "client_msg_id": "DA2F8F58-388B-4635-A6E1-12B1C0517E05",
        "ts": "1522162994.000130"
    },
    {
        "type": "message",
        "user": "U746RD3SN",
        "text": "Anudeep will john",
        "client_msg_id": "288CEE43-5E28-4879-9BAA-348FCFBD607D",
        "ts": "1522162999.000906"
    },
    {
        "type": "message",
        "user": "U746RD3SN",
        "text": "Join",
        "client_msg_id": "DD98AB10-E38E-41E2-9093-75EF7B0D403F",
        "ts": "1522163002.000365"
    },
    {
        "type": "message",
        "user": "U9MF5E7PF",
        "text": "Ok Murali Joining now",
        "ts": "1522163016.000795"
    },
    {
        "type": "message",
        "user": "U730RMBB3",
        "text": "I’m in",
        "client_msg_id": "47F93E6F-22EC-42C1-9888-D7F7E155F586",
        "ts": "1522163018.000128"
    },
    {
        "type": "message",
        "user": "U730RMBB3",
        "text": "Ok based on feedback from Anudeep as he looked at our pipeline, and in light of our Chef OpsWorks not behaving as desired. \n\nI want to make sure people are moving forward on their work so we will look at Ansible instead of Chef",
        "ts": "1522168824.000549"
    },
    {
        "type": "message",
        "user": "U730RMBB3",
        "text": "currently Samba has work experience in Ansible",
        "ts": "1522168838.000545"
    },
    {
        "type": "message",
        "user": "U730RMBB3",
        "text": "The goal is to use Ansible to automate our pipeline instead of Chef.",
        "ts": "1522168871.000692"
    },
    {
        "type": "message",
        "user": "U730RMBB3",
        "text": "so Samba, RaviTeja, Siva and Arun should instead set up an Ansible server and work with it instead of Chef",
        "ts": "1522168926.000187"
    },
    {
        "type": "message",
        "user": "U730RMBB3",
        "text": "Siva and Arun are also learning Docker at the same time, so <@U8AJ8835X> you'll be needed to help Samba by learning Ansible and he can be there to guide you.",
        "ts": "1522168977.000704"
    },
    {
        "type": "message",
        "user": "U730RMBB3",
        "text": "During the 3:30 PM meeting I am going to provide another 10,000 ft overview of what DevOps Studio is going to be and what the overall vision is",
        "ts": "1522169175.000531"
    },
    {
        "type": "message",
        "subtype": "file_share",
        "text": "<@U746RD3SN> uploaded a file: <https:\/\/mpinfotech.slack.com\/files\/U746RD3SN\/F9Y45FTU7\/attachment_4679424000001071003_attach_1_4679424000001071003_devops_jira_e_s_t-2.pdf.pdf|Attachment_4679424000001071003_attach_1_4679424000001071003_DevOps JIRA E S T-2.pdf>",
        "file": {
            "id": "F9Y45FTU7",
            "created": 1522180010,
            "timestamp": 1522180010,
            "name": "Attachment_4679424000001071003_attach_1_4679424000001071003_DevOps JIRA E S T-2.pdf.pdf",
            "title": "Attachment_4679424000001071003_attach_1_4679424000001071003_DevOps JIRA E S T-2.pdf",
            "mimetype": "application\/pdf",
            "filetype": "pdf",
            "pretty_type": "PDF",
            "user": "U746RD3SN",
            "editable": false,
            "size": 243368,
            "mode": "hosted",
            "is_external": false,
            "external_type": "",
            "is_public": true,
            "public_url_shared": false,
            "display_as_bot": false,
            "username": "",
            "url_private": "https:\/\/files.slack.com\/files-pri\/T730RMB7T-F9Y45FTU7\/attachment_4679424000001071003_attach_1_4679424000001071003_devops_jira_e_s_t-2.pdf.pdf?t=xoxe-241025725265-384508339281-384508339409-5b92d26397ce6b615c24d77267fe6bb3",
            "url_private_download": "https:\/\/files.slack.com\/files-pri\/T730RMB7T-F9Y45FTU7\/download\/attachment_4679424000001071003_attach_1_4679424000001071003_devops_jira_e_s_t-2.pdf.pdf?t=xoxe-241025725265-384508339281-384508339409-5b92d26397ce6b615c24d77267fe6bb3",
            "thumb_pdf": "https:\/\/files.slack.com\/files-tmb\/T730RMB7T-F9Y45FTU7-9395043367\/attachment_4679424000001071003_attach_1_4679424000001071003_devops_jira_e_s_t-2.pdf_thumb_pdf.png?t=xoxe-241025725265-384508339281-384508339409-5b92d26397ce6b615c24d77267fe6bb3",
            "thumb_pdf_w": 935,
            "thumb_pdf_h": 1210,
            "permalink": "https:\/\/mpinfotech.slack.com\/files\/U746RD3SN\/F9Y45FTU7\/attachment_4679424000001071003_attach_1_4679424000001071003_devops_jira_e_s_t-2.pdf.pdf",
            "permalink_public": "https:\/\/slack-files.com\/T730RMB7T-F9Y45FTU7-78c197054c",
            "channels": [],
            "groups": [],
            "ims": [],
            "comments_count": 0
        },
        "user": "U746RD3SN",
        "upload": true,
        "display_as_bot": false,
        "username": "mmurali",
        "bot_id": null,
        "ts": "1522180012.000021"
    },
    {
        "type": "message",
        "user": "U8AJ8835X",
        "text": "<@U730RMBB3> Sorry i was not able to join Anudeep call as I am busy with my resume changes. Will work with Samba on Ansible from tomorrow.",
        "ts": "1522181700.000357"
    },
    {
        "type": "message",
        "user": "U746RD3SN",
        "text": "When an experienced professional is joining the call you should make time to participate, and get benefit out of the discussion.",
        "client_msg_id": "B09CE557-A286-402D-BAB3-F713B81F0AF0",
        "ts": "1522195907.000071"
    }
]