[
    {
        "type": "message",
        "user": "U8HLU8SG0",
        "text": "I am ready, please join uber conference asap",
        "client_msg_id": "B4E5C582-25CF-4816-8BD7-326BD08C5480",
        "ts": "1517497434.000741"
    },
    {
        "type": "message",
        "user": "U7DJKE1K5",
        "text": "I am also reday tharun",
        "ts": "1517497458.000632"
    },
    {
        "type": "message",
        "user": "U8HLU8SG0",
        "text": "Join uber Yashwanth ",
        "client_msg_id": "ED390617-D0CC-4DFE-8ACE-17332F71A9AB",
        "ts": "1517497512.000768"
    },
    {
        "type": "message",
        "user": "U746SCQ90",
        "text": "I am In uber ",
        "ts": "1517497565.000157"
    },
    {
        "type": "message",
        "user": "U730RMBB3",
        "text": "The internet in the office is acting up so it might be some time till I’m able to jump in",
        "client_msg_id": "2833529E-EF04-43D7-9A50-9BB731FDF524",
        "ts": "1517500023.000477"
    }
]