[
    {
        "type": "message",
        "user": "U746RD3SN",
        "text": "Vidyulatha please check on Amazon SageMaker ( build, train, deploy machine learning models), AWS deep learning AMI’s and AWS Blockchain templates. These 3 are cutting edge technologies that every company is pushing their organizations to evolve on.",
        "client_msg_id": "F7652480-FFB5-4988-83F8-3D01E28081CF",
        "ts": "1525012569.000016"
    },
    {
        "type": "message",
        "user": "U746SCQ90",
        "text": "Ok sir ",
        "client_msg_id": "61EAEF58-6818-417A-B09B-DFE7E25D7F42",
        "ts": "1525029326.000025"
    }
]