[
    {
        "type": "message",
        "user": "U746RD3SN",
        "text": "<https:\/\/aws.amazon.com\/premiumsupport\/compare-plans\/>",
        "attachments": [
            {
                "service_name": "Amazon Web Services, Inc.",
                "title": "AWS Support - Compare all support plans",
                "title_link": "https:\/\/aws.amazon.com\/premiumsupport\/compare-plans\/",
                "text": "Compare all AWS support plans: Basic, Developer, Business, &amp; Enterprise to determine which plan fits your unique needs.",
                "fallback": "Amazon Web Services, Inc.: AWS Support - Compare all support plans",
                "thumb_url": "https:\/\/a0.awsstatic.com\/main\/images\/logos\/aws_logo_smile_179x109.png",
                "from_url": "https:\/\/aws.amazon.com\/premiumsupport\/compare-plans\/",
                "thumb_width": 179,
                "thumb_height": 109,
                "service_icon": "https:\/\/a0.awsstatic.com\/main\/images\/site\/touch-icon-iphone-114-smile.png",
                "id": 1,
                "original_url": "https:\/\/aws.amazon.com\/premiumsupport\/compare-plans\/"
            }
        ],
        "ts": "1525463188.000104"
    }
]