[
    {
        "type": "message",
        "user": "U8HLU8SG0",
        "text": "I don’t think I can attend any scheduled meetings today, as I am stuck up with some personal work. Sorry for causing any inconvenience. I will be available tomorrow. ",
        "ts": "1517318567.000357"
    },
    {
        "type": "message",
        "user": "U746SCQ90",
        "text": "Ok Tharun and manikanta let’s meet tomorrow 9:00 est as yaswanth and Tharun are not available.. ",
        "ts": "1517321122.000135"
    }
]