[
    {
        "type": "message",
        "subtype": "file_share",
        "text": "<@U8B25LH0B> uploaded a file: <https:\/\/mpinfotech.slack.com\/files\/U8B25LH0B\/F9P1GAP4G\/build_jenkins.png|build jenkins.png> and commented: Jenkins build error",
        "file": {
            "id": "F9P1GAP4G",
            "created": 1521027773,
            "timestamp": 1521027773,
            "name": "build jenkins.png",
            "title": "build jenkins.png",
            "mimetype": "image\/png",
            "filetype": "png",
            "pretty_type": "PNG",
            "user": "U8B25LH0B",
            "editable": false,
            "size": 110342,
            "mode": "hosted",
            "is_external": false,
            "external_type": "",
            "is_public": true,
            "public_url_shared": false,
            "display_as_bot": false,
            "username": "",
            "url_private": "https:\/\/files.slack.com\/files-pri\/T730RMB7T-F9P1GAP4G\/build_jenkins.png?t=xoxe-241025725265-384508339281-384508339409-5b92d26397ce6b615c24d77267fe6bb3",
            "url_private_download": "https:\/\/files.slack.com\/files-pri\/T730RMB7T-F9P1GAP4G\/download\/build_jenkins.png?t=xoxe-241025725265-384508339281-384508339409-5b92d26397ce6b615c24d77267fe6bb3",
            "thumb_64": "https:\/\/files.slack.com\/files-tmb\/T730RMB7T-F9P1GAP4G-7694280b42\/build_jenkins_64.png?t=xoxe-241025725265-384508339281-384508339409-5b92d26397ce6b615c24d77267fe6bb3",
            "thumb_80": "https:\/\/files.slack.com\/files-tmb\/T730RMB7T-F9P1GAP4G-7694280b42\/build_jenkins_80.png?t=xoxe-241025725265-384508339281-384508339409-5b92d26397ce6b615c24d77267fe6bb3",
            "thumb_360": "https:\/\/files.slack.com\/files-tmb\/T730RMB7T-F9P1GAP4G-7694280b42\/build_jenkins_360.png?t=xoxe-241025725265-384508339281-384508339409-5b92d26397ce6b615c24d77267fe6bb3",
            "thumb_360_w": 360,
            "thumb_360_h": 202,
            "thumb_480": "https:\/\/files.slack.com\/files-tmb\/T730RMB7T-F9P1GAP4G-7694280b42\/build_jenkins_480.png?t=xoxe-241025725265-384508339281-384508339409-5b92d26397ce6b615c24d77267fe6bb3",
            "thumb_480_w": 480,
            "thumb_480_h": 270,
            "thumb_160": "https:\/\/files.slack.com\/files-tmb\/T730RMB7T-F9P1GAP4G-7694280b42\/build_jenkins_160.png?t=xoxe-241025725265-384508339281-384508339409-5b92d26397ce6b615c24d77267fe6bb3",
            "thumb_720": "https:\/\/files.slack.com\/files-tmb\/T730RMB7T-F9P1GAP4G-7694280b42\/build_jenkins_720.png?t=xoxe-241025725265-384508339281-384508339409-5b92d26397ce6b615c24d77267fe6bb3",
            "thumb_720_w": 720,
            "thumb_720_h": 405,
            "thumb_800": "https:\/\/files.slack.com\/files-tmb\/T730RMB7T-F9P1GAP4G-7694280b42\/build_jenkins_800.png?t=xoxe-241025725265-384508339281-384508339409-5b92d26397ce6b615c24d77267fe6bb3",
            "thumb_800_w": 800,
            "thumb_800_h": 450,
            "thumb_960": "https:\/\/files.slack.com\/files-tmb\/T730RMB7T-F9P1GAP4G-7694280b42\/build_jenkins_960.png?t=xoxe-241025725265-384508339281-384508339409-5b92d26397ce6b615c24d77267fe6bb3",
            "thumb_960_w": 960,
            "thumb_960_h": 540,
            "thumb_1024": "https:\/\/files.slack.com\/files-tmb\/T730RMB7T-F9P1GAP4G-7694280b42\/build_jenkins_1024.png?t=xoxe-241025725265-384508339281-384508339409-5b92d26397ce6b615c24d77267fe6bb3",
            "thumb_1024_w": 1024,
            "thumb_1024_h": 576,
            "image_exif_rotation": 1,
            "original_w": 1366,
            "original_h": 768,
            "permalink": "https:\/\/mpinfotech.slack.com\/files\/U8B25LH0B\/F9P1GAP4G\/build_jenkins.png",
            "permalink_public": "https:\/\/slack-files.com\/T730RMB7T-F9P1GAP4G-d7a8140f5d",
            "channels": [],
            "groups": [],
            "ims": [],
            "comments_count": 1,
            "initial_comment": {
                "id": "Fc9P4FTVCZ",
                "created": 1521027773,
                "timestamp": 1521027773,
                "user": "U8B25LH0B",
                "is_intro": true,
                "comment": "Jenkins build error"
            }
        },
        "user": "U8B25LH0B",
        "upload": true,
        "display_as_bot": false,
        "username": "manikanta",
        "bot_id": null,
        "ts": "1521027777.000166"
    },
    {
        "type": "message",
        "user": "U746RD3SN",
        "text": "Team this is the purpose of slack, we post all the issues and success into Slack.",
        "client_msg_id": "E298FEC5-493B-42F7-A5FA-8358945C6258",
        "ts": "1521029038.000409"
    },
    {
        "type": "message",
        "user": "U746RD3SN",
        "text": "Into channels",
        "client_msg_id": "888B5DF8-52AD-4C34-953C-A93BB4D3A88B",
        "ts": "1521029054.000150"
    },
    {
        "type": "message",
        "user": "U746RD3SN",
        "text": "Also i want everyone to post what each of you are learning or working on.",
        "client_msg_id": "595B3B25-CA08-4F5D-8894-F01291E4C344",
        "ts": "1521029086.000294"
    },
    {
        "type": "message",
        "user": "U746RD3SN",
        "text": "So that i will know",
        "client_msg_id": "256D8C43-67E3-4E82-B5A9-3660F88594BF",
        "ts": "1521029103.000458"
    },
    {
        "type": "message",
        "user": "U730RMBB3",
        "text": "DevOps team I need the update on the Chef instance",
        "ts": "1521041909.000112"
    },
    {
        "type": "message",
        "user": "U730RMBB3",
        "text": "if some of you are working with Manikanta to set up the Etrademine pipeline",
        "ts": "1521041931.000114"
    },
    {
        "type": "message",
        "user": "U730RMBB3",
        "text": "then I recommend some working with Samba to look over the pipeline and set up a Chef instance",
        "ts": "1521041960.000739"
    },
    {
        "type": "message",
        "user": "U730RMBB3",
        "text": "Ok since Arun is working with Manikanta\nI recommend <@U98U42YGK> and <@U746SCQ90> to work with <@U9MF5E7PF> to get a Chef instance set up",
        "ts": "1521042149.000277"
    },
    {
        "type": "message",
        "user": "U730RMBB3",
        "text": "UAT testing is a vital part of the pipeline",
        "ts": "1521042162.000816"
    },
    {
        "type": "message",
        "user": "U9MF5E7PF",
        "text": "<@U746RD3SN> I just got the AWS access. Now I am going through some basics about docker and K8.",
        "ts": "1521042268.000943"
    },
    {
        "type": "message",
        "user": "U98U42YGK",
        "text": "<@U730RMBB3> Yeah Sure",
        "ts": "1521042482.000093"
    },
    {
        "type": "message",
        "subtype": "file_share",
        "text": "<@U730RMBB3> uploaded a file: <https:\/\/mpinfotech.slack.com\/files\/U730RMBB3\/F9R331QDD\/mpit_devenv.png|MPIT_DevEnv.png>",
        "file": {
            "id": "F9R331QDD",
            "created": 1521056427,
            "timestamp": 1521056427,
            "name": "MPIT_DevEnv.png",
            "title": "MPIT_DevEnv.png",
            "mimetype": "image\/png",
            "filetype": "png",
            "pretty_type": "PNG",
            "user": "U730RMBB3",
            "editable": false,
            "size": 157497,
            "mode": "hosted",
            "is_external": false,
            "external_type": "",
            "is_public": true,
            "public_url_shared": false,
            "display_as_bot": false,
            "username": "",
            "url_private": "https:\/\/files.slack.com\/files-pri\/T730RMB7T-F9R331QDD\/mpit_devenv.png?t=xoxe-241025725265-384508339281-384508339409-5b92d26397ce6b615c24d77267fe6bb3",
            "url_private_download": "https:\/\/files.slack.com\/files-pri\/T730RMB7T-F9R331QDD\/download\/mpit_devenv.png?t=xoxe-241025725265-384508339281-384508339409-5b92d26397ce6b615c24d77267fe6bb3",
            "thumb_64": "https:\/\/files.slack.com\/files-tmb\/T730RMB7T-F9R331QDD-78b5aa239d\/mpit_devenv_64.png?t=xoxe-241025725265-384508339281-384508339409-5b92d26397ce6b615c24d77267fe6bb3",
            "thumb_80": "https:\/\/files.slack.com\/files-tmb\/T730RMB7T-F9R331QDD-78b5aa239d\/mpit_devenv_80.png?t=xoxe-241025725265-384508339281-384508339409-5b92d26397ce6b615c24d77267fe6bb3",
            "thumb_360": "https:\/\/files.slack.com\/files-tmb\/T730RMB7T-F9R331QDD-78b5aa239d\/mpit_devenv_360.png?t=xoxe-241025725265-384508339281-384508339409-5b92d26397ce6b615c24d77267fe6bb3",
            "thumb_360_w": 360,
            "thumb_360_h": 172,
            "thumb_480": "https:\/\/files.slack.com\/files-tmb\/T730RMB7T-F9R331QDD-78b5aa239d\/mpit_devenv_480.png?t=xoxe-241025725265-384508339281-384508339409-5b92d26397ce6b615c24d77267fe6bb3",
            "thumb_480_w": 480,
            "thumb_480_h": 230,
            "thumb_160": "https:\/\/files.slack.com\/files-tmb\/T730RMB7T-F9R331QDD-78b5aa239d\/mpit_devenv_160.png?t=xoxe-241025725265-384508339281-384508339409-5b92d26397ce6b615c24d77267fe6bb3",
            "thumb_720": "https:\/\/files.slack.com\/files-tmb\/T730RMB7T-F9R331QDD-78b5aa239d\/mpit_devenv_720.png?t=xoxe-241025725265-384508339281-384508339409-5b92d26397ce6b615c24d77267fe6bb3",
            "thumb_720_w": 720,
            "thumb_720_h": 345,
            "thumb_800": "https:\/\/files.slack.com\/files-tmb\/T730RMB7T-F9R331QDD-78b5aa239d\/mpit_devenv_800.png?t=xoxe-241025725265-384508339281-384508339409-5b92d26397ce6b615c24d77267fe6bb3",
            "thumb_800_w": 800,
            "thumb_800_h": 383,
            "thumb_960": "https:\/\/files.slack.com\/files-tmb\/T730RMB7T-F9R331QDD-78b5aa239d\/mpit_devenv_960.png?t=xoxe-241025725265-384508339281-384508339409-5b92d26397ce6b615c24d77267fe6bb3",
            "thumb_960_w": 960,
            "thumb_960_h": 460,
            "thumb_1024": "https:\/\/files.slack.com\/files-tmb\/T730RMB7T-F9R331QDD-78b5aa239d\/mpit_devenv_1024.png?t=xoxe-241025725265-384508339281-384508339409-5b92d26397ce6b615c24d77267fe6bb3",
            "thumb_1024_w": 1024,
            "thumb_1024_h": 491,
            "image_exif_rotation": 1,
            "original_w": 1701,
            "original_h": 815,
            "permalink": "https:\/\/mpinfotech.slack.com\/files\/U730RMBB3\/F9R331QDD\/mpit_devenv.png",
            "permalink_public": "https:\/\/slack-files.com\/T730RMB7T-F9R331QDD-0ab13dafe3",
            "channels": [],
            "groups": [],
            "ims": [],
            "comments_count": 0
        },
        "user": "U730RMBB3",
        "upload": true,
        "display_as_bot": false,
        "username": "psai",
        "bot_id": null,
        "ts": "1521056430.000343"
    }
]