[
    {
        "type": "message",
        "user": "U8HLU8SG0",
        "text": "<https:\/\/d1.awsstatic.com\/Projects\/P5505030\/aws-project_Jenkins-build-server.pdf>",
        "ts": "1516635230.000562"
    },
    {
        "type": "message",
        "user": "U746SCQ90",
        "text": "c014526f0d8b4a36bdd8e3d7e1f356e6",
        "ts": "1516638882.000478"
    },
    {
        "type": "message",
        "user": "U770EERUN",
        "text": "Completed qwik labs on code commit Nd code commit on Windows, and learnt code pipeline Nd deploy basics",
        "client_msg_id": "c1d8b503-824d-4e29-9e5f-040116007815",
        "ts": "1516639193.000567"
    },
    {
        "type": "message",
        "user": "U8B25LH0B",
        "text": "Learnt on code pipeline,code deploy,done lab on codecommit.",
        "ts": "1516639286.000256"
    },
    {
        "type": "message",
        "user": "U730RMBB3",
        "text": "DevOps team, did you guys hold a meeting today morning for work? And if so what progress was made? Or if you have any questions feel free to ask.",
        "ts": "1516654703.000441"
    },
    {
        "type": "message",
        "user": "U746SCQ90",
        "text": "sai garu can we have call at 3:20 plz ..",
        "ts": "1516655734.000261"
    },
    {
        "type": "message",
        "user": "U746SCQ90",
        "text": "'looks like there's some confusion regarding the call",
        "ts": "1516655776.000270"
    },
    {
        "type": "message",
        "user": "U8HLU8SG0",
        "text": "Sai, I am ready to take the call, sorry for not being available at 3:30 pm est ",
        "ts": "1516656227.000351"
    },
    {
        "type": "message",
        "user": "U8HLU8SG0",
        "text": "Yup, Sai, me, Vidyulatha, Yashwanth, (Tarun and Manikanta) from India joined the call for 1:30 hr",
        "ts": "1516656317.000021"
    }
]