[
    {
        "type": "message",
        "user": "U9MF5E7PF",
        "text": "`Ansible server`\n`ssh -i \"ansible-oregon.pem\" <mailto:ec2-user@ec2-52-39-105-60.us-west-2.compute.amazonaws.com|ec2-user@ec2-52-39-105-60.us-west-2.compute.amazonaws.com>`",
        "ts": "1522440874.000264"
    },
    {
        "type": "message",
        "subtype": "file_share",
        "text": "<@U9MF5E7PF> uploaded a file: <https:\/\/mpinfotech.slack.com\/files\/U9MF5E7PF\/F9YF57T97\/ansible-oregon.pem|ansible-oregon.pem>",
        "file": {
            "id": "F9YF57T97",
            "created": 1522440909,
            "timestamp": 1522440909,
            "name": "ansible-oregon.pem",
            "title": "ansible-oregon.pem",
            "mimetype": "text\/plain",
            "filetype": "text",
            "pretty_type": "Plain Text",
            "user": "U9MF5E7PF",
            "editable": true,
            "size": 1692,
            "mode": "snippet",
            "is_external": false,
            "external_type": "",
            "is_public": true,
            "public_url_shared": false,
            "display_as_bot": false,
            "username": "",
            "url_private": "https:\/\/files.slack.com\/files-pri\/T730RMB7T-F9YF57T97\/ansible-oregon.pem?t=xoxe-241025725265-384508339281-384508339409-5b92d26397ce6b615c24d77267fe6bb3",
            "url_private_download": "https:\/\/files.slack.com\/files-pri\/T730RMB7T-F9YF57T97\/download\/ansible-oregon.pem?t=xoxe-241025725265-384508339281-384508339409-5b92d26397ce6b615c24d77267fe6bb3",
            "permalink": "https:\/\/mpinfotech.slack.com\/files\/U9MF5E7PF\/F9YF57T97\/ansible-oregon.pem",
            "permalink_public": "https:\/\/slack-files.com\/T730RMB7T-F9YF57T97-a93209f339",
            "edit_link": "https:\/\/mpinfotech.slack.com\/files\/U9MF5E7PF\/F9YF57T97\/ansible-oregon.pem\/edit",
            "preview": "-----BEGIN RSA PRIVATE KEY-----\r\nMIIEowIBAAKCAQEAgmudUhV69fuEUhDZHtRMzbIwbQPH5vrUg3pC1r+Uv2ZEbSH5\/+MhlvqmWNKW\r\nn2\/cwuxZrfd0XW2K0krVzeojGc5QkpOKJN4Tll0mxbc8u+RVOjh6ZVRSW\/S+Pdjg+xfiqjgfy0LS\r\nd\/jkFY0C4upd1fkBmCI+NmNeyNe6\/5AkVGr21NhWUZprl+pkGhXzoeLwjgRizjADU9r9iymo+pvx\r\nOU8MAtwFP\/JbFjVETKwBQ5m6uLLQJNZUDv5m27QveOlHn93Yr0si\/vQJL1xobwrs+t6CAgXW9+2u\r",
            "preview_highlight": "<div class=\"CodeMirror cm-s-default CodeMirrorServer\" oncopy=\"if(event.clipboardData){event.clipboardData.setData('text\/plain',window.getSelection().toString().replace(\/\\u200b\/g,''));event.preventDefault();event.stopPropagation();}\">\n<div class=\"CodeMirror-code\">\n<div><pre>-----BEGIN RSA PRIVATE KEY-----<\/pre><\/div>\n<div><pre>MIIEowIBAAKCAQEAgmudUhV69fuEUhDZHtRMzbIwbQPH5vrUg3pC1r+Uv2ZEbSH5\/+MhlvqmWNKW<\/pre><\/div>\n<div><pre>n2\/cwuxZrfd0XW2K0krVzeojGc5QkpOKJN4Tll0mxbc8u+RVOjh6ZVRSW\/S+Pdjg+xfiqjgfy0LS<\/pre><\/div>\n<div><pre>d\/jkFY0C4upd1fkBmCI+NmNeyNe6\/5AkVGr21NhWUZprl+pkGhXzoeLwjgRizjADU9r9iymo+pvx<\/pre><\/div>\n<div><pre>OU8MAtwFP\/JbFjVETKwBQ5m6uLLQJNZUDv5m27QveOlHn93Yr0si\/vQJL1xobwrs+t6CAgXW9+2u<\/pre><\/div>\n<div><pre><\/pre><\/div>\n<\/div>\n<\/div>\n",
            "lines": 23,
            "lines_more": 18,
            "preview_is_truncated": true,
            "channels": [],
            "groups": [],
            "ims": [],
            "comments_count": 0,
            "num_stars": 1
        },
        "user": "U9MF5E7PF",
        "upload": true,
        "display_as_bot": false,
        "username": "sreddy",
        "bot_id": null,
        "ts": "1522440910.000180"
    },
    {
        "type": "message",
        "user": "U9MF5E7PF",
        "text": "thats key to login.",
        "ts": "1522440928.000372"
    }
]