[
    {
        "type": "message",
        "user": "U730RMBB3",
        "text": "Hey DevOps team\n\nI have a production project - SWIFTCDS, and the following will be the project team members.\n\nVidyulatha- lead\nSamba\nSiva\nAbhishek ( observer for experience and will participate based on his time)\nPrasanna K - Project Mgr.\n\nI am going to organize a meeting with Smartcore dev team to understand how they built on uat, and requirements.\n\nOm (product owner) will state the delivery timelines.",
        "ts": "1521816560.000259"
    },
    {
        "type": "message",
        "user": "U730RMBB3",
        "text": "Once we understand the requirements for the application we will be responsible for building the application's production infrastructure in the cloud.",
        "edited": {
            "user": "U730RMBB3",
            "ts": "1521816624.000000"
        },
        "ts": "1521816605.000269"
    },
    {
        "type": "message",
        "user": "U730RMBB3",
        "text": "I have mentioned before that this is our first real project so we must take this challenge head on and execute on it",
        "ts": "1521816936.000619"
    },
    {
        "type": "message",
        "user": "U9MF5E7PF",
        "text": "Guys need some help. In my ec2 instances \/dev\/xvda1 partition is keep increasing. Can someone suggest how to clean that partition?\nWhat I did is installed few docker containers and later stopped all containers and even removed the docker images. even though partition size is same.",
        "ts": "1521823512.000522"
    },
    {
        "type": "message",
        "user": "U9MF5E7PF",
        "text": "able to clear  the unsed containers data with below command.",
        "ts": "1521835289.000121"
    },
    {
        "type": "message",
        "user": "U9MF5E7PF",
        "text": "```\ndocker system prune -a -f\n```",
        "ts": "1521835304.000230"
    },
    {
        "type": "message",
        "user": "U9MF5E7PF",
        "text": "its cleared 50% of \/dev\/xda1 :slightly_smiling_face:",
        "ts": "1521835333.000078"
    }
]