[
    {
        "type": "message",
        "user": "U730RMBB3",
        "text": "If devops is ready for the meeting you can choose to use the old bridge or the one I provided in the general chat",
        "ts": "1516892188.000249"
    },
    {
        "type": "message",
        "user": "U730RMBB3",
        "text": "I'd recommend using mine because then you all won't need to worry about getting pushed off",
        "ts": "1516892224.000474"
    },
    {
        "type": "message",
        "user": "U746RD3SN",
        "text": "Decision: We will not grant power user, I spoke to few of the experts. Instead we will try to minimize the lead time if additional access is needed. If we go through this project we will know what minimal access is needed for IAM and we can automate from there. Any questions, comments, and concerns please feel free to communicate.",
        "ts": "1516892363.000811"
    },
    {
        "type": "message",
        "user": "U746SCQ90",
        "text": "Ok :+1::skin-tone-2: sir ",
        "ts": "1516892512.000557"
    },
    {
        "type": "message",
        "user": "U746SCQ90",
        "text": "I am ready guys let me know wen ur.. ",
        "ts": "1516892544.000276"
    },
    {
        "type": "message",
        "user": "U730RMBB3",
        "text": "are you guys using my conference link?",
        "ts": "1516892645.000202"
    },
    {
        "type": "message",
        "user": "U730RMBB3",
        "text": "<https:\/\/www.uberconference.com\/psai6>",
        "attachments": [
            {
                "service_name": "UberConference",
                "title": "UberConference - The Best Free Conference Call",
                "title_link": "https:\/\/www.uberconference.com\/psai6",
                "text": "UberConference provides a rich visual interface for conference calls. Simple, visual, and free to use, it's audio conferencing done right. Easily set up and join free conference calls, see who is in the conference, who is talking, and use powerful conferencing features.",
                "fallback": "UberConference: UberConference - The Best Free Conference Call",
                "thumb_url": "https:\/\/www.uberconference.com\/static\/img2\/uberconference.jpg",
                "from_url": "https:\/\/www.uberconference.com\/psai6",
                "thumb_width": 900,
                "thumb_height": 899,
                "service_icon": "https:\/\/www.uberconference.com\/static\/img2\/apple-touch-icon-320x320-precomposed.png",
                "id": 1
            }
        ],
        "ts": "1516892654.000479"
    },
    {
        "type": "message",
        "user": "U746SCQ90",
        "text": "Yah Sai Garu ",
        "ts": "1516892673.000489"
    },
    {
        "type": "message",
        "user": "U746SCQ90",
        "text": "We did not start yet .. wait g on team respond then we will start ...",
        "ts": "1516892703.000495"
    },
    {
        "type": "message",
        "user": "U746SCQ90",
        "text": "Waiting *",
        "ts": "1516892713.000324"
    },
    {
        "type": "message",
        "user": "U8HLU8SG0",
        "text": "I am ready ",
        "ts": "1516892719.000096"
    },
    {
        "type": "message",
        "user": "U8B25LH0B",
        "text": "I am ready",
        "ts": "1516892753.000509"
    },
    {
        "type": "message",
        "user": "U746SCQ90",
        "text": "Ok let’s wait on Yaswanth ",
        "ts": "1516892808.000164"
    },
    {
        "type": "message",
        "user": "U7DJKE1K5",
        "text": "I am ready,lets connect ",
        "ts": "1516892990.000896"
    },
    {
        "type": "message",
        "user": "U8HLU8SG0",
        "text": "Let’s connect ",
        "ts": "1516893038.000602"
    },
    {
        "type": "message",
        "user": "U8HLU8SG0",
        "text": "Which Uber link,?",
        "ts": "1516893049.000213"
    },
    {
        "type": "message",
        "user": "U746SCQ90",
        "text": "ok to above uber link",
        "ts": "1516893057.000887"
    },
    {
        "type": "message",
        "user": "U730RMBB3",
        "text": "the one i liked above",
        "ts": "1516893059.000858"
    },
    {
        "type": "message",
        "user": "U8HLU8SG0",
        "text": "Okay Sai",
        "ts": "1516893067.000845"
    },
    {
        "type": "message",
        "user": "U7DJKE1K5",
        "text": "Ok sai ",
        "ts": "1516893139.000138"
    },
    {
        "type": "message",
        "user": "U746RD3SN",
        "text": "FYI - In a call with AWS, they are stating that there are AWS cloud scripts on GITHUB for automation.",
        "ts": "1516895414.000539"
    },
    {
        "type": "message",
        "subtype": "file_share",
        "text": "<@U746RD3SN> uploaded a file: <https:\/\/mpinfotech.slack.com\/files\/U746RD3SN\/F8YS7301G\/devops_studio_deck.pdf|DevOps studio deck.pdf> and commented: DevOps",
        "file": {
            "id": "F8YS7301G",
            "created": 1516916267,
            "timestamp": 1516916267,
            "name": "DevOps studio deck.pdf",
            "title": "DevOps studio deck.pdf",
            "mimetype": "application\/pdf",
            "filetype": "pdf",
            "pretty_type": "PDF",
            "user": "U746RD3SN",
            "editable": false,
            "size": 565254,
            "mode": "hosted",
            "is_external": false,
            "external_type": "",
            "is_public": true,
            "public_url_shared": false,
            "display_as_bot": false,
            "username": "",
            "url_private": "https:\/\/files.slack.com\/files-pri\/T730RMB7T-F8YS7301G\/devops_studio_deck.pdf?t=xoxe-241025725265-384508339281-384508339409-5b92d26397ce6b615c24d77267fe6bb3",
            "url_private_download": "https:\/\/files.slack.com\/files-pri\/T730RMB7T-F8YS7301G\/download\/devops_studio_deck.pdf?t=xoxe-241025725265-384508339281-384508339409-5b92d26397ce6b615c24d77267fe6bb3",
            "thumb_pdf": "https:\/\/files.slack.com\/files-tmb\/T730RMB7T-F8YS7301G-10b5cdf7d2\/devops_studio_deck_thumb_pdf.png?t=xoxe-241025725265-384508339281-384508339409-5b92d26397ce6b615c24d77267fe6bb3",
            "thumb_pdf_w": 935,
            "thumb_pdf_h": 1210,
            "permalink": "https:\/\/mpinfotech.slack.com\/files\/U746RD3SN\/F8YS7301G\/devops_studio_deck.pdf",
            "permalink_public": "https:\/\/slack-files.com\/T730RMB7T-F8YS7301G-82070ede61",
            "channels": [],
            "groups": [],
            "ims": [],
            "comments_count": 1,
            "initial_comment": {
                "id": "Fc8YA1RAL9",
                "created": 1516916267,
                "timestamp": 1516916267,
                "user": "U746RD3SN",
                "is_intro": true,
                "comment": "DevOps"
            }
        },
        "user": "U746RD3SN",
        "upload": true,
        "display_as_bot": false,
        "username": "mmurali",
        "bot_id": null,
        "ts": "1516916269.000176"
    },
    {
        "type": "message",
        "user": "U8AJ8835X",
        "text": "hi everyone, i am preparing  to take aws certified developer associate exam. Please let me know any tips, study materials, sample ques if you know .",
        "ts": "1516948868.000054"
    },
    {
        "type": "message",
        "user": "U8AJ8835X",
        "text": "I am watching A Cloud Guru videos,doing Qwiklabs, and started reading FAQ's in aws website. Please let me know if you have any another study materials,tips, quiz, sample ques.",
        "edited": {
            "user": "U8AJ8835X",
            "ts": "1516949510.000000"
        },
        "ts": "1516949373.000041"
    },
    {
        "type": "message",
        "user": "U8B25LH0B",
        "text": "Learnt on codecommit,how to integrate github with codecommit and to integrate codecommit with jenkins.",
        "ts": "1516950620.000224"
    }
]