[
    {
        "type": "message",
        "user": "U730RMBB3",
        "text": "<@U98U42YGK> and <@U9MF5E7PF> both of you are getting unexpected error with AWS Opsworks right?",
        "ts": "1521227651.000624"
    },
    {
        "type": "message",
        "user": "U98U42YGK",
        "text": "yes <@U730RMBB3>",
        "ts": "1521227711.000031"
    },
    {
        "type": "message",
        "user": "U98U42YGK",
        "text": "we tried different Service role and instance profiles",
        "ts": "1521227754.000411"
    },
    {
        "type": "message",
        "user": "U98U42YGK",
        "text": "for some it says unexpected error and for some it is asking for permissions",
        "ts": "1521227776.000343"
    },
    {
        "type": "message",
        "user": "U730RMBB3",
        "text": "ok what other permissions is it asking for?",
        "ts": "1521227975.000346"
    },
    {
        "type": "message",
        "user": "U730RMBB3",
        "text": "can it list them?",
        "ts": "1521227980.000473"
    },
    {
        "type": "message",
        "user": "U9MF5E7PF",
        "text": "<@U730RMBB3> initially got the unexpected error may be bcoz its not listing any profiles under Instance profile.",
        "ts": "1521228222.000261"
    },
    {
        "type": "message",
        "user": "U9MF5E7PF",
        "text": "after give access I can able to create roles and able to see the roles. But while launching getting unauthorized error.",
        "ts": "1521228320.000399"
    },
    {
        "type": "message",
        "user": "U730RMBB3",
        "text": "try and see if it can autogenerate the roles",
        "ts": "1521228348.000388"
    },
    {
        "type": "message",
        "user": "U9MF5E7PF",
        "text": "when we select autogenarate getting 'Unexpected error.'",
        "ts": "1521228502.000109"
    },
    {
        "type": "message",
        "subtype": "file_share",
        "text": "<@U9MF5E7PF> uploaded a file: <https:\/\/mpinfotech.slack.com\/files\/U9MF5E7PF\/F9QRGMRK3\/unexpetederror.jpg|UnexpetedError.JPG>",
        "file": {
            "id": "F9QRGMRK3",
            "created": 1521228822,
            "timestamp": 1521228822,
            "name": "UnexpetedError.JPG",
            "title": "UnexpetedError.JPG",
            "mimetype": "image\/jpeg",
            "filetype": "jpg",
            "pretty_type": "JPEG",
            "user": "U9MF5E7PF",
            "editable": false,
            "size": 45685,
            "mode": "hosted",
            "is_external": false,
            "external_type": "",
            "is_public": true,
            "public_url_shared": false,
            "display_as_bot": false,
            "username": "",
            "url_private": "https:\/\/files.slack.com\/files-pri\/T730RMB7T-F9QRGMRK3\/unexpetederror.jpg?t=xoxe-241025725265-384508339281-384508339409-5b92d26397ce6b615c24d77267fe6bb3",
            "url_private_download": "https:\/\/files.slack.com\/files-pri\/T730RMB7T-F9QRGMRK3\/download\/unexpetederror.jpg?t=xoxe-241025725265-384508339281-384508339409-5b92d26397ce6b615c24d77267fe6bb3",
            "thumb_64": "https:\/\/files.slack.com\/files-tmb\/T730RMB7T-F9QRGMRK3-f40612a54e\/unexpetederror_64.jpg?t=xoxe-241025725265-384508339281-384508339409-5b92d26397ce6b615c24d77267fe6bb3",
            "thumb_80": "https:\/\/files.slack.com\/files-tmb\/T730RMB7T-F9QRGMRK3-f40612a54e\/unexpetederror_80.jpg?t=xoxe-241025725265-384508339281-384508339409-5b92d26397ce6b615c24d77267fe6bb3",
            "thumb_360": "https:\/\/files.slack.com\/files-tmb\/T730RMB7T-F9QRGMRK3-f40612a54e\/unexpetederror_360.jpg?t=xoxe-241025725265-384508339281-384508339409-5b92d26397ce6b615c24d77267fe6bb3",
            "thumb_360_w": 360,
            "thumb_360_h": 184,
            "thumb_480": "https:\/\/files.slack.com\/files-tmb\/T730RMB7T-F9QRGMRK3-f40612a54e\/unexpetederror_480.jpg?t=xoxe-241025725265-384508339281-384508339409-5b92d26397ce6b615c24d77267fe6bb3",
            "thumb_480_w": 480,
            "thumb_480_h": 245,
            "thumb_160": "https:\/\/files.slack.com\/files-tmb\/T730RMB7T-F9QRGMRK3-f40612a54e\/unexpetederror_160.jpg?t=xoxe-241025725265-384508339281-384508339409-5b92d26397ce6b615c24d77267fe6bb3",
            "thumb_720": "https:\/\/files.slack.com\/files-tmb\/T730RMB7T-F9QRGMRK3-f40612a54e\/unexpetederror_720.jpg?t=xoxe-241025725265-384508339281-384508339409-5b92d26397ce6b615c24d77267fe6bb3",
            "thumb_720_w": 720,
            "thumb_720_h": 368,
            "thumb_800": "https:\/\/files.slack.com\/files-tmb\/T730RMB7T-F9QRGMRK3-f40612a54e\/unexpetederror_800.jpg?t=xoxe-241025725265-384508339281-384508339409-5b92d26397ce6b615c24d77267fe6bb3",
            "thumb_800_w": 800,
            "thumb_800_h": 408,
            "image_exif_rotation": 1,
            "original_w": 958,
            "original_h": 489,
            "permalink": "https:\/\/mpinfotech.slack.com\/files\/U9MF5E7PF\/F9QRGMRK3\/unexpetederror.jpg",
            "permalink_public": "https:\/\/slack-files.com\/T730RMB7T-F9QRGMRK3-55352ba748",
            "channels": [],
            "groups": [],
            "ims": [],
            "comments_count": 0
        },
        "user": "U9MF5E7PF",
        "upload": true,
        "display_as_bot": false,
        "username": "sreddy",
        "bot_id": null,
        "ts": "1521228825.000162"
    },
    {
        "type": "message",
        "user": "U98U42YGK",
        "text": "whenever You generate a new one it is creating new service role and instance profile",
        "ts": "1521229003.000204"
    },
    {
        "type": "message",
        "user": "U98U42YGK",
        "text": "we need to match the generated one i guess",
        "ts": "1521229035.000043"
    }
]