[
    {
        "type": "message",
        "user": "U746SCQ90",
        "text": "yaswanth",
        "attachments": [
            {
                "service_name": "UberConference",
                "title": "UberConference - The Best Free Conference Call",
                "title_link": "https:\/\/www.uberconference.com\/psai6",
                "text": "UberConference provides a rich visual interface for conference calls. Simple, visual, and free to use, it's audio conferencing done right. Easily set up and join free conference calls, see who is in the conference, who is talking, and use powerful conferencing features.",
                "fallback": "UberConference: UberConference - The Best Free Conference Call",
                "thumb_url": "https:\/\/www.uberconference.com\/static\/img2\/uberconference.jpg",
                "thumb_width": 900,
                "thumb_height": 899,
                "service_icon": "https:\/\/www.uberconference.com\/static\/img2\/apple-touch-icon-320x320-precomposed.png",
                "id": 1,
                "color": "D0D0D0",
                "from_url": "https:\/\/mpinfotech.slack.com\/archives\/C74DS1P5L\/p1516892654000479",
                "is_share": true
            }
        ],
        "ts": "1517929842.000512"
    },
    {
        "type": "message",
        "user": "U730RMBB3",
        "text": "I took the instance and made an AMI image out of it\nSo next time we need Nexus we can simply use the AMI instead of having to go through the installation process again",
        "ts": "1517940206.000371"
    }
]