[
    {
        "type": "message",
        "user": "U746RD3SN",
        "text": "Vidyulatha, I have added a page for Project - CTRM, all documents are uploaded.",
        "client_msg_id": "67839c90-036b-4907-b563-bfc0734b903d",
        "ts": "1528685925.000186"
    },
    {
        "type": "message",
        "user": "U746RD3SN",
        "text": "<https:\/\/mpinfotech.atlassian.net\/wiki\/spaces\/TEC\/pages\/161644545\/Project+-+CTRM?atlOrigin=eyJpIjoiZmNjNjRkMDUwNjdlNDhiNDkxYzVmZmNiOTUwMTU2ZGYiLCJwIjoiYyJ9>",
        "client_msg_id": "b717ba07-2255-4392-bbee-5d26aba147eb",
        "ts": "1528685935.000142"
    },
    {
        "type": "message",
        "user": "U746RD3SN",
        "text": "Team, we now have Linuxacademy,com educational site. Anyone who needs credentials message me.",
        "client_msg_id": "202c85ef-2914-4215-90d3-489843cb4e19",
        "ts": "1528686080.000052"
    }
]