[
    {
        "type": "message",
        "user": "U730RMBB3",
        "text": "<https:\/\/docs.aws.amazon.com\/lambda\/latest\/dg\/test-sam-cli.html>\nDevs, especially <@U8B25LH0B> <@U8AJ8835X> please look at this tool called SAM CLI because this method will allow you to test Lambda code locally instead of having to test in he cloud.\n\nPlease note that this is still a beta service so I do recommend testing on the real Lambda service just in case this SAM CLI might be buggy at some points.",
        "attachments": [
            {
                "title": "Test Your Serverless Applications Locally Using SAM CLI (Public Beta) - AWS Lambda",
                "title_link": "https:\/\/docs.aws.amazon.com\/lambda\/latest\/dg\/test-sam-cli.html",
                "text": "AWS SAM is a fast and easy way of deploying your serverless applications, allowing you to write simple templates to describe your functions and their event sources (Amazon API Gateway, Amazon S3, Kinesis, and so on).",
                "fallback": "Test Your Serverless Applications Locally Using SAM CLI (Public Beta) - AWS Lambda",
                "from_url": "https:\/\/docs.aws.amazon.com\/lambda\/latest\/dg\/test-sam-cli.html",
                "service_icon": "https:\/\/docs.aws.amazon.com\/images\/favicon.ico",
                "service_name": "docs.aws.amazon.com",
                "id": 1,
                "original_url": "https:\/\/docs.aws.amazon.com\/lambda\/latest\/dg\/test-sam-cli.html"
            }
        ],
        "edited": {
            "user": "U730RMBB3",
            "ts": "1526410014.000000"
        },
        "ts": "1526409992.000574"
    },
    {
        "type": "message",
        "user": "U8AJ8835X",
        "text": "Ok Sai, will use try to use it before testing on real Lambda.",
        "ts": "1526410148.000264"
    }
]