[
    {
        "text": "",
        "bot_id": "BAS54HT08",
        "attachments": [
            {
                "fallback": "pyt - #24 Started by user admin (<http:\/\/54.175.197.219:8080\/job\/pyt\/24\/display\/redirect|Open>)",
                "id": 1,
                "color": "2eb886",
                "fields": [
                    {
                        "title": "",
                        "value": "pyt - #24 Started by user admin (<http:\/\/54.175.197.219:8080\/job\/pyt\/24\/display\/redirect|Open>)",
                        "short": false
                    }
                ],
                "mrkdwn_in": [
                    "pretext",
                    "text",
                    "fields"
                ]
            }
        ],
        "type": "message",
        "subtype": "bot_message",
        "ts": "1527625925.000667"
    }
]