[
    {
        "text": "removed an integration from this channel: <https:\/\/mpinfotech.slack.com\/services\/B9VH6G1RP|jenkins>",
        "bot_id": "B9VH6G1RP",
        "bot_link": "<https:\/\/mpinfotech.slack.com\/services\/B9VH6G1RP|jenkins>",
        "type": "message",
        "subtype": "bot_remove",
        "user": "U9MF5E7PF",
        "ts": "1526755178.000111"
    },
    {
        "text": "added an integration to this channel: <https:\/\/mpinfotech.slack.com\/services\/BAS54HT08|jenkins>",
        "bot_id": "BAS54HT08",
        "bot_link": "<https:\/\/mpinfotech.slack.com\/services\/BAS54HT08|jenkins>",
        "type": "message",
        "subtype": "bot_add",
        "user": "U9MF5E7PF",
        "ts": "1526755211.000068"
    },
    {
        "text": "",
        "bot_id": "BAS54HT08",
        "attachments": [
            {
                "fallback": "Slack\/Jenkins plugin: you're all set on <http:\/\/54.175.197.219:8080\/>",
                "id": 1,
                "color": "2eb886",
                "fields": [
                    {
                        "title": "",
                        "value": "Slack\/Jenkins plugin: you're all set on <http:\/\/54.175.197.219:8080\/>",
                        "short": false
                    }
                ],
                "mrkdwn_in": [
                    "pretext",
                    "text",
                    "fields"
                ]
            }
        ],
        "type": "message",
        "subtype": "bot_message",
        "ts": "1526755296.000098"
    },
    {
        "text": "",
        "bot_id": "BAS54HT08",
        "attachments": [
            {
                "fallback": "Slack\/Jenkins plugin: you're all set on <http:\/\/54.175.197.219:8080\/>",
                "id": 1,
                "color": "2eb886",
                "fields": [
                    {
                        "title": "",
                        "value": "Slack\/Jenkins plugin: you're all set on <http:\/\/54.175.197.219:8080\/>",
                        "short": false
                    }
                ],
                "mrkdwn_in": [
                    "pretext",
                    "text",
                    "fields"
                ]
            }
        ],
        "type": "message",
        "subtype": "bot_message",
        "ts": "1526755749.000081"
    },
    {
        "text": "",
        "bot_id": "BAS54HT08",
        "attachments": [
            {
                "fallback": "pyt - #17 Started by user admin (<http:\/\/54.175.197.219:8080\/job\/pyt\/17\/display\/redirect|Open>)",
                "id": 1,
                "color": "2eb886",
                "fields": [
                    {
                        "title": "",
                        "value": "pyt - #17 Started by user admin (<http:\/\/54.175.197.219:8080\/job\/pyt\/17\/display\/redirect|Open>)",
                        "short": false
                    }
                ],
                "mrkdwn_in": [
                    "pretext",
                    "text",
                    "fields"
                ]
            }
        ],
        "type": "message",
        "subtype": "bot_message",
        "ts": "1526755782.000027"
    },
    {
        "text": "",
        "bot_id": "BAS54HT08",
        "attachments": [
            {
                "fallback": "pyt - #17 Success after 1 min 21 sec (<http:\/\/54.175.197.219:8080\/job\/pyt\/17\/display\/redirect|Open>)",
                "id": 1,
                "color": "2eb886",
                "fields": [
                    {
                        "title": "",
                        "value": "pyt - #17 Success after 1 min 21 sec (<http:\/\/54.175.197.219:8080\/job\/pyt\/17\/display\/redirect|Open>)",
                        "short": false
                    }
                ],
                "mrkdwn_in": [
                    "pretext",
                    "text",
                    "fields"
                ]
            }
        ],
        "type": "message",
        "subtype": "bot_message",
        "ts": "1526755863.000075"
    },
    {
        "text": "added an integration to this channel: <https:\/\/mpinfotech.slack.com\/services\/BATT21FD5|incoming-webhook>",
        "bot_id": "BATT21FD5",
        "bot_link": "<https:\/\/mpinfotech.slack.com\/services\/BATT21FD5|incoming-webhook>",
        "type": "message",
        "subtype": "bot_add",
        "user": "U9MF5E7PF",
        "ts": "1526756066.000129"
    },
    {
        "text": "",
        "username": "incoming-webhook",
        "bot_id": "BATT21FD5",
        "attachments": [
            {
                "fallback": "Welcome to Jenkins, Slack!",
                "id": 1,
                "color": "2eb886",
                "fields": [
                    {
                        "title": "",
                        "value": "Welcome to Jenkins, Slack!",
                        "short": false
                    }
                ],
                "mrkdwn_in": [
                    "pretext",
                    "text",
                    "fields"
                ]
            }
        ],
        "type": "message",
        "subtype": "bot_message",
        "ts": "1526756472.000136"
    },
    {
        "text": "",
        "username": "incoming-webhook",
        "bot_id": "BATT21FD5",
        "attachments": [
            {
                "fallback": "Welcome to Jenkins, Slack!",
                "id": 1,
                "color": "2eb886",
                "fields": [
                    {
                        "title": "",
                        "value": "Welcome to Jenkins, Slack!",
                        "short": false
                    }
                ],
                "mrkdwn_in": [
                    "pretext",
                    "text",
                    "fields"
                ]
            }
        ],
        "type": "message",
        "subtype": "bot_message",
        "ts": "1526756562.000025"
    },
    {
        "text": "",
        "username": "incoming-webhook",
        "bot_id": "BATT21FD5",
        "attachments": [
            {
                "fallback": "Welcome to Jenkins, Slack!",
                "id": 1,
                "color": "2eb886",
                "fields": [
                    {
                        "title": "",
                        "value": "Welcome to Jenkins, Slack!",
                        "short": false
                    }
                ],
                "mrkdwn_in": [
                    "pretext",
                    "text",
                    "fields"
                ]
            }
        ],
        "type": "message",
        "subtype": "bot_message",
        "ts": "1526758257.000086"
    },
    {
        "text": "",
        "username": "incoming-webhook",
        "bot_id": "BATT21FD5",
        "attachments": [
            {
                "fallback": "Job run from Jenkins(<http:\/\/54.175.197.219:8080\/job\/java>)!",
                "id": 1,
                "color": "2eb886",
                "fields": [
                    {
                        "title": "",
                        "value": "Job run from Jenkins(<http:\/\/54.175.197.219:8080\/job\/java>)!",
                        "short": false
                    }
                ],
                "mrkdwn_in": [
                    "pretext",
                    "text",
                    "fields"
                ]
            }
        ],
        "type": "message",
        "subtype": "bot_message",
        "ts": "1526758426.000036"
    }
]