[
    {
        "text": "",
        "bot_id": "BAS54HT08",
        "attachments": [
            {
                "fallback": "pyt - #19 Started by upstream project \"codeanalysis\" build number 20 (<http:\/\/54.175.197.219:8080\/job\/pyt\/19\/display\/redirect|Open>)",
                "id": 1,
                "color": "2eb886",
                "fields": [
                    {
                        "title": "",
                        "value": "pyt - #19 Started by upstream project \"codeanalysis\" build number 20 (<http:\/\/54.175.197.219:8080\/job\/pyt\/19\/display\/redirect|Open>)",
                        "short": false
                    }
                ],
                "mrkdwn_in": [
                    "pretext",
                    "text",
                    "fields"
                ]
            }
        ],
        "type": "message",
        "subtype": "bot_message",
        "ts": "1527091142.000005"
    },
    {
        "text": "",
        "bot_id": "BAS54HT08",
        "attachments": [
            {
                "fallback": "pyt - #19 Success after 1 min 22 sec (<http:\/\/54.175.197.219:8080\/job\/pyt\/19\/display\/redirect|Open>)",
                "id": 1,
                "color": "2eb886",
                "fields": [
                    {
                        "title": "",
                        "value": "pyt - #19 Success after 1 min 22 sec (<http:\/\/54.175.197.219:8080\/job\/pyt\/19\/display\/redirect|Open>)",
                        "short": false
                    }
                ],
                "mrkdwn_in": [
                    "pretext",
                    "text",
                    "fields"
                ]
            }
        ],
        "type": "message",
        "subtype": "bot_message",
        "ts": "1527091223.000766"
    },
    {
        "text": "",
        "bot_id": "BAS54HT08",
        "attachments": [
            {
                "fallback": "pyt - #20 Started by upstream project \"codeanalysis\" build number 21 (<http:\/\/54.175.197.219:8080\/job\/pyt\/20\/display\/redirect|Open>)",
                "id": 1,
                "color": "2eb886",
                "fields": [
                    {
                        "title": "",
                        "value": "pyt - #20 Started by upstream project \"codeanalysis\" build number 21 (<http:\/\/54.175.197.219:8080\/job\/pyt\/20\/display\/redirect|Open>)",
                        "short": false
                    }
                ],
                "mrkdwn_in": [
                    "pretext",
                    "text",
                    "fields"
                ]
            }
        ],
        "type": "message",
        "subtype": "bot_message",
        "ts": "1527091356.000960"
    },
    {
        "text": "",
        "bot_id": "BAS54HT08",
        "attachments": [
            {
                "fallback": "pyt - #20 Success after 1 min 21 sec (<http:\/\/54.175.197.219:8080\/job\/pyt\/20\/display\/redirect|Open>)",
                "id": 1,
                "color": "2eb886",
                "fields": [
                    {
                        "title": "",
                        "value": "pyt - #20 Success after 1 min 21 sec (<http:\/\/54.175.197.219:8080\/job\/pyt\/20\/display\/redirect|Open>)",
                        "short": false
                    }
                ],
                "mrkdwn_in": [
                    "pretext",
                    "text",
                    "fields"
                ]
            }
        ],
        "type": "message",
        "subtype": "bot_message",
        "ts": "1527091438.000238"
    },
    {
        "text": "",
        "bot_id": "BAS54HT08",
        "attachments": [
            {
                "fallback": "pyt - #21 Started by upstream project \"codeanalysis\" build number 22 (<http:\/\/54.175.197.219:8080\/job\/pyt\/21\/display\/redirect|Open>)",
                "id": 1,
                "color": "2eb886",
                "fields": [
                    {
                        "title": "",
                        "value": "pyt - #21 Started by upstream project \"codeanalysis\" build number 22 (<http:\/\/54.175.197.219:8080\/job\/pyt\/21\/display\/redirect|Open>)",
                        "short": false
                    }
                ],
                "mrkdwn_in": [
                    "pretext",
                    "text",
                    "fields"
                ]
            }
        ],
        "type": "message",
        "subtype": "bot_message",
        "ts": "1527091716.000949"
    },
    {
        "text": "",
        "bot_id": "BAS54HT08",
        "attachments": [
            {
                "fallback": "pyt - #21 Success after 1 min 22 sec (<http:\/\/54.175.197.219:8080\/job\/pyt\/21\/display\/redirect|Open>)",
                "id": 1,
                "color": "2eb886",
                "fields": [
                    {
                        "title": "",
                        "value": "pyt - #21 Success after 1 min 22 sec (<http:\/\/54.175.197.219:8080\/job\/pyt\/21\/display\/redirect|Open>)",
                        "short": false
                    }
                ],
                "mrkdwn_in": [
                    "pretext",
                    "text",
                    "fields"
                ]
            }
        ],
        "type": "message",
        "subtype": "bot_message",
        "ts": "1527091798.000330"
    },
    {
        "text": "",
        "bot_id": "BAS54HT08",
        "attachments": [
            {
                "fallback": "pyt - #22 Started by upstream project \"codeanalysis\" build number 23 (<http:\/\/54.175.197.219:8080\/job\/pyt\/22\/display\/redirect|Open>)",
                "id": 1,
                "color": "2eb886",
                "fields": [
                    {
                        "title": "",
                        "value": "pyt - #22 Started by upstream project \"codeanalysis\" build number 23 (<http:\/\/54.175.197.219:8080\/job\/pyt\/22\/display\/redirect|Open>)",
                        "short": false
                    }
                ],
                "mrkdwn_in": [
                    "pretext",
                    "text",
                    "fields"
                ]
            }
        ],
        "type": "message",
        "subtype": "bot_message",
        "ts": "1527091971.000682"
    },
    {
        "text": "",
        "bot_id": "BAS54HT08",
        "attachments": [
            {
                "fallback": "pyt - #22 Success after 1 min 22 sec (<http:\/\/54.175.197.219:8080\/job\/pyt\/22\/display\/redirect|Open>)",
                "id": 1,
                "color": "2eb886",
                "fields": [
                    {
                        "title": "",
                        "value": "pyt - #22 Success after 1 min 22 sec (<http:\/\/54.175.197.219:8080\/job\/pyt\/22\/display\/redirect|Open>)",
                        "short": false
                    }
                ],
                "mrkdwn_in": [
                    "pretext",
                    "text",
                    "fields"
                ]
            }
        ],
        "type": "message",
        "subtype": "bot_message",
        "ts": "1527092053.000221"
    },
    {
        "text": "",
        "bot_id": "BAS54HT08",
        "attachments": [
            {
                "fallback": "pyt - #23 Started by user admin (<http:\/\/54.175.197.219:8080\/job\/pyt\/23\/display\/redirect|Open>)",
                "id": 1,
                "color": "2eb886",
                "fields": [
                    {
                        "title": "",
                        "value": "pyt - #23 Started by user admin (<http:\/\/54.175.197.219:8080\/job\/pyt\/23\/display\/redirect|Open>)",
                        "short": false
                    }
                ],
                "mrkdwn_in": [
                    "pretext",
                    "text",
                    "fields"
                ]
            }
        ],
        "type": "message",
        "subtype": "bot_message",
        "ts": "1527093769.000660"
    },
    {
        "text": "",
        "bot_id": "BAS54HT08",
        "attachments": [
            {
                "fallback": "pyt - #23 Success after 1 min 22 sec (<http:\/\/54.175.197.219:8080\/job\/pyt\/23\/display\/redirect|Open>)",
                "id": 1,
                "color": "2eb886",
                "fields": [
                    {
                        "title": "",
                        "value": "pyt - #23 Success after 1 min 22 sec (<http:\/\/54.175.197.219:8080\/job\/pyt\/23\/display\/redirect|Open>)",
                        "short": false
                    }
                ],
                "mrkdwn_in": [
                    "pretext",
                    "text",
                    "fields"
                ]
            }
        ],
        "type": "message",
        "subtype": "bot_message",
        "ts": "1527093851.000275"
    },
    {
        "user": "U730RMBB3",
        "text": "<@U730RMBB3> has joined the channel",
        "type": "message",
        "subtype": "channel_join",
        "ts": "1527104179.000546"
    }
]