[
    {
        "user": "U9MF5E7PF",
        "text": "<@U9MF5E7PF> has joined the channel",
        "type": "message",
        "subtype": "channel_join",
        "ts": "1522071175.000644"
    },
    {
        "user": "U9WFDH45D",
        "inviter": "U9MF5E7PF",
        "text": "<@U9WFDH45D> has joined the channel",
        "type": "message",
        "subtype": "channel_join",
        "ts": "1522071176.000058"
    },
    {
        "user": "U9MF5E7PF",
        "purpose": "Jenkins jobs notification channel",
        "text": "<@U9MF5E7PF> set the channel purpose: Jenkins jobs notification channel",
        "type": "message",
        "subtype": "channel_purpose",
        "ts": "1522071176.000096"
    },
    {
        "text": "added an integration to this channel: <https:\/\/mpinfotech.slack.com\/services\/B9VH6G1RP|jenkins>",
        "bot_id": "B9VH6G1RP",
        "bot_link": "<https:\/\/mpinfotech.slack.com\/services\/B9VH6G1RP|jenkins>",
        "type": "message",
        "subtype": "bot_add",
        "user": "U9MF5E7PF",
        "ts": "1522072211.000377"
    },
    {
        "text": "",
        "bot_id": "B9VH6G1RP",
        "attachments": [
            {
                "fallback": "Slack\/Jenkins plugin: you're all set on <http:\/\/35.164.208.111:8080\/>",
                "id": 1,
                "color": "2eb886",
                "fields": [
                    {
                        "title": "",
                        "value": "Slack\/Jenkins plugin: you're all set on <http:\/\/35.164.208.111:8080\/>",
                        "short": false
                    }
                ],
                "mrkdwn_in": [
                    "pretext",
                    "text",
                    "fields"
                ]
            }
        ],
        "type": "message",
        "subtype": "bot_message",
        "ts": "1522076234.000797"
    },
    {
        "text": "",
        "bot_id": "B9VH6G1RP",
        "attachments": [
            {
                "fallback": "Build - #4 Success after 15 ms (<http:\/\/35.164.208.111:8080\/job\/Build\/4\/display\/redirect|Open>)",
                "id": 1,
                "color": "2eb886",
                "fields": [
                    {
                        "title": "",
                        "value": "Build - #4 Success after 15 ms (<http:\/\/35.164.208.111:8080\/job\/Build\/4\/display\/redirect|Open>)",
                        "short": false
                    }
                ],
                "mrkdwn_in": [
                    "pretext",
                    "text",
                    "fields"
                ]
            }
        ],
        "type": "message",
        "subtype": "bot_message",
        "ts": "1522076253.000389"
    }
]