[
    {
        "text": "",
        "username": "incoming-webhook",
        "bot_id": "BATT21FD5",
        "attachments": [
            {
                "fallback": "Welcome to Jenkins, Slack!",
                "id": 1,
                "color": "2eb886",
                "fields": [
                    {
                        "title": "",
                        "value": "Welcome to Jenkins, Slack!",
                        "short": false
                    }
                ],
                "mrkdwn_in": [
                    "pretext",
                    "text",
                    "fields"
                ]
            }
        ],
        "type": "message",
        "subtype": "bot_message",
        "ts": "1528730471.000561"
    },
    {
        "text": "",
        "username": "incoming-webhook",
        "bot_id": "BATT21FD5",
        "attachments": [
            {
                "fallback": "Welcome to Jenkins, Slack!",
                "id": 1,
                "color": "2eb886",
                "fields": [
                    {
                        "title": "",
                        "value": "Welcome to Jenkins, Slack!",
                        "short": false
                    }
                ],
                "mrkdwn_in": [
                    "pretext",
                    "text",
                    "fields"
                ]
            }
        ],
        "type": "message",
        "subtype": "bot_message",
        "ts": "1528732529.000417"
    },
    {
        "text": "",
        "username": "incoming-webhook",
        "bot_id": "BATT21FD5",
        "attachments": [
            {
                "fallback": "Welcome to Jenkins, Slack!",
                "id": 1,
                "color": "2eb886",
                "fields": [
                    {
                        "title": "",
                        "value": "Welcome to Jenkins, Slack!",
                        "short": false
                    }
                ],
                "mrkdwn_in": [
                    "pretext",
                    "text",
                    "fields"
                ]
            }
        ],
        "type": "message",
        "subtype": "bot_message",
        "ts": "1528733133.000310"
    },
    {
        "text": "",
        "username": "incoming-webhook",
        "bot_id": "BATT21FD5",
        "attachments": [
            {
                "fallback": "Welcome to Jenkins, Slack!",
                "id": 1,
                "color": "2eb886",
                "fields": [
                    {
                        "title": "",
                        "value": "Welcome to Jenkins, Slack!",
                        "short": false
                    }
                ],
                "mrkdwn_in": [
                    "pretext",
                    "text",
                    "fields"
                ]
            }
        ],
        "type": "message",
        "subtype": "bot_message",
        "ts": "1528733183.000589"
    },
    {
        "text": "",
        "username": "incoming-webhook",
        "bot_id": "BATT21FD5",
        "attachments": [
            {
                "fallback": "Welcome to Jenkins, Slack!",
                "id": 1,
                "color": "2eb886",
                "fields": [
                    {
                        "title": "",
                        "value": "Welcome to Jenkins, Slack!",
                        "short": false
                    }
                ],
                "mrkdwn_in": [
                    "pretext",
                    "text",
                    "fields"
                ]
            }
        ],
        "type": "message",
        "subtype": "bot_message",
        "ts": "1528734355.000474"
    },
    {
        "text": "",
        "username": "incoming-webhook",
        "bot_id": "BATT21FD5",
        "attachments": [
            {
                "fallback": "Welcome to Jenkins, Slack!",
                "id": 1,
                "color": "2eb886",
                "fields": [
                    {
                        "title": "",
                        "value": "Welcome to Jenkins, Slack!",
                        "short": false
                    }
                ],
                "mrkdwn_in": [
                    "pretext",
                    "text",
                    "fields"
                ]
            }
        ],
        "type": "message",
        "subtype": "bot_message",
        "ts": "1528734395.000451"
    }
]