[
    {
        "text": "",
        "bot_id": "BAS54HT08",
        "attachments": [
            {
                "fallback": "pyt - #27 Started by upstream project \"codeanalysis\" build number 26 (<http:\/\/54.175.197.219:8080\/job\/pyt\/27\/display\/redirect|Open>)",
                "id": 1,
                "color": "2eb886",
                "fields": [
                    {
                        "title": "",
                        "value": "pyt - #27 Started by upstream project \"codeanalysis\" build number 26 (<http:\/\/54.175.197.219:8080\/job\/pyt\/27\/display\/redirect|Open>)",
                        "short": false
                    }
                ],
                "mrkdwn_in": [
                    "pretext",
                    "text",
                    "fields"
                ]
            }
        ],
        "type": "message",
        "subtype": "bot_message",
        "ts": "1528390091.000783"
    },
    {
        "text": "",
        "bot_id": "BAS54HT08",
        "attachments": [
            {
                "fallback": "pyt - #27 Success after 1 min 33 sec (<http:\/\/54.175.197.219:8080\/job\/pyt\/27\/display\/redirect|Open>)",
                "id": 1,
                "color": "2eb886",
                "fields": [
                    {
                        "title": "",
                        "value": "pyt - #27 Success after 1 min 33 sec (<http:\/\/54.175.197.219:8080\/job\/pyt\/27\/display\/redirect|Open>)",
                        "short": false
                    }
                ],
                "mrkdwn_in": [
                    "pretext",
                    "text",
                    "fields"
                ]
            }
        ],
        "type": "message",
        "subtype": "bot_message",
        "ts": "1528390179.000059"
    },
    {
        "text": "",
        "bot_id": "BAS54HT08",
        "attachments": [
            {
                "fallback": "pyt - #28 Started by upstream project \"codeanalysis\" build number 27 (<http:\/\/54.175.197.219:8080\/job\/pyt\/28\/display\/redirect|Open>)",
                "id": 1,
                "color": "2eb886",
                "fields": [
                    {
                        "title": "",
                        "value": "pyt - #28 Started by upstream project \"codeanalysis\" build number 27 (<http:\/\/54.175.197.219:8080\/job\/pyt\/28\/display\/redirect|Open>)",
                        "short": false
                    }
                ],
                "mrkdwn_in": [
                    "pretext",
                    "text",
                    "fields"
                ]
            }
        ],
        "type": "message",
        "subtype": "bot_message",
        "ts": "1528390181.000386"
    },
    {
        "text": "",
        "bot_id": "BAS54HT08",
        "attachments": [
            {
                "fallback": "pyt - #28 Success after 1 min 23 sec (<http:\/\/54.175.197.219:8080\/job\/pyt\/28\/display\/redirect|Open>)",
                "id": 1,
                "color": "2eb886",
                "fields": [
                    {
                        "title": "",
                        "value": "pyt - #28 Success after 1 min 23 sec (<http:\/\/54.175.197.219:8080\/job\/pyt\/28\/display\/redirect|Open>)",
                        "short": false
                    }
                ],
                "mrkdwn_in": [
                    "pretext",
                    "text",
                    "fields"
                ]
            }
        ],
        "type": "message",
        "subtype": "bot_message",
        "ts": "1528390262.000693"
    }
]