[
    {
        "text": "",
        "bot_id": "BAS54HT08",
        "attachments": [
            {
                "fallback": "pyt - #18 Started by upstream project \"codeanalysis\" build number 19 (<http:\/\/54.175.197.219:8080\/job\/pyt\/18\/display\/redirect|Open>)",
                "id": 1,
                "color": "2eb886",
                "fields": [
                    {
                        "title": "",
                        "value": "pyt - #18 Started by upstream project \"codeanalysis\" build number 19 (<http:\/\/54.175.197.219:8080\/job\/pyt\/18\/display\/redirect|Open>)",
                        "short": false
                    }
                ],
                "mrkdwn_in": [
                    "pretext",
                    "text",
                    "fields"
                ]
            }
        ],
        "type": "message",
        "subtype": "bot_message",
        "ts": "1527029375.000014"
    },
    {
        "text": "",
        "bot_id": "BAS54HT08",
        "attachments": [
            {
                "fallback": "pyt - #18 Success after 1 min 22 sec (<http:\/\/54.175.197.219:8080\/job\/pyt\/18\/display\/redirect|Open>)",
                "id": 1,
                "color": "2eb886",
                "fields": [
                    {
                        "title": "",
                        "value": "pyt - #18 Success after 1 min 22 sec (<http:\/\/54.175.197.219:8080\/job\/pyt\/18\/display\/redirect|Open>)",
                        "short": false
                    }
                ],
                "mrkdwn_in": [
                    "pretext",
                    "text",
                    "fields"
                ]
            }
        ],
        "type": "message",
        "subtype": "bot_message",
        "ts": "1527029456.000213"
    }
]