[
    {
        "text": "",
        "bot_id": "BAS54HT08",
        "attachments": [
            {
                "fallback": "pyt - #25 Started by user admin (<http:\/\/54.175.197.219:8080\/job\/pyt\/25\/display\/redirect|Open>)",
                "id": 1,
                "color": "a30200",
                "fields": [
                    {
                        "title": "",
                        "value": "pyt - #25 Started by user admin (<http:\/\/54.175.197.219:8080\/job\/pyt\/25\/display\/redirect|Open>)",
                        "short": false
                    }
                ],
                "mrkdwn_in": [
                    "pretext",
                    "text",
                    "fields"
                ]
            }
        ],
        "type": "message",
        "subtype": "bot_message",
        "ts": "1527743121.000208"
    },
    {
        "text": "",
        "bot_id": "BAS54HT08",
        "attachments": [
            {
                "fallback": "pyt - #25 Success after 1 min 17 sec (<http:\/\/54.175.197.219:8080\/job\/pyt\/25\/display\/redirect|Open>)",
                "id": 1,
                "color": "2eb886",
                "fields": [
                    {
                        "title": "",
                        "value": "pyt - #25 Success after 1 min 17 sec (<http:\/\/54.175.197.219:8080\/job\/pyt\/25\/display\/redirect|Open>)",
                        "short": false
                    }
                ],
                "mrkdwn_in": [
                    "pretext",
                    "text",
                    "fields"
                ]
            }
        ],
        "type": "message",
        "subtype": "bot_message",
        "ts": "1527743193.000224"
    },
    {
        "text": "",
        "bot_id": "BAS54HT08",
        "attachments": [
            {
                "fallback": "pyt - #26 Started by user admin (<http:\/\/54.175.197.219:8080\/job\/pyt\/26\/display\/redirect|Open>)",
                "id": 1,
                "color": "2eb886",
                "fields": [
                    {
                        "title": "",
                        "value": "pyt - #26 Started by user admin (<http:\/\/54.175.197.219:8080\/job\/pyt\/26\/display\/redirect|Open>)",
                        "short": false
                    }
                ],
                "mrkdwn_in": [
                    "pretext",
                    "text",
                    "fields"
                ]
            }
        ],
        "type": "message",
        "subtype": "bot_message",
        "ts": "1527744700.000105"
    },
    {
        "text": "",
        "bot_id": "BAS54HT08",
        "attachments": [
            {
                "fallback": "pyt - #26 Success after 1 min 30 sec (<http:\/\/54.175.197.219:8080\/job\/pyt\/26\/display\/redirect|Open>)",
                "id": 1,
                "color": "2eb886",
                "fields": [
                    {
                        "title": "",
                        "value": "pyt - #26 Success after 1 min 30 sec (<http:\/\/54.175.197.219:8080\/job\/pyt\/26\/display\/redirect|Open>)",
                        "short": false
                    }
                ],
                "mrkdwn_in": [
                    "pretext",
                    "text",
                    "fields"
                ]
            }
        ],
        "type": "message",
        "subtype": "bot_message",
        "ts": "1527744783.000253"
    }
]