[
    {
        "text": "",
        "username": "incoming-webhook",
        "bot_id": "BATT21FD5",
        "attachments": [
            {
                "fallback": "Job run from Jenkins(<http:\/\/54.175.197.219:8080\/job\/java>)!",
                "id": 1,
                "color": "2eb886",
                "fields": [
                    {
                        "title": "",
                        "value": "Job run from Jenkins(<http:\/\/54.175.197.219:8080\/job\/java>)!",
                        "short": false
                    }
                ],
                "mrkdwn_in": [
                    "pretext",
                    "text",
                    "fields"
                ]
            }
        ],
        "type": "message",
        "subtype": "bot_message",
        "ts": "1526917883.000404"
    }
]