[
    {
        "user": "U746RD3SN",
        "purpose": "To develop the DevOps Studio Product",
        "text": "<@U746RD3SN> set the channel purpose: To develop the DevOps Studio Product",
        "type": "message",
        "subtype": "channel_purpose",
        "ts": "1505843102.000048"
    },
    {
        "type": "message",
        "user": "U746RD3SN",
        "text": "Om garu, would appreciate if you can define a high level framework for the product based on what was presented last week. Then we can request Vamsi, Kiran and Sai to have some thoughts and come up some level steps.",
        "thread_ts": "1505852673.000408",
        "reply_count": 4,
        "replies": [
            {
                "user": "U74STF4HJ",
                "ts": "1505873994.000220"
            },
            {
                "user": "U74STF4HJ",
                "ts": "1505874013.000139"
            },
            {
                "user": "U74STF4HJ",
                "ts": "1505874275.000089"
            },
            {
                "user": "U74STF4HJ",
                "ts": "1505874561.000129"
            }
        ],
        "unread_count": 4,
        "ts": "1505852673.000408"
    },
    {
        "type": "message",
        "subtype": "file_share",
        "text": "<@U746RD3SN> uploaded a file: <https:\/\/mpinfotech.slack.com\/files\/U746RD3SN\/F76PVAXHV\/devops_process_and_devops_studio.pdf|DevOps Process and Devops Studio.pdf> and commented: Review these documents, with reference to DevOps Studio product, in line with what Om garu was explaining",
        "file": {
            "id": "F76PVAXHV",
            "created": 1505861575,
            "timestamp": 1505861575,
            "name": "DevOps Process and Devops Studio.pdf",
            "title": "DevOps Process and Devops Studio.pdf",
            "mimetype": "application\/pdf",
            "filetype": "pdf",
            "pretty_type": "PDF",
            "user": "U746RD3SN",
            "editable": false,
            "size": 2233239,
            "mode": "hosted",
            "is_external": false,
            "external_type": "",
            "is_public": true,
            "public_url_shared": false,
            "display_as_bot": false,
            "username": "",
            "url_private": "https:\/\/files.slack.com\/files-pri\/T730RMB7T-F76PVAXHV\/devops_process_and_devops_studio.pdf?t=xoxe-241025725265-384508339281-384508339409-5b92d26397ce6b615c24d77267fe6bb3",
            "url_private_download": "https:\/\/files.slack.com\/files-pri\/T730RMB7T-F76PVAXHV\/download\/devops_process_and_devops_studio.pdf?t=xoxe-241025725265-384508339281-384508339409-5b92d26397ce6b615c24d77267fe6bb3",
            "thumb_pdf": "https:\/\/files.slack.com\/files-tmb\/T730RMB7T-F76PVAXHV-d6565897ec\/devops_process_and_devops_studio_thumb_pdf.png?t=xoxe-241025725265-384508339281-384508339409-5b92d26397ce6b615c24d77267fe6bb3",
            "thumb_pdf_w": 1100,
            "thumb_pdf_h": 825,
            "permalink": "https:\/\/mpinfotech.slack.com\/files\/U746RD3SN\/F76PVAXHV\/devops_process_and_devops_studio.pdf",
            "permalink_public": "https:\/\/slack-files.com\/T730RMB7T-F76PVAXHV-0908d8c435",
            "channels": [],
            "groups": [],
            "ims": [],
            "comments_count": 1,
            "initial_comment": {
                "id": "Fc75M7HD0A",
                "created": 1505861575,
                "timestamp": 1505861575,
                "user": "U746RD3SN",
                "is_intro": true,
                "comment": "Review these documents, with reference to DevOps Studio product, in line with what Om garu was explaining"
            }
        },
        "user": "U746RD3SN",
        "upload": true,
        "display_as_bot": false,
        "username": "mmurali",
        "bot_id": null,
        "ts": "1505861577.000053"
    },
    {
        "type": "message",
        "subtype": "file_share",
        "text": "<@U746RD3SN> uploaded a file: <https:\/\/mpinfotech.slack.com\/files\/U746RD3SN\/F75K1B2RH\/devopsstudio_screens.pdf|DevOpsStudio Screens.pdf> and commented: review these documents in line with DevOps studio product, that Om garu was explaining.",
        "file": {
            "id": "F75K1B2RH",
            "created": 1505861605,
            "timestamp": 1505861605,
            "name": "DevOpsStudio Screens.pdf",
            "title": "DevOpsStudio Screens.pdf",
            "mimetype": "application\/pdf",
            "filetype": "pdf",
            "pretty_type": "PDF",
            "user": "U746RD3SN",
            "editable": false,
            "size": 875783,
            "mode": "hosted",
            "is_external": false,
            "external_type": "",
            "is_public": true,
            "public_url_shared": false,
            "display_as_bot": false,
            "username": "",
            "url_private": "https:\/\/files.slack.com\/files-pri\/T730RMB7T-F75K1B2RH\/devopsstudio_screens.pdf?t=xoxe-241025725265-384508339281-384508339409-5b92d26397ce6b615c24d77267fe6bb3",
            "url_private_download": "https:\/\/files.slack.com\/files-pri\/T730RMB7T-F75K1B2RH\/download\/devopsstudio_screens.pdf?t=xoxe-241025725265-384508339281-384508339409-5b92d26397ce6b615c24d77267fe6bb3",
            "thumb_pdf": "https:\/\/files.slack.com\/files-tmb\/T730RMB7T-F75K1B2RH-5ad30cb559\/devopsstudio_screens_thumb_pdf.png?t=xoxe-241025725265-384508339281-384508339409-5b92d26397ce6b615c24d77267fe6bb3",
            "thumb_pdf_w": 1100,
            "thumb_pdf_h": 825,
            "permalink": "https:\/\/mpinfotech.slack.com\/files\/U746RD3SN\/F75K1B2RH\/devopsstudio_screens.pdf",
            "permalink_public": "https:\/\/slack-files.com\/T730RMB7T-F75K1B2RH-c88b20e7d4",
            "channels": [],
            "groups": [],
            "ims": [],
            "comments_count": 1,
            "initial_comment": {
                "id": "Fc76PVHFGF",
                "created": 1505861605,
                "timestamp": 1505861605,
                "user": "U746RD3SN",
                "is_intro": true,
                "comment": "review these documents in line with DevOps studio product, that Om garu was explaining."
            }
        },
        "user": "U746RD3SN",
        "upload": true,
        "display_as_bot": false,
        "username": "mmurali",
        "bot_id": null,
        "ts": "1505861607.000006"
    },
    {
        "type": "message",
        "user": "U746RD3SN",
        "text": "Kiran, Vamsi, Sai, please review the above decks and based on this we want to start documenting as to how we want to go about the product build out.",
        "ts": "1505861715.000175"
    },
    {
        "type": "message",
        "user": "U746RD3SN",
        "text": "Please find the link where I have placed some initial concept documentation generated by Om garu for DevOps studio.\n\n<https:\/\/drive.google.com\/open?id=0B20TOuVytDhnVFp3cWxmUy1oa1E>\n\n\nKiran, Vamshi, Sai, would appreciate if you can guys can digest the decks that are placed in this drive location, and also the input provided last sunday the overview that Om garu gave, come up with a plan as to how we can go about developing the product.\n\nNot sure if you guys were involved in development of product, if not please have Om garu mentor you guys.",
        "ts": "1505871774.000018"
    },
    {
        "type": "message",
        "user": "U74DWDY76",
        "text": "Sure, we shall check this and provide update.",
        "ts": "1505872551.000222"
    },
    {
        "text": "Sure. I want team to analyze or research existing cloud and dev op plugins for eclipse or visual studio",
        "thread_ts": "1505852673.000408",
        "type": "message",
        "subtype": "thread_broadcast",
        "user": "U74STF4HJ",
        "root": {
            "type": "message",
            "user": "U746RD3SN",
            "text": "Om garu, would appreciate if you can define a high level framework for the product based on what was presented last week. Then we can request Vamsi, Kiran and Sai to have some thoughts and come up some level steps.",
            "thread_ts": "1505852673.000408",
            "reply_count": 4,
            "replies": [
                {
                    "user": "U74STF4HJ",
                    "ts": "1505873994.000220"
                },
                {
                    "user": "U74STF4HJ",
                    "ts": "1505874013.000139"
                },
                {
                    "user": "U74STF4HJ",
                    "ts": "1505874275.000089"
                },
                {
                    "user": "U74STF4HJ",
                    "ts": "1505874561.000129"
                }
            ],
            "unread_count": 4,
            "ts": "1505852673.000408"
        },
        "ts": "1505873994.000220"
    },
    {
        "type": "message",
        "user": "U74STF4HJ",
        "text": "I will do research on my side ",
        "thread_ts": "1505852673.000408",
        "parent_user_id": "U746RD3SN",
        "ts": "1505874013.000139"
    },
    {
        "type": "message",
        "user": "U74STF4HJ",
        "text": "There are 2 product ideas . One for Cloud migration procedure templates from non-cloud platforms and other one targeting application developer audience . This should allow developers seemlessly connect them from development workspace to DeV,UAT,QA and Production clouds ",
        "thread_ts": "1505852673.000408",
        "parent_user_id": "U746RD3SN",
        "ts": "1505874275.000089"
    },
    {
        "type": "message",
        "user": "U74STF4HJ",
        "text": "First product idea- Flows around that  document Murali garu put together on how we can take cloud projects from client .i.e  questinarrie,design, approval, implementation and release plan ",
        "thread_ts": "1505852673.000408",
        "parent_user_id": "U746RD3SN",
        "ts": "1505874561.000129"
    },
    {
        "type": "message",
        "user": "U74STF4HJ",
        "text": "But team priority is to get certification by end if December for AWS and Devops",
        "ts": "1505874666.000266"
    },
    {
        "type": "message",
        "user": "U74STF4HJ",
        "text": "This product is parallel effort ",
        "ts": "1505874686.000274"
    }
]