[
    {
        "text": "",
        "username": "Trello",
        "bot_id": "B73M4DEVB",
        "attachments": [
            {
                "author_name": "Om Akash",
                "fallback": "Om Akash joined board DevOps Studio Development.",
                "text": "Joined board *<https:\/\/trello.com\/b\/YNAiudJV|DevOps Studio Development>*.",
                "id": 1,
                "author_link": "https:\/\/trello.com\/omakash1",
                "color": "0079BF",
                "mrkdwn_in": [
                    "text",
                    "pretext"
                ]
            }
        ],
        "type": "message",
        "subtype": "bot_message",
        "ts": "1506530467.000204"
    }
]