[
    {
        "user": "U730RMBB3",
        "text": "<@U730RMBB3> has joined the channel",
        "type": "message",
        "subtype": "channel_join",
        "ts": "1505666300.000037"
    },
    {
        "user": "U746RD3SN",
        "inviter": "U730RMBB3",
        "text": "<@U746RD3SN> has joined the channel",
        "type": "message",
        "subtype": "channel_join",
        "ts": "1505666300.000075"
    },
    {
        "user": "U74DWDY76",
        "text": "<@U74DWDY76> has joined the channel",
        "type": "message",
        "subtype": "channel_join",
        "ts": "1505666388.000059"
    },
    {
        "type": "message",
        "user": "U746RD3SN",
        "text": "Hi",
        "ts": "1505666470.000047"
    },
    {
        "type": "message",
        "user": "U74DWDY76",
        "text": "Hi",
        "ts": "1505666621.000048"
    },
    {
        "type": "message",
        "user": "U730RMBB3",
        "text": "welcome",
        "ts": "1505666628.000040"
    },
    {
        "type": "message",
        "user": "U74DWDY76",
        "text": "Thank you ",
        "ts": "1505666648.000108"
    }
]