[
    {
        "type": "message",
        "user": "U746RD3SN",
        "text": "Within this team can each of you (Kiran, Vamshi and PSai) take one and start your research.",
        "ts": "1505932496.000315"
    },
    {
        "type": "message",
        "user": "U746RD3SN",
        "text": "I sent a link for storing all documents in a google drive",
        "ts": "1505932520.000407"
    },
    {
        "text": "",
        "username": "Trello",
        "bot_id": "B73M4DEVB",
        "attachments": [
            {
                "author_name": "Prasannasai Meruga",
                "fallback": "Prasannasai Meruga left board Devops Studio Dev.",
                "text": "Left board *<https:\/\/trello.com\/b\/GPTCOAU5|Devops Studio Dev>*.",
                "id": 1,
                "author_link": "https:\/\/trello.com\/prasannasaimeruga",
                "color": "0079BF",
                "mrkdwn_in": [
                    "text",
                    "pretext"
                ]
            }
        ],
        "type": "message",
        "subtype": "bot_message",
        "ts": "1505933548.000351"
    },
    {
        "text": "",
        "username": "Trello",
        "bot_id": "B73M4DEVB",
        "attachments": [
            {
                "author_name": "Prasannasai Meruga",
                "fallback": "New card Test devops studio integration added to list BackLog on board DevOps Studio Development.",
                "text": "In list *BackLog* on *<https:\/\/trello.com\/b\/YNAiudJV|DevOps Studio Development>*.",
                "pretext": "New card created",
                "title": "Test devops studio integration",
                "id": 1,
                "title_link": "https:\/\/trello.com\/c\/2OwM5MtB",
                "author_link": "https:\/\/trello.com\/prasannasaimeruga",
                "color": "0079BF",
                "mrkdwn_in": [
                    "text",
                    "pretext"
                ]
            }
        ],
        "type": "message",
        "subtype": "bot_message",
        "ts": "1505933600.000562"
    },
    {
        "text": "",
        "username": "Trello",
        "bot_id": "B73M4DEVB",
        "attachments": [
            {
                "author_name": "Prasannasai Meruga",
                "fallback": "Prasannasai Meruga moved the card Test devops studio integration from BackLog to Done.",
                "text": "Moved *<https:\/\/trello.com\/c\/2OwM5MtB|Test devops studio integration>* from *BackLog* to *Done*.",
                "id": 1,
                "author_link": "https:\/\/trello.com\/prasannasaimeruga",
                "color": "0079BF",
                "mrkdwn_in": [
                    "text",
                    "pretext"
                ]
            }
        ],
        "type": "message",
        "subtype": "bot_message",
        "ts": "1505933605.000437"
    }
]