[
    {
        "type": "message",
        "user": "U730RMBB3",
        "text": "Developers you there?",
        "client_msg_id": "71925F90-4579-4724-BE25-2BF2E2BE7D04",
        "ts": "1520522049.000774"
    },
    {
        "type": "message",
        "user": "U746RD3SN",
        "text": "Anyone experienced in setting up initial project in JIRA",
        "client_msg_id": "280F92BA-F163-48DB-A274-630068EE0069",
        "ts": "1520551129.000178"
    },
    {
        "type": "message",
        "user": "U746RD3SN",
        "text": "I am setting up the JIRA for MRADAR, i want to make sure i am doing it right.",
        "ts": "1520552205.000206"
    },
    {
        "type": "message",
        "user": "U74STF4HJ",
        "text": "<@U746RD3SN> let me connect you to Lohit or expert PM",
        "client_msg_id": "d7db4e5d-08eb-411c-88dc-143118fe07c5",
        "ts": "1520573097.000031"
    }
]