[
    {
        "type": "message",
        "user": "U730RMBB3",
        "text": "Development team, for our 6 PM EST meeting today please come prepared with any plans, questions and concerns you may want to discuss during the meeting.",
        "ts": "1521049299.000040"
    },
    {
        "user": "U9NPXN02U",
        "inviter": "U730RMBB3",
        "text": "<@U9NPXN02U> has joined the channel",
        "type": "message",
        "subtype": "channel_join",
        "ts": "1521049346.000703"
    },
    {
        "type": "message",
        "user": "U746RD3SN",
        "text": "myupdate: did further analysis for MRADAR, how we can detect an change that was done manually instead of using the cookbooks.  Next steps: we need to work on CLOUD TRAIL, LAMBDA, SQS, so that Lambda reads cloudtrail, and generates an alert.",
        "ts": "1521058882.000455"
    },
    {
        "type": "message",
        "user": "U730RMBB3",
        "text": "Developers meeting is being held now",
        "ts": "1521065017.000275"
    },
    {
        "type": "message",
        "user": "U730RMBB3",
        "text": "<https:\/\/www.uberconference.com\/psai6>",
        "attachments": [
            {
                "service_name": "UberConference",
                "title": "UberConference - The Best Free Conference Call",
                "title_link": "https:\/\/www.uberconference.com\/psai6",
                "text": "UberConference provides a rich visual interface for conference calls. Simple, visual, and free to use, it's audio conferencing done right. Easily set up and join free conference calls, see who is in the conference, who is talking, and use powerful conferencing features.",
                "fallback": "UberConference: UberConference - The Best Free Conference Call",
                "thumb_url": "https:\/\/www.uberconference.com\/static\/img2\/uberconference.jpg",
                "from_url": "https:\/\/www.uberconference.com\/psai6",
                "thumb_width": 900,
                "thumb_height": 899,
                "service_icon": "https:\/\/www.uberconference.com\/static\/img2\/apple-touch-icon-320x320-precomposed.png",
                "id": 1
            }
        ],
        "ts": "1521065034.000517"
    },
    {
        "type": "message",
        "user": "U730RMBB3",
        "text": "<@U9KKCK4QN> <@U9NPXN02U> <@U9L0UC1TR> <@U9H0VLAM7>",
        "ts": "1521065515.000186"
    },
    {
        "type": "message",
        "user": "U730RMBB3",
        "text": "Note to anyone learning Scala:\nPlease make sure to understand, at some level, how functional languages work.\nFunctional languages support features such as \"high-order functions\", and \"function currying\" and support Lambda calculus logic.\n\nUnderstanding these features are a key point for using Scala to it's full potential",
        "ts": "1521085733.000209"
    },
    {
        "type": "message",
        "user": "U746RD3SN",
        "text": "My update2: participated in 6 pm development call with Ram Kumar, Manu, Sai, Prasanna, Kiran,  discussed db design, poc of data extraction via API, software platform for development.",
        "client_msg_id": "1F3C552D-CCB7-4F0F-B812-002511918C9E",
        "ts": "1521085930.000132"
    }
]