[
    {
        "type": "message",
        "subtype": "file_share",
        "text": "<@U9JT2HAP4> uploaded a file: <https:\/\/mpinfotech.slack.com\/files\/U9JT2HAP4\/FB6LU0A3F\/django_best_practices.docx|Django Best Practices.docx>",
        "file": {
            "id": "FB6LU0A3F",
            "created": 1528863595,
            "timestamp": 1528863595,
            "name": "Django Best Practices.docx",
            "title": "Django Best Practices.docx",
            "mimetype": "application\/vnd.openxmlformats-officedocument.wordprocessingml.document",
            "filetype": "docx",
            "pretty_type": "Word Document",
            "user": "U9JT2HAP4",
            "editable": false,
            "size": 854807,
            "mode": "hosted",
            "is_external": false,
            "external_type": "",
            "is_public": true,
            "public_url_shared": false,
            "display_as_bot": false,
            "username": "",
            "url_private": "https:\/\/files.slack.com\/files-pri\/T730RMB7T-FB6LU0A3F\/django_best_practices.docx?t=xoxe-241025725265-384508339281-384508339409-5b92d26397ce6b615c24d77267fe6bb3",
            "url_private_download": "https:\/\/files.slack.com\/files-pri\/T730RMB7T-FB6LU0A3F\/download\/django_best_practices.docx?t=xoxe-241025725265-384508339281-384508339409-5b92d26397ce6b615c24d77267fe6bb3",
            "permalink": "https:\/\/mpinfotech.slack.com\/files\/U9JT2HAP4\/FB6LU0A3F\/django_best_practices.docx",
            "permalink_public": "https:\/\/slack-files.com\/T730RMB7T-FB6LU0A3F-9d0b5741a6",
            "channels": [],
            "groups": [],
            "ims": [],
            "comments_count": 1
        },
        "user": "U9JT2HAP4",
        "upload": true,
        "display_as_bot": false,
        "username": "manu469",
        "bot_id": null,
        "ts": "1528863596.000086"
    },
    {
        "type": "message",
        "subtype": "file_comment",
        "text": "<@U9JT2HAP4> commented on <@U9JT2HAP4>’s file <https:\/\/mpinfotech.slack.com\/files\/U9JT2HAP4\/FB6LU0A3F\/django_best_practices.docx|Django Best Practices.docx>: Best practices to be followed when developing Django application.",
        "file": {
            "id": "FB6LU0A3F",
            "created": 1528863595,
            "timestamp": 1528863595,
            "name": "Django Best Practices.docx",
            "title": "Django Best Practices.docx",
            "mimetype": "application\/vnd.openxmlformats-officedocument.wordprocessingml.document",
            "filetype": "docx",
            "pretty_type": "Word Document",
            "user": "U9JT2HAP4",
            "editable": false,
            "size": 854807,
            "mode": "hosted",
            "is_external": false,
            "external_type": "",
            "is_public": true,
            "public_url_shared": false,
            "display_as_bot": false,
            "username": "",
            "url_private": "https:\/\/files.slack.com\/files-pri\/T730RMB7T-FB6LU0A3F\/django_best_practices.docx?t=xoxe-241025725265-384508339281-384508339409-5b92d26397ce6b615c24d77267fe6bb3",
            "url_private_download": "https:\/\/files.slack.com\/files-pri\/T730RMB7T-FB6LU0A3F\/download\/django_best_practices.docx?t=xoxe-241025725265-384508339281-384508339409-5b92d26397ce6b615c24d77267fe6bb3",
            "permalink": "https:\/\/mpinfotech.slack.com\/files\/U9JT2HAP4\/FB6LU0A3F\/django_best_practices.docx",
            "permalink_public": "https:\/\/slack-files.com\/T730RMB7T-FB6LU0A3F-9d0b5741a6",
            "channels": [],
            "groups": [],
            "ims": [],
            "comments_count": 1
        },
        "comment": {
            "id": "FcB6GS5JMQ",
            "created": 1528863635,
            "timestamp": 1528863635,
            "user": "U9JT2HAP4",
            "is_intro": false,
            "comment": "Best practices to be followed when developing Django application."
        },
        "is_intro": false,
        "ts": "1528863635.000075"
    }
]