[
    {
        "type": "message",
        "user": "U746RD3SN",
        "text": "Matt and Vivek this is the file i committed that i will present back to you all",
        "client_msg_id": "89C39087-EE1C-4AD7-B3E9-BCD9D84FA6FD",
        "ts": "1525012231.000054"
    },
    {
        "type": "message",
        "user": "U746RD3SN",
        "text": "On the MRADAR highlevel flows",
        "client_msg_id": "FD54CC7B-457B-4083-8AB9-7FDA124E1CF0",
        "ts": "1525012250.000007"
    },
    {
        "type": "message",
        "user": "U746RD3SN",
        "text": "of the portal",
        "client_msg_id": "23F0A8B7-B3DD-446A-8809-1F819A75CB59",
        "ts": "1525012262.000101"
    }
]