[
    {
        "type": "message",
        "user": "U746RD3SN",
        "text": "Database - what are the high level stories i need to document, any guidance greatly appreciate. As i am having Prasanna update the JIRA",
        "ts": "1521299252.000152"
    },
    {
        "type": "message",
        "user": "U746RD3SN",
        "text": "This is what i am able to think about",
        "ts": "1521300152.000098"
    },
    {
        "type": "message",
        "user": "U746RD3SN",
        "text": "Dabase requirements\ndb fields and mappings\nDatabase platform choice decision\nFields and action mapping",
        "ts": "1521300161.000114"
    },
    {
        "type": "message",
        "user": "U74STF4HJ",
        "text": "Murali ,if team come up with datamodel by looking at requirements then we can model database objects ( tables) for SQL or c# or python or java model classes",
        "client_msg_id": "d1c9b11f-296f-4a2e-9c09-dddbb86f0f3a",
        "ts": "1521300395.000142"
    },
    {
        "type": "message",
        "user": "U74STF4HJ",
        "text": "As per my experience Data model and it's constutients  and theid relationship determines whole application aa data\/ model is meat of application",
        "client_msg_id": "3ee3cc6b-3fa5-46e1-91cc-98a185bb0329",
        "ts": "1521300528.000023"
    },
    {
        "type": "message",
        "subtype": "file_share",
        "text": "<@U746RD3SN> uploaded a file: <https:\/\/mpinfotech.slack.com\/files\/U746RD3SN\/F9R07GBNC\/database_book1.xlsx|database Book1.xlsx> and commented: DRAFT template",
        "file": {
            "id": "F9R07GBNC",
            "created": 1521300568,
            "timestamp": 1521300568,
            "name": "database Book1.xlsx",
            "title": "database Book1.xlsx",
            "mimetype": "application\/vnd.openxmlformats-officedocument.spreadsheetml.sheet",
            "filetype": "xlsx",
            "pretty_type": "Excel Spreadsheet",
            "user": "U746RD3SN",
            "editable": false,
            "size": 9094,
            "mode": "hosted",
            "is_external": false,
            "external_type": "",
            "is_public": true,
            "public_url_shared": false,
            "display_as_bot": false,
            "username": "",
            "url_private": "https:\/\/files.slack.com\/files-pri\/T730RMB7T-F9R07GBNC\/database_book1.xlsx?t=xoxe-241025725265-384508339281-384508339409-5b92d26397ce6b615c24d77267fe6bb3",
            "url_private_download": "https:\/\/files.slack.com\/files-pri\/T730RMB7T-F9R07GBNC\/download\/database_book1.xlsx?t=xoxe-241025725265-384508339281-384508339409-5b92d26397ce6b615c24d77267fe6bb3",
            "permalink": "https:\/\/mpinfotech.slack.com\/files\/U746RD3SN\/F9R07GBNC\/database_book1.xlsx",
            "permalink_public": "https:\/\/slack-files.com\/T730RMB7T-F9R07GBNC-f323ddb9c0",
            "channels": [],
            "groups": [],
            "ims": [],
            "comments_count": 1,
            "initial_comment": {
                "id": "Fc9RKHPGHG",
                "created": 1521300568,
                "timestamp": 1521300568,
                "user": "U746RD3SN",
                "is_intro": true,
                "comment": "DRAFT template"
            }
        },
        "user": "U746RD3SN",
        "upload": true,
        "display_as_bot": false,
        "username": "mmurali",
        "bot_id": null,
        "ts": "1521300569.000017"
    },
    {
        "type": "message",
        "user": "U746RD3SN",
        "text": "I am uploading a draft, and if i can get stories and issues, I will have them in JIRA, and we can always keep adding further stories and issues.",
        "ts": "1521300608.000117"
    },
    {
        "type": "message",
        "user": "U746RD3SN",
        "text": "Ram garu is working on the design.",
        "ts": "1521300624.000156"
    }
]