[
    {
        "type": "message",
        "user": "UADKY6LHF",
        "text": "My update MRAD-95: Worked on implementing REST API in django using JSON. ",
        "client_msg_id": "3E0008D3-E363-464D-A84C-9F9F69820FEB",
        "ts": "1527245764.000474"
    },
    {
        "type": "message",
        "user": "UADKY6LHF",
        "text": "My update MRAD-95: Going through unit tests and also successfully implemented get, post, delete methods using JSON in django. ",
        "client_msg_id": "46CBC35A-D7E4-4E9C-A74F-C4237B2165AB",
        "ts": "1527307829.000071"
    }
]