[
    {
        "type": "message",
        "user": "U746RD3SN",
        "text": "My update yesterday: Worked with Vivek on MRADAR wireframe mocks",
        "client_msg_id": "54CA8706-FD87-4AC8-BC27-F81D7FBCC4F3",
        "ts": "1521640169.000378"
    },
    {
        "type": "message",
        "user": "U746RD3SN",
        "text": "Also working on presentation for potential customers.",
        "client_msg_id": "380FD69D-3921-4D8E-96B6-71D73465EAE8",
        "ts": "1521640247.000476"
    },
    {
        "type": "message",
        "user": "U74STF4HJ",
        "text": "Ravi Teja please work with Samba,Sai and Manikanta",
        "client_msg_id": "6da2820b-cc41-45f5-9422-9480287deb51",
        "ts": "1521662411.000289"
    },
    {
        "type": "message",
        "user": "U8AJ8835X",
        "text": "Ok Sir",
        "ts": "1521664267.000385"
    },
    {
        "type": "message",
        "user": "U8AJ8835X",
        "text": "Sai asked me work with Samba to get the Chef instances working with AWS",
        "edited": {
            "user": "U8AJ8835X",
            "ts": "1521665694.000000"
        },
        "ts": "1521664325.000412"
    },
    {
        "type": "message",
        "user": "U8AJ8835X",
        "text": "Already spoke with Samba and we will be working together",
        "ts": "1521664371.000216"
    },
    {
        "type": "message",
        "user": "U74DWDY76",
        "text": "For MRADAR development, I am currently exploring Hbase data model. I haven’t played anytime with nosql databases. Based on online documents, videos I am thinking hbase one can meet our requirements but I might be wrong. If anyone has experience on this please comment \/ give feedback. ",
        "client_msg_id": "69EA87BA-A722-4DB8-B3EF-3903F22334FA",
        "ts": "1521665170.000449"
    },
    {
        "type": "message",
        "user": "U74STF4HJ",
        "text": "Sai Mongo or graph db also good they store data as key value pairs",
        "client_msg_id": "fdbf84b2-674b-4480-a1ae-2ba857b8ac37",
        "ts": "1521666225.000571"
    },
    {
        "type": "message",
        "user": "U74STF4HJ",
        "text": "If ur Data model is dynamic and unstructured nosql is better",
        "client_msg_id": "f0378dc1-4621-4e10-a74f-2348da787388",
        "ts": "1521666262.000708"
    },
    {
        "type": "message",
        "user": "U74STF4HJ",
        "text": "If ur Data is structured and normized use SQL",
        "client_msg_id": "f481f0d3-0d75-4631-b480-8e9975a0f9c5",
        "ts": "1521666308.000262"
    },
    {
        "type": "message",
        "user": "U74STF4HJ",
        "text": "Btw I love and like nosql as we don't need to write lot of Data access code( Dao\/ Ado) we just define plain old model class and create and set values and store just write\/read\/delete",
        "client_msg_id": "dc53bd83-39ad-49f6-9d71-bf3a70e1068b",
        "ts": "1521666607.000535"
    },
    {
        "type": "message",
        "user": "U74STF4HJ",
        "text": "In case if you don't know Facebook, Twitter, Yahoo, Google use nosql to store unlimited amoumt of Data Bigdata advances with cheaper cloud solution is making processing cost cheaper so organization going open source driven cloud based solution instead of licensed software",
        "client_msg_id": "42eb05d7-fde4-4948-9b5b-8e170de92900",
        "ts": "1521669330.000440"
    },
    {
        "type": "message",
        "user": "U74STF4HJ",
        "text": "The beauty of nosql is you can store structured and unstructured data seemlessly where as RDBNS force u to have structure data only. Imagine adding new column to data table in Old way of developing code requires IT team to make changes in model, Dao classes, db table. Imagine testing cycle, release takes it's own sweet time where as NoSQL u just make change in model class and push it prod",
        "client_msg_id": "4bcc849d-f182-43bc-8645-8e04cb96046e",
        "ts": "1521669641.000199"
    },
    {
        "type": "message",
        "user": "U74STF4HJ",
        "text": "*RDBMS",
        "client_msg_id": "93d5a966-d2fc-4ee4-ab84-931d119acf70",
        "ts": "1521669654.000543"
    },
    {
        "type": "message",
        "user": "U74STF4HJ",
        "text": "Idea with more competion in the market company which reaches customer fast is key to success of idea.",
        "client_msg_id": "adaeac82-97f0-4d81-83b5-fc926878e6b0",
        "ts": "1521669744.000461"
    },
    {
        "type": "message",
        "user": "U74STF4HJ",
        "text": "Why Nokia best selling company was extinguished as  didn't do any thing wrong but they slowly adapted Technology change where as apple, Samsung,Xiami ahead of curve and win the mobile phone market.",
        "client_msg_id": "b366cfaf-0b20-49db-8216-da6b4ef1c68e",
        "ts": "1521669880.000450"
    },
    {
        "type": "message",
        "user": "U74STF4HJ",
        "text": "It's applicable to us",
        "client_msg_id": "e98fc9a6-0831-47a9-8234-a90df6b8092a",
        "ts": "1521669897.000220"
    }
]