[
    {
        "type": "message",
        "user": "U8AJ8835X",
        "text": "My update MRAD-96 :  In Progress, Trying to test django application and also learning Traffic control and security methods like, Access control lists,firewall, VPC etc from curriculum.",
        "ts": "1527642492.000186"
    },
    {
        "type": "message",
        "user": "UADKY6LHF",
        "text": "MRAD-95 : In Progress \n\nDescription: Worked on implementing unit tests for models.py .",
        "client_msg_id": "BF97D2F3-C602-4D60-975C-2D79B7BB83A1",
        "ts": "1527647635.000028"
    },
    {
        "type": "message",
        "user": "U9JT2HAP4",
        "text": "My update:\nWorking on preparing document document which describes best practices when developing a Django application.\n\nWorked with Matt to create tasks for current sprint.\n\nUploaded selenium tutorial document  prepared by Manikanta and Raviteja to jira as part of MRAD-96.",
        "ts": "1527648531.000111"
    }
]