[
    {
        "user": "UADKY6LHF",
        "inviter": "U730RMBB3",
        "text": "<@UADKY6LHF> has joined the channel",
        "type": "message",
        "subtype": "channel_join",
        "ts": "1527204058.000271"
    },
    {
        "user": "U9R2J9HCG",
        "inviter": "U730RMBB3",
        "text": "<@U9R2J9HCG> has joined the channel",
        "type": "message",
        "subtype": "channel_join",
        "ts": "1527204058.000303"
    },
    {
        "type": "message",
        "user": "U9JT2HAP4",
        "text": "My update:\nMRAD-93: working with devops team on Jenkins deployment bug.",
        "ts": "1527211292.000091"
    },
    {
        "type": "message",
        "user": "U8AJ8835X",
        "text": "My update MRAD-96: testing Python application with Selenium and Working on django.",
        "client_msg_id": "70CBECEE-B180-41BD-AC23-9E4F0F1472D5",
        "ts": "1527218697.000107"
    }
]