[
    {
        "type": "message",
        "user": "U730RMBB3",
        "text": "<@U9KKCK4QN> any update on everyone's position? We still need to setup a meeting where we can decide the code language.",
        "ts": "1521567572.000330"
    },
    {
        "type": "message",
        "user": "U9KKCK4QN",
        "text": "Yes, Iam working on that.looking to arrange a meeting on Thursday.",
        "client_msg_id": "23A40766-F525-4E2C-A26B-35A4AF1D5FA8",
        "ts": "1521567830.000095"
    },
    {
        "type": "message",
        "user": "U9KKCK4QN",
        "text": "Kiran is working on his model, he will be able to do that by Thursday ",
        "client_msg_id": "CF98D6A7-780F-4B8C-8A1C-881324E5EB26",
        "ts": "1521567951.000131"
    },
    {
        "type": "message",
        "user": "U9KKCK4QN",
        "text": "Vivek is working with the Axure Wireframe stuff.he said he will come up with some draft on it.",
        "client_msg_id": "D707F8A1-A0D3-41CA-BBDC-C77311964228",
        "ts": "1521568076.000586"
    },
    {
        "type": "message",
        "user": "U9KKCK4QN",
        "text": "Will get in touch with ram garu this evening on his update.",
        "client_msg_id": "D510F7F2-FAC6-4E65-BFBE-0A97ACE159AC",
        "ts": "1521568122.000751"
    },
    {
        "type": "message",
        "user": "U746RD3SN",
        "text": "We need dates, so that we can plan rest of the activities better.",
        "ts": "1521568160.000435"
    },
    {
        "type": "message",
        "user": "U9KKCK4QN",
        "text": "Sure,will get an update from them .",
        "client_msg_id": "E8F3A8DD-93DE-4CA6-9E42-67315B2281E4",
        "ts": "1521568339.000717"
    },
    {
        "type": "message",
        "user": "U74STF4HJ",
        "text": "Vivek,I thought axzure is straight forward",
        "client_msg_id": "ca484a78-5937-4c7d-89de-195fa700507b",
        "ts": "1521568415.000228"
    },
    {
        "type": "message",
        "user": "U74STF4HJ",
        "text": "Drag and drop screen designing and connecting",
        "client_msg_id": "b271418a-fa12-4256-b943-ba5739749efb",
        "ts": "1521568432.000507"
    },
    {
        "type": "message",
        "user": "U74STF4HJ",
        "text": "PL use student version",
        "client_msg_id": "303dbcb0-eb6d-445b-9717-78a4f5742aec",
        "ts": "1521568439.000236"
    },
    {
        "type": "message",
        "user": "U9L0UC1TR",
        "text": "Akash, yeah I think it is. I was busy lately and didn’t get a chance to look at it, I’ve communicated the same with Murli garu and I’m on it.\nI’ll keep you posted when I have an update.",
        "client_msg_id": "D26CFF4A-623D-493C-9643-700694C926F1",
        "ts": "1521569295.000072"
    }
]