[
    {
        "type": "message",
        "user": "U730RMBB3",
        "text": "Ok so that we can jumpstart the development process\n<@U9H0VLAM7> <@U74DWDY76> <@U9BMJEHFY> <@U9L0UC1TR> <@U9KKCK4QN> \nThis will be the channel where we will communicate about the software development.\n\nSo to start off we should plan a meeting so that we can put together the foundations of the software design for MRADAR: what languages, tools, libraries, etc.\nwe'll diagram and document this stage so that everyone has an understanding of what the requirements are",
        "ts": "1520440023.000702"
    },
    {
        "user": "U9H0VLAM7",
        "inviter": "U730RMBB3",
        "text": "<@U9H0VLAM7> has joined the channel",
        "type": "message",
        "subtype": "channel_join",
        "ts": "1520440029.000150"
    },
    {
        "user": "U9BMJEHFY",
        "inviter": "U730RMBB3",
        "text": "<@U9BMJEHFY> has joined the channel",
        "type": "message",
        "subtype": "channel_join",
        "ts": "1520440029.000205"
    },
    {
        "user": "U9L0UC1TR",
        "inviter": "U730RMBB3",
        "text": "<@U9L0UC1TR> has joined the channel",
        "type": "message",
        "subtype": "channel_join",
        "ts": "1520440029.000254"
    },
    {
        "user": "U9KKCK4QN",
        "inviter": "U730RMBB3",
        "text": "<@U9KKCK4QN> has joined the channel",
        "type": "message",
        "subtype": "channel_join",
        "ts": "1520440029.000296"
    }
]