[
    {
        "type": "message",
        "user": "U9JT2HAP4",
        "text": "My Update:\nMRAD-93: In progress \n\nGoing through steps to deploy Django application to Apache.",
        "ts": "1527737210.000222"
    },
    {
        "type": "message",
        "user": "UADKY6LHF",
        "text": "My update: MRAD-101 : In progress \nWorked on implementing unit test using views.py. Trying to synchronise sqldb  and django framework. working on retrieving information from Aws console using aws methods. ",
        "client_msg_id": "5EC154AB-C21B-4DF7-9DE1-3C4C89266AE2",
        "ts": "1527738424.000208"
    }
]