[
    {
        "type": "message",
        "user": "U74DWDY76",
        "text": "MRAD-100: In progress. ",
        "client_msg_id": "A8662840-4384-4E66-AFAA-70A58E2F7F9A",
        "ts": "1527776755.000627"
    },
    {
        "type": "message",
        "user": "U9JT2HAP4",
        "text": "My Update:\nMRAD-93 -in progress \nAnalysis on deploying Django to nginx.",
        "ts": "1527824797.000064"
    },
    {
        "type": "message",
        "user": "UADKY6LHF",
        "text": "My Update:\nMRAD-101 : In progress. ",
        "client_msg_id": "294ADFF5-490C-4A81-B3D7-4B42D034034B",
        "ts": "1527826540.000143"
    }
]