[
    {
        "type": "message",
        "user": "U746RD3SN",
        "text": "Team, please make every effort to join todays meeting. And thank you for all those who have accepted.",
        "ts": "1524772543.000291"
    },
    {
        "type": "message",
        "user": "U746RD3SN",
        "text": "Make sure Vivek Sapala is joining",
        "ts": "1524772571.000123"
    },
    {
        "type": "message",
        "user": "U746RD3SN",
        "text": "he is going to help u in the UX",
        "ts": "1524772576.000003"
    },
    {
        "type": "message",
        "user": "U746RD3SN",
        "text": "and he need to start working on it now more closely",
        "ts": "1524772589.000298"
    }
]