[
    {
        "type": "message",
        "user": "U746RD3SN",
        "text": "Team, now we have Python learning module in Udemy",
        "ts": "1527996699.000046"
    },
    {
        "type": "message",
        "user": "U746RD3SN",
        "text": "The following are the topics covered, in case you wonder what is covered in the learning module.",
        "ts": "1527996839.000004"
    },
    {
        "type": "message",
        "user": "U746RD3SN",
        "text": "1. The Basics\n    2. Welcome! 0:00\n    3. Getting Started 4:33\n    4. Variables and Multiple Assignment 6:15\n    5. Arithmetic Operators 10:34\n    6. Promo 0:00\n    7. Placeholders in Strings 5:44\n    8. Introduction to Lists 8:16\n    9. Dictionaries 5:13\n    10. Tuples 3:50\n    11. Conditional Statements 7:46\n    12. Promo 0:00\n    13. For Loops 6:11\n    14. While Loops 5:18\n    15. Try and Except 4:00\n    16. Functions 6:24\n    17. In-Built Functions 7:14\n    18. Promo 0:00\n    19. Object-Oriented Programming 8:37\n    20. Inheritance 6:41\n    21. Welcome\n    22. Installing Python for Mac 3:27\n    23. Installing Python for Windows 3:29\n    24. Hello World 0:59\n    25. YouTube Python Series! 0:00\n    26. Variables 3:01\n    27. Multiple Assignment 3:44\n    28. Data Types and Ints 3:57\n    29. Strings 7:26\n    30. Placeholders in Strings 0:00\n    31. Lists\/Arrays 6:03\n    32. List Functions 7:18\n    33. Dictionaries 6:54\n    34. Dictionary Functions 5:33\n    35. Tuples 5:01\n    36. Exercise Files 0:00\n    37. If-Else Statements 3:18\n    38. Relational Operators 5:57\n    39. Nested If\/Else 4:23\n    40. Elif Statements 3:33\n    41. Logical Operators 3:58\n    42. For Loops 7:22\n    43. While Loops 3:35\n    44. Nested For Loops 3:41\n    45. Prime Number Generator 8:43\n    46. Pass, Break and Continue 7:44\n    47. Try and Except 2:51\n    48. Commenting 3:53\n    49. Quick Tips 6:26\n    50. Promo 0:00\n    51. Exercise Files 0:00\n    52. Creating our own Function 8:08\n    53. Pre-Defined Functions 15:28\n    54. Creating our own File 3:00\n    55. Creating our own File (Windows) 0:00\n    56. Opening and Reading Files 5:59\n    57. Appending and Reading Files 7:45\n    58. Copying Files 11:04",
        "ts": "1527996841.000085"
    },
    {
        "type": "message",
        "user": "U746RD3SN",
        "text": "<https:\/\/aws.amazon.com\/about-aws\/whats-new\/2018\/05\/deploy-red-hat-awx-for-ansible-projects-with-new-quick-start\/>",
        "ts": "1528003906.000040"
    }
]