[
    {
        "type": "message",
        "user": "U9JT2HAP4",
        "text": "My update: Working on mradar bug.\n\nTask id: mrad-93\n\nDescription:\nBuild error in Jenkins when deploying Django application to test environment.\n\n\n",
        "ts": "1527114917.000341"
    },
    {
        "type": "message",
        "user": "U74DWDY76",
        "text": "Task id: mrad-94\n\nCreating POC to implement logging changes using Django framework. ",
        "client_msg_id": "8D06C5EA-D526-449C-A7DA-B9202DF969B5",
        "ts": "1527127778.000025"
    }
]