[
    {
        "type": "message",
        "subtype": "file_share",
        "text": "<@U730RMBB3> uploaded a file: <https:\/\/mpinfotech.slack.com\/files\/U730RMBB3\/FAEAKQTDW\/mrad_screen_conceps.pdf|MRAD Screen Conceps.pdf> and commented: So these are the rough screen layouts we want to incorporate for MRADAR <@U9L0UC1TR> please make sure to look at these to get an idea of how to design the framework for the MRADAR screens.",
        "file": {
            "id": "FAEAKQTDW",
            "created": 1524888689,
            "timestamp": 1524888689,
            "name": "MRAD Screen Conceps.pdf",
            "title": "MRAD Screen Conceps.pdf",
            "mimetype": "application\/pdf",
            "filetype": "pdf",
            "pretty_type": "PDF",
            "user": "U730RMBB3",
            "editable": false,
            "size": 303795,
            "mode": "hosted",
            "is_external": false,
            "external_type": "",
            "is_public": true,
            "public_url_shared": false,
            "display_as_bot": false,
            "username": "",
            "url_private": "https:\/\/files.slack.com\/files-pri\/T730RMB7T-FAEAKQTDW\/mrad_screen_conceps.pdf?t=xoxe-241025725265-384508339281-384508339409-5b92d26397ce6b615c24d77267fe6bb3",
            "url_private_download": "https:\/\/files.slack.com\/files-pri\/T730RMB7T-FAEAKQTDW\/download\/mrad_screen_conceps.pdf?t=xoxe-241025725265-384508339281-384508339409-5b92d26397ce6b615c24d77267fe6bb3",
            "thumb_pdf": "https:\/\/files.slack.com\/files-tmb\/T730RMB7T-FAEAKQTDW-39b24f02a5\/mrad_screen_conceps_thumb_pdf.png?t=xoxe-241025725265-384508339281-384508339409-5b92d26397ce6b615c24d77267fe6bb3",
            "thumb_pdf_w": 935,
            "thumb_pdf_h": 1210,
            "permalink": "https:\/\/mpinfotech.slack.com\/files\/U730RMBB3\/FAEAKQTDW\/mrad_screen_conceps.pdf",
            "permalink_public": "https:\/\/slack-files.com\/T730RMB7T-FAEAKQTDW-ae4ef73057",
            "channels": [],
            "groups": [],
            "ims": [],
            "comments_count": 1,
            "initial_comment": {
                "id": "FcAEF1F3FT",
                "created": 1524888689,
                "timestamp": 1524888689,
                "user": "U730RMBB3",
                "is_intro": true,
                "comment": "So these are the rough screen layouts we want to incorporate for MRADAR <@U9L0UC1TR> please make sure to look at these to get an idea of how to design the framework for the MRADAR screens."
            }
        },
        "user": "U730RMBB3",
        "upload": true,
        "display_as_bot": false,
        "username": "psai",
        "bot_id": null,
        "ts": "1524888691.000019"
    }
]