[
    {
        "type": "message",
        "user": "U746RD3SN",
        "text": "Sai can you provision access for Manu in IAM, that he can query the account related information using API. and also do a POC on the IAM CIS Controls, and violations emailed to us.",
        "ts": "1520862100.000776"
    },
    {
        "type": "message",
        "subtype": "file_share",
        "text": "<@U746RD3SN> uploaded a file: <https:\/\/mpinfotech.slack.com\/files\/U746RD3SN\/F9N88M2R1\/iam_cis_controls_v1__2___2_.pdf|IAM CIS Controls v1 (2) (2).pdf> and commented: This is the basis for you to query the AWS side and see if there are any violations.",
        "file": {
            "id": "F9N88M2R1",
            "created": 1520862249,
            "timestamp": 1520862249,
            "name": "IAM CIS Controls v1 (2) (2).pdf",
            "title": "IAM CIS Controls v1 (2) (2).pdf",
            "mimetype": "application\/pdf",
            "filetype": "pdf",
            "pretty_type": "PDF",
            "user": "U746RD3SN",
            "editable": false,
            "size": 87180,
            "mode": "hosted",
            "is_external": false,
            "external_type": "",
            "is_public": true,
            "public_url_shared": false,
            "display_as_bot": false,
            "username": "",
            "url_private": "https:\/\/files.slack.com\/files-pri\/T730RMB7T-F9N88M2R1\/iam_cis_controls_v1__2___2_.pdf?t=xoxe-241025725265-384508339281-384508339409-5b92d26397ce6b615c24d77267fe6bb3",
            "url_private_download": "https:\/\/files.slack.com\/files-pri\/T730RMB7T-F9N88M2R1\/download\/iam_cis_controls_v1__2___2_.pdf?t=xoxe-241025725265-384508339281-384508339409-5b92d26397ce6b615c24d77267fe6bb3",
            "thumb_pdf": "https:\/\/files.slack.com\/files-tmb\/T730RMB7T-F9N88M2R1-2d6b83cf7b\/iam_cis_controls_v1__2___2__thumb_pdf.png?t=xoxe-241025725265-384508339281-384508339409-5b92d26397ce6b615c24d77267fe6bb3",
            "thumb_pdf_w": 1540,
            "thumb_pdf_h": 935,
            "permalink": "https:\/\/mpinfotech.slack.com\/files\/U746RD3SN\/F9N88M2R1\/iam_cis_controls_v1__2___2_.pdf",
            "permalink_public": "https:\/\/slack-files.com\/T730RMB7T-F9N88M2R1-55e0a16d41",
            "channels": [],
            "groups": [],
            "ims": [],
            "comments_count": 1,
            "initial_comment": {
                "id": "Fc9NB5MHMY",
                "created": 1520862249,
                "timestamp": 1520862249,
                "user": "U746RD3SN",
                "is_intro": true,
                "comment": "This is the basis for you to query the AWS side and see if there are any violations."
            }
        },
        "user": "U746RD3SN",
        "upload": true,
        "display_as_bot": false,
        "username": "mmurali",
        "bot_id": null,
        "ts": "1520862251.000215"
    },
    {
        "type": "message",
        "user": "U74STF4HJ",
        "text": "Good going",
        "client_msg_id": "7f50513a-4108-4127-a356-8471fb5ce3cd",
        "ts": "1520862293.000517"
    },
    {
        "type": "message",
        "user": "U730RMBB3",
        "text": "<@U9JT2HAP4> You now have READ-ONLY IAM access in the MPIT Cloud, this way you should be able to query and read the IAM information as necessary",
        "ts": "1520864830.000101"
    },
    {
        "user": "U9JT2HAP4",
        "inviter": "U730RMBB3",
        "text": "<@U9JT2HAP4> has joined the channel",
        "type": "message",
        "subtype": "channel_join",
        "ts": "1520864837.000804"
    },
    {
        "type": "message",
        "user": "U9JT2HAP4",
        "text": "Sai, can I use my aws account access key and secret key to query IAM?",
        "ts": "1520890823.000320"
    },
    {
        "type": "message",
        "user": "U730RMBB3",
        "text": "Yes",
        "client_msg_id": "7352DA77-B8BA-4BC4-819F-B3E68170E02B",
        "ts": "1520890847.000488"
    },
    {
        "type": "message",
        "user": "U730RMBB3",
        "text": "It should allow you access",
        "client_msg_id": "6B63995D-58D5-4F84-B467-188B18020265",
        "ts": "1520890854.000225"
    },
    {
        "type": "message",
        "user": "U9JT2HAP4",
        "text": "okay",
        "ts": "1520890880.000151"
    }
]