[
    {
        "type": "message",
        "user": "U730RMBB3",
        "text": "Today''s update: Learned more Scala syntax, compared functionality with Ocaml to find useful features.",
        "ts": "1521510362.000270"
    },
    {
        "type": "message",
        "user": "U746RD3SN",
        "text": "Todays update: working on JIRA Epics, Stories and Tasks",
        "ts": "1521514254.000157"
    },
    {
        "type": "message",
        "user": "U746RD3SN",
        "text": "Vivek can you give an ETA when you will come back regarding the Wireframe ?",
        "ts": "1521515906.000176"
    }
]