[
    {
        "type": "message",
        "user": "U730RMBB3",
        "text": "Ok everyone here should have received AWS permissions from me",
        "ts": "1521126108.000742"
    },
    {
        "type": "message",
        "user": "U730RMBB3",
        "text": "if you havent logged in yet\/havent received your password yet please do",
        "ts": "1521126128.000787"
    },
    {
        "type": "message",
        "user": "U730RMBB3",
        "text": "<@U9KKCK4QN> make sure to send me last meeting's notes, I'll merge it with mine so that I can add it to the documentation.",
        "ts": "1521135322.000788"
    }
]