[
    {
        "type": "message",
        "user": "U746RD3SN",
        "text": "Lets start putting this doc in Confluence.",
        "client_msg_id": "74a13e9d-c279-4a3a-ba97-ed8704a742ef",
        "ts": "1528979782.000164"
    },
    {
        "type": "message",
        "user": "U9JT2HAP4",
        "text": "It’s added in confluence also.",
        "ts": "1528984554.000433"
    },
    {
        "type": "message",
        "user": "U746RD3SN",
        "text": "Thank you very much",
        "client_msg_id": "4473092e-792f-4639-bdc6-d0a2d23c96ed",
        "ts": "1528987924.000793"
    }
]