[
    {
        "user": "U770EERUN",
        "text": "<@U770EERUN> has joined the channel",
        "type": "message",
        "subtype": "channel_join",
        "ts": "1519044195.000417"
    },
    {
        "text": "added an integration to this channel: <https:\/\/mpinfotech.slack.com\/services\/B9C2K5AUE|incoming-webhook>",
        "bot_id": "B9C2K5AUE",
        "bot_link": "<https:\/\/mpinfotech.slack.com\/services\/B9C2K5AUE|incoming-webhook>",
        "type": "message",
        "subtype": "bot_add",
        "user": "U770EERUN",
        "ts": "1519044200.000018"
    },
    {
        "text": "removed an integration from this channel: <https:\/\/mpinfotech.slack.com\/services\/B9C2K5AUE|incoming-webhook>",
        "bot_id": "B9C2K5AUE",
        "bot_link": "<https:\/\/mpinfotech.slack.com\/services\/B9C2K5AUE|incoming-webhook>",
        "type": "message",
        "subtype": "bot_remove",
        "user": "U770EERUN",
        "ts": "1519044238.000103"
    }
]