[
    {
        "user": "U8AJ8835X",
        "text": "<@U8AJ8835X> has joined the channel",
        "type": "message",
        "subtype": "channel_join",
        "ts": "1525897391.000638"
    },
    {
        "user": "U8AJ8835X",
        "purpose": "aws notifications",
        "text": "<@U8AJ8835X> set the channel purpose: aws notifications",
        "type": "message",
        "subtype": "channel_purpose",
        "ts": "1525897392.000065"
    },
    {
        "user": "U8AJ8835X",
        "text": "<@U8AJ8835X> archived the channel",
        "type": "message",
        "subtype": "channel_archive",
        "ts": "1525897441.000344"
    }
]