[
    {
        "user": "U746RD3SN",
        "text": "<@U746RD3SN> has joined the channel",
        "type": "message",
        "subtype": "channel_join",
        "ts": "1505576319.000066"
    },
    {
        "user": "U746SCQ90",
        "text": "<@U746SCQ90> has joined the channel",
        "type": "message",
        "subtype": "channel_join",
        "ts": "1505576687.000066"
    },
    {
        "user": "U759G285D",
        "text": "<@U759G285D> has joined the channel",
        "type": "message",
        "subtype": "channel_join",
        "ts": "1505577308.000061"
    }
]