[
    {
        "type": "message",
        "user": "U746RD3SN",
        "text": "<https:\/\/thehackernews.com\/2017\/11\/parity-ethereum-wallet.html?m=1>",
        "attachments": [
            {
                "service_name": "The Hacker News",
                "title": "Oh, Crap! Someone Accidentally Triggered A Flaw That Locked Up $280 Million In Ethereum",
                "title_link": "https:\/\/thehackernews.com\/2017\/11\/parity-ethereum-wallet.html?m=1",
                "text": "Someone Accidentally Triggered A Parity Wallet Flaw That Locked Up $280 Million In Ethereum Cryptocurrency",
                "fallback": "The Hacker News: Oh, Crap! Someone Accidentally Triggered A Flaw That Locked Up $280 Million In Ethereum",
                "image_url": "https:\/\/4.bp.blogspot.com\/-5xzfEyk5dVg\/WgKkprMRS5I\/AAAAAAAAuqI\/wsCnttwV1mYOfucDzaMVCFx8zdATCs5bQCLcBGAs\/s1600\/parity-ethereum-wallet.png",
                "from_url": "https:\/\/thehackernews.com\/2017\/11\/parity-ethereum-wallet.html?m=1",
                "image_width": 479,
                "image_height": 250,
                "image_bytes": 120705,
                "service_icon": "https:\/\/thehackernews.com\/favicon.ico",
                "id": 1
            }
        ],
        "ts": "1510250867.000433"
    }
]