[
    {
        "type": "message",
        "user": "U746RD3SN",
        "text": "<https:\/\/pwsafe.org\/>",
        "attachments": [
            {
                "title": "Password Safe",
                "title_link": "https:\/\/pwsafe.org\/",
                "text": "Password Safe allows you to safely and easily create a secured and encrypted user name\/password list. With Password Safe all you have to do is create and remember a single Master Password of your choice in order to unlock and access your entire user name\/password list.",
                "fallback": "Password Safe",
                "from_url": "https:\/\/pwsafe.org\/",
                "service_name": "pwsafe.org",
                "id": 1
            }
        ],
        "ts": "1506517714.000126"
    }
]