[
    {
        "type": "message",
        "user": "U746RD3SN",
        "text": "My learning yesterday was attending all day AWS Security workshop.",
        "ts": "1510067498.000209"
    },
    {
        "type": "message",
        "user": "U746RD3SN",
        "text": "Its in New York city",
        "ts": "1510067505.000168"
    },
    {
        "type": "message",
        "subtype": "file_share",
        "text": "<@U746RD3SN> uploaded a file: <https:\/\/mpinfotech.slack.com\/files\/U746RD3SN\/F7WA3PHC4\/image_uploaded_from_ios.jpg|Image uploaded from iOS>",
        "file": {
            "id": "F7WA3PHC4",
            "created": 1510067568,
            "timestamp": 1510067568,
            "name": "Image uploaded from iOS.jpg",
            "title": "Image uploaded from iOS",
            "mimetype": "image\/jpeg",
            "filetype": "jpg",
            "pretty_type": "JPEG",
            "user": "U746RD3SN",
            "editable": false,
            "size": 4735364,
            "mode": "hosted",
            "is_external": false,
            "external_type": "",
            "is_public": true,
            "public_url_shared": false,
            "display_as_bot": false,
            "username": "",
            "url_private": "https:\/\/files.slack.com\/files-pri\/T730RMB7T-F7WA3PHC4\/image_uploaded_from_ios.jpg?t=xoxe-241025725265-384508339281-384508339409-5b92d26397ce6b615c24d77267fe6bb3",
            "url_private_download": "https:\/\/files.slack.com\/files-pri\/T730RMB7T-F7WA3PHC4\/download\/image_uploaded_from_ios.jpg?t=xoxe-241025725265-384508339281-384508339409-5b92d26397ce6b615c24d77267fe6bb3",
            "thumb_64": "https:\/\/files.slack.com\/files-tmb\/T730RMB7T-F7WA3PHC4-6298223516\/image_uploaded_from_ios_64.jpg?t=xoxe-241025725265-384508339281-384508339409-5b92d26397ce6b615c24d77267fe6bb3",
            "thumb_80": "https:\/\/files.slack.com\/files-tmb\/T730RMB7T-F7WA3PHC4-6298223516\/image_uploaded_from_ios_80.jpg?t=xoxe-241025725265-384508339281-384508339409-5b92d26397ce6b615c24d77267fe6bb3",
            "thumb_360": "https:\/\/files.slack.com\/files-tmb\/T730RMB7T-F7WA3PHC4-6298223516\/image_uploaded_from_ios_360.jpg?t=xoxe-241025725265-384508339281-384508339409-5b92d26397ce6b615c24d77267fe6bb3",
            "thumb_360_w": 360,
            "thumb_360_h": 270,
            "thumb_480": "https:\/\/files.slack.com\/files-tmb\/T730RMB7T-F7WA3PHC4-6298223516\/image_uploaded_from_ios_480.jpg?t=xoxe-241025725265-384508339281-384508339409-5b92d26397ce6b615c24d77267fe6bb3",
            "thumb_480_w": 480,
            "thumb_480_h": 360,
            "thumb_160": "https:\/\/files.slack.com\/files-tmb\/T730RMB7T-F7WA3PHC4-6298223516\/image_uploaded_from_ios_160.jpg?t=xoxe-241025725265-384508339281-384508339409-5b92d26397ce6b615c24d77267fe6bb3",
            "thumb_720": "https:\/\/files.slack.com\/files-tmb\/T730RMB7T-F7WA3PHC4-6298223516\/image_uploaded_from_ios_720.jpg?t=xoxe-241025725265-384508339281-384508339409-5b92d26397ce6b615c24d77267fe6bb3",
            "thumb_720_w": 720,
            "thumb_720_h": 540,
            "thumb_800": "https:\/\/files.slack.com\/files-tmb\/T730RMB7T-F7WA3PHC4-6298223516\/image_uploaded_from_ios_800.jpg?t=xoxe-241025725265-384508339281-384508339409-5b92d26397ce6b615c24d77267fe6bb3",
            "thumb_800_w": 800,
            "thumb_800_h": 600,
            "thumb_960": "https:\/\/files.slack.com\/files-tmb\/T730RMB7T-F7WA3PHC4-6298223516\/image_uploaded_from_ios_960.jpg?t=xoxe-241025725265-384508339281-384508339409-5b92d26397ce6b615c24d77267fe6bb3",
            "thumb_960_w": 960,
            "thumb_960_h": 720,
            "thumb_1024": "https:\/\/files.slack.com\/files-tmb\/T730RMB7T-F7WA3PHC4-6298223516\/image_uploaded_from_ios_1024.jpg?t=xoxe-241025725265-384508339281-384508339409-5b92d26397ce6b615c24d77267fe6bb3",
            "thumb_1024_w": 1024,
            "thumb_1024_h": 768,
            "image_exif_rotation": 1,
            "original_w": 4032,
            "original_h": 3024,
            "permalink": "https:\/\/mpinfotech.slack.com\/files\/U746RD3SN\/F7WA3PHC4\/image_uploaded_from_ios.jpg",
            "permalink_public": "https:\/\/slack-files.com\/T730RMB7T-F7WA3PHC4-dafe63352c",
            "channels": [],
            "groups": [],
            "ims": [],
            "comments_count": 0
        },
        "user": "U746RD3SN",
        "upload": true,
        "display_as_bot": false,
        "username": "mmurali",
        "bot_id": null,
        "upload_reply_to": "FB88B1CF-3E4C-4E7A-8A02-A6C8A49E602B",
        "ts": "1510067575.000074"
    },
    {
        "type": "message",
        "user": "U730RMBB3",
        "text": "Update for everyone doing the exam AWS Solutions Architect exam\n\nAWS has decided to launch a beta version of a new exam they want to use to replace the old one\ndetails and differences will be shown in the video linked below\n\n<https:\/\/www.facebook.com\/acloudguru\/videos\/1558249094234858\/?utm_content=educational&amp;utm_campaign=2017-11-07&amp;utm_source=email-sendgrid&amp;utm_term=646294&amp;utm_medium=362328>",
        "attachments": [
            {
                "service_name": "Facebook",
                "service_url": "https:\/\/www.facebook.com",
                "author_name": "A Cloud Guru",
                "author_link": "https:\/\/www.facebook.com\/acloudguru\/",
                "fallback": "Facebook Video: ",
                "from_url": "https:\/\/www.facebook.com\/acloudguru\/videos\/1558249094234858\/?utm_content=educational&amp;utm_campaign=2017-11-07&amp;utm_source=email-sendgrid&amp;utm_term=646294&amp;utm_medium=362328",
                "id": 1
            }
        ],
        "ts": "1510088858.000233"
    },
    {
        "type": "message",
        "user": "U746RD3SN",
        "text": "Today's AWS Security session few key points.",
        "ts": "1510097656.000063"
    },
    {
        "type": "message",
        "user": "U746RD3SN",
        "text": "Always think Security in what ever you do in AWS.  \" NO EXCEPTION and NO EXCUSES\". Always think and ask if we are provisioning \"least privilege\" and grant access ONLY to the never needed, if in down, ask for help \/ clarification. One Security mistake can take the complete AWS infrastructure that we are managing. We will be a security focused company.",
        "ts": "1510097882.000039"
    },
    {
        "type": "message",
        "user": "U746RD3SN",
        "text": "Identity and Access Management (IAM) is key and understanding how the IAM Evaluation logic and IAM Policy Evaluation Logic.",
        "ts": "1510098239.000214"
    },
    {
        "type": "message",
        "user": "U746RD3SN",
        "text": "IAM Best Practices <http:\/\/docs.aws.amazon.com\/IAM\/latest\/UserGuide\/best-practices.html>",
        "attachments": [
            {
                "title": "IAM Best Practices - AWS Identity and Access Management",
                "title_link": "http:\/\/docs.aws.amazon.com\/IAM\/latest\/UserGuide\/best-practices.html",
                "text": "Follow these guidelines and recommendations for using AWS Identity and Access Management (IAM) to help secure your AWS account and resources.",
                "fallback": "IAM Best Practices - AWS Identity and Access Management",
                "from_url": "http:\/\/docs.aws.amazon.com\/IAM\/latest\/UserGuide\/best-practices.html",
                "service_icon": "http:\/\/docs.aws.amazon.com\/images\/favicon.ico",
                "service_name": "docs.aws.amazon.com",
                "id": 1
            }
        ],
        "ts": "1510098330.000221"
    },
    {
        "type": "message",
        "user": "U746RD3SN",
        "text": "Architecture team, please focus on IAM and need have a deep understanding and define the controls that DevOps needs to understand and implement.",
        "ts": "1510098375.000359"
    },
    {
        "type": "message",
        "user": "U746RD3SN",
        "text": "S3 bucket, please understand all the properties, and how to provide access in a Security way. Hackers look for unsecured S3 buckets, and steal data.",
        "ts": "1510098587.000184"
    },
    {
        "type": "message",
        "user": "U746RD3SN",
        "text": "So it your not confident securing an S3 bucket,  please prepare yourself or speak to Prasannasai and get help.",
        "ts": "1510098774.000325"
    },
    {
        "type": "message",
        "user": "U746RD3SN",
        "text": "READ: S3 edge protection policies if you want to understand how to secure an S3 bucket.",
        "ts": "1510098881.000025"
    },
    {
        "type": "message",
        "user": "U746RD3SN",
        "text": "We recently welcome Aditya Gautam, and we will be adding one more person Arun Vikram.",
        "ts": "1510098972.000059"
    }
]