[
    {
        "type": "message",
        "user": "U746RD3SN",
        "text": "Me and Prasannasai attending the AWS Security training.",
        "ts": "1509992945.000373"
    },
    {
        "type": "message",
        "user": "U759G285D",
        "text": "When sir ",
        "ts": "1509994195.000160"
    },
    {
        "type": "message",
        "user": "U759G285D",
        "text": "I will join sir if it’s after 3 ",
        "ts": "1509994556.000669"
    },
    {
        "type": "message",
        "user": "U746RD3SN",
        "text": "Team uber not working ",
        "ts": "1510004270.000240"
    },
    {
        "type": "message",
        "user": "U746SCQ90",
        "text": "not able to connet to this number 609-3375020",
        "ts": "1510004274.000265"
    },
    {
        "type": "message",
        "user": "U746RD3SN",
        "text": "We can do hangouts",
        "ts": "1510004284.000250"
    },
    {
        "type": "message",
        "user": "U746SCQ90",
        "text": "ok",
        "ts": "1510004290.000148"
    },
    {
        "type": "message",
        "user": "U746RD3SN",
        "text": "My is is <mailto:mmeruga@gmail.com|mmeruga@gmail.com>",
        "ts": "1510004302.000163"
    },
    {
        "type": "message",
        "user": "U746RD3SN",
        "text": "Call me in hangout",
        "ts": "1510004320.000403"
    }
]