[
    {
        "user": "U8AJ8835X",
        "text": "<@U8AJ8835X> has joined the channel",
        "type": "message",
        "subtype": "channel_join",
        "ts": "1512648581.000285"
    },
    {
        "user": "U8B25LH0B",
        "text": "<@U8B25LH0B> has joined the channel",
        "type": "message",
        "subtype": "channel_join",
        "ts": "1512650256.000201"
    },
    {
        "type": "message",
        "user": "U746RD3SN",
        "text": "Team, I have sent you invites for <mailto:mpittech@gmail.com|mpittech@gmail.com> and <mailto:mpit.training@gmail.com|mpit.training@gmail.com>",
        "ts": "1512665088.000280"
    },
    {
        "type": "message",
        "user": "U746RD3SN",
        "text": "please login from your gmail ID.",
        "ts": "1512665096.000573"
    },
    {
        "type": "message",
        "user": "U746RD3SN",
        "text": "who ever have received it, please login.",
        "ts": "1512665149.000914"
    },
    {
        "user": "U8C5LET2S",
        "text": "<@U8C5LET2S> has joined the channel",
        "type": "message",
        "subtype": "channel_join",
        "ts": "1512666046.000334"
    }
]