[
    {
        "user": "U763Z9NAG",
        "text": "<@U763Z9NAG> has joined the channel",
        "type": "message",
        "subtype": "channel_join",
        "ts": "1505918115.000431"
    },
    {
        "user": "U761HUB8B",
        "text": "<@U761HUB8B> has joined the channel",
        "type": "message",
        "subtype": "channel_join",
        "ts": "1505921872.000167"
    },
    {
        "user": "U770EERUN",
        "text": "<@U770EERUN> has joined the channel",
        "type": "message",
        "subtype": "channel_join",
        "ts": "1505921898.000253"
    },
    {
        "type": "message",
        "user": "U730RMBB3",
        "text": "Just a note for everyone on the Slack, \nyou can also send messages to yourself and its a good way to take notes or reminders",
        "ts": "1505922677.000087"
    }
]