[
    {
        "type": "message",
        "user": "U730RMBB3",
        "text": "For all of you that are joining today’s morning meeting\nWould you all be more comfortable with the meeting being at 11:00? \nOr would you all prefer it be at 10:30 am as originally planned?",
        "ts": "1508163016.000645"
    },
    {
        "type": "message",
        "user": "U730RMBB3",
        "text": "*Ok guys, just a general announcement for everyone.*\n\nWe are all human, so I know that everyone will have circumstances that might slow down their work. Whether it's because you simply don't understand a concept or there's some event in your life that needs to be taken care of like college or family, *don't hesitate to communicate*. \n\nOne of the company's founding principles is to be a welcoming, open, educational and professional environment for everyone. So if there's any problem related to work, feel free to contact me, my dad Murali, or anyone else in the company. We will work with you, and this way everyone can contribute and we can all get some good work done.\n\nWe've been making some good progress so far, but once we start getting our projects going, it's full steam ahead.",
        "edited": {
            "user": "U730RMBB3",
            "ts": "1508176335.000000"
        },
        "ts": "1508176289.000010"
    }
]