[
    {
        "type": "message",
        "user": "U746RD3SN",
        "text": "We have few announcements to make",
        "ts": "1512623320.000063"
    },
    {
        "type": "message",
        "user": "U746RD3SN",
        "text": "we want to welcome Abhishek (Arch), John (Security), Ravi &amp; Manikanta (DevOps located in India office).",
        "ts": "1512623374.000194"
    },
    {
        "type": "message",
        "user": "U746RD3SN",
        "text": "Just to bring everyone upto speed, we are working on 3 projects.",
        "ts": "1512623442.000070"
    },
    {
        "type": "message",
        "user": "U746RD3SN",
        "text": "e-Tradmine (UAT buildout underway, once the application teams complete the install of application, data is migrated and validated, the e-Trademine production infrastructure buildout will start).",
        "ts": "1512623524.000002"
    },
    {
        "type": "message",
        "user": "U746RD3SN",
        "text": "Background &amp; requirements to build\nDEVELOPMENT INFRA ON CLOUD\nBuild a secure development environment in the cloud, where my the developers are able\nto login from anywhere, authenticate to the AD + TFA, and login to via RDP to a Server.\nFrom there the developer will RDP to his VDI \/ Workstation \/ EC2 instance and start developing the code.\nFrom the developer VDI \/ Workstation . EC2 instance, the developer should have access to SVN.\nDeveloper should be able to move his code to the Build network, validate his \/ her code.\n\nBUILD NETWORK\nBuild Lab: Also DevOps should have a devOps segment where all the tools and techniques are validated.\nBuild Tool Kit: EC2 instances, tools like chef, ansible, puppet.\nBuild Security: Also security network, from where assessments can be performed.\nBuild migration: two or three Segment to validate data and application migraion, including accounts and VPN and subnets.",
        "ts": "1512623943.000007"
    },
    {
        "type": "message",
        "user": "U746RD3SN",
        "text": "Restaurant analysis engine: This project is to consume data from restaurant, and other sources from external factors, and use machine learning and artificial intelligence to help restaurant managers to make informed decisions.",
        "ts": "1512624841.000048"
    }
]