[
    {
        "type": "message",
        "user": "U746RD3SN",
        "text": "Notification from AWS",
        "ts": "1519267051.000217"
    },
    {
        "type": "message",
        "user": "U746RD3SN",
        "text": "We are contacting you to let you know that the Amazon CloudWatch Dashboards[1] will be migrating to a new IAM permission policy on April 1, 2018. The new permission policy enables you to restrict and allow access to your dashboards with finer control. You may need to update your current CloudWatch IAM policy for users in your account to continue using dashboards when we migrate to the new permission policy. Please visit the CloudWatch console in any region before April 1, 2018 to check your current permissions and see if any updates are needed. \n\n\n\nToday, CloudWatch Dashboards use the permissions to PutMetricData and GetMetricData APIs (actions) in an IAM policy for read and write access. A user with PutMetricData permission is allowed to create and delete dashboards while a user with GetMetricData permission is allowed to view individual dashboards as well as the list of dashboards. As you may know, we recently launched four new APIs for Dashboards[2] – PutDashboard, DeleteDashboards, GetDashboard, and ListDashboards – to dynamically build and maintain your dashboards. Starting April 1, 2018, CloudWatch Dashboards will migrate to using the permissions to these four APIs for read and write access. The new permission policy provides you with an improved access control to your dashboards. After the migration you can, for example, restrict a user from deleting any dashboards while having the access to create or view dashboards. \n\n\n\nPlease note that if all users in your account have been assigned the “AdministratorAccess” policy, or the “CloudWatchFullAccess” policy or any similar policies that guarantees full access to CloudWatch then you do not need to make any changes. However, if any user in your account does not have such policies that user will not be able to perform part or all the actions available for CloudWatch Dashboards after April 1, 2018. To maintain the current dashboards access control and experience for such users you need to update their IAM policy before April 1, 2018. For example, the IAM policy of a user with GetMetricData permission should be updated to allow GetDashboard and ListDashboards actions. To learn more about this permission policy migration and what updates are needed, please visit here[3].  You will also see this message as a notification in CloudWatch console when you visit next time and an option to check your current dashboards permissions from CloudWatch. \n\n\n\nIf you have any questions, please contact AWS Support[4].\n\n\n\n[1] <https:\/\/docs.aws.amazon.com\/AmazonCloudWatch\/latest\/monitoring\/CloudWatch_Dashboards.html>\n\n[2] <https:\/\/aws.amazon.com\/blogs\/aws\/new-api-cloudformation-support-for-amazon-cloudwatch-dashboards\/>\n\n[3] <https:\/\/docs.aws.amazon.com\/AmazonCloudWatch\/latest\/monitoring\/dashboard-permissions-update.html>\n\n[4] <https:\/\/aws.amazon.com\/support>\nEvent data\nEvent\nCloudwatch operational notification\nStatus\n-\nRegion\/AZ\n-\nStart time\nFebruary 15, 2018 at 3:40:00 PM UTC-5\nEnd time\n-\nEvent category\nNotification",
        "attachments": [
            {
                "title": "Using Amazon CloudWatch Dashboards - Amazon CloudWatch",
                "title_link": "https:\/\/docs.aws.amazon.com\/AmazonCloudWatch\/latest\/monitoring\/CloudWatch_Dashboards.html",
                "text": "Create a CloudWatch dashboard to monitor all your AWS resources in one place.",
                "fallback": "Using Amazon CloudWatch Dashboards - Amazon CloudWatch",
                "from_url": "https:\/\/docs.aws.amazon.com\/AmazonCloudWatch\/latest\/monitoring\/CloudWatch_Dashboards.html",
                "service_icon": "https:\/\/docs.aws.amazon.com\/images\/favicon.ico",
                "service_name": "docs.aws.amazon.com",
                "id": 1
            },
            {
                "service_name": "Amazon Web Services",
                "title": "New – API &amp; CloudFormation Support for Amazon CloudWatch Dashboards | Amazon Web Services",
                "title_link": "https:\/\/aws.amazon.com\/blogs\/aws\/new-api-cloudformation-support-for-amazon-cloudwatch-dashboards\/",
                "text": "We launched CloudWatch Dashboards a couple of years ago. In the post that I wrote for the launch, I showed you how to interactively create a dashboard that displayed chosen CloudWatch metrics in graphical form. After the launch, we added additional features including a full screen mode, a dark theme, control over the range of […]",
                "fallback": "Amazon Web Services: New – API &amp; CloudFormation Support for Amazon CloudWatch Dashboards | Amazon Web Services",
                "image_url": "https:\/\/d2908q01vomqb2.cloudfront.net\/da4b9237bacccdf19c0760cab7aec4a8359010b0\/2017\/07\/05\/cw_dash_did_it_2.png",
                "image_width": 467,
                "image_height": 250,
                "ts": 1499299838,
                "from_url": "https:\/\/aws.amazon.com\/blogs\/aws\/new-api-cloudformation-support-for-amazon-cloudwatch-dashboards\/",
                "image_bytes": 112187,
                "service_icon": "http:\/\/a0.awsstatic.com\/main\/images\/site\/touch-icon-iphone-114-smile.png",
                "id": 2
            },
            {
                "title": "CloudWatch Dashboard Permissions Update - Amazon CloudWatch",
                "title_link": "https:\/\/docs.aws.amazon.com\/AmazonCloudWatch\/latest\/monitoring\/dashboard-permissions-update.html",
                "text": "Describes how you can update CloudWatch dashboard permissions to manage access to CloudWatch dashboards.",
                "fallback": "CloudWatch Dashboard Permissions Update - Amazon CloudWatch",
                "from_url": "https:\/\/docs.aws.amazon.com\/AmazonCloudWatch\/latest\/monitoring\/dashboard-permissions-update.html",
                "service_icon": "https:\/\/docs.aws.amazon.com\/images\/favicon.ico",
                "service_name": "docs.aws.amazon.com",
                "id": 3
            }
        ],
        "ts": "1519267054.000048"
    },
    {
        "type": "message",
        "user": "U746RD3SN",
        "text": "Account Id 182421520155 Someone please check",
        "ts": "1519267084.000224"
    },
    {
        "type": "message",
        "user": "U746RD3SN",
        "text": "Notification 2",
        "ts": "1519267090.000142"
    }
]