[
    {
        "type": "message",
        "subtype": "file_share",
        "text": "<@U8AJ8835X> uploaded a file: <https:\/\/mpinfotech.slack.com\/files\/U8AJ8835X\/FB0D05MDL\/awsome_day_online_conference_may2018_eng_module1_v5.pdf|Attended \"AWSome Day Online Conference\">",
        "file": {
            "id": "FB0D05MDL",
            "created": 1527787799,
            "timestamp": 1527787799,
            "name": "AWSome+Day+Online+Conference_May2018_Eng_Module1_v5.pdf",
            "title": "Attended \"AWSome Day Online Conference\"",
            "mimetype": "application\/pdf",
            "filetype": "pdf",
            "pretty_type": "PDF",
            "user": "U8AJ8835X",
            "editable": false,
            "size": 1187888,
            "mode": "hosted",
            "is_external": false,
            "external_type": "",
            "is_public": true,
            "public_url_shared": false,
            "display_as_bot": false,
            "username": "",
            "url_private": "https:\/\/files.slack.com\/files-pri\/T730RMB7T-FB0D05MDL\/awsome_day_online_conference_may2018_eng_module1_v5.pdf?t=xoxe-241025725265-384508339281-384508339409-5b92d26397ce6b615c24d77267fe6bb3",
            "url_private_download": "https:\/\/files.slack.com\/files-pri\/T730RMB7T-FB0D05MDL\/download\/awsome_day_online_conference_may2018_eng_module1_v5.pdf?t=xoxe-241025725265-384508339281-384508339409-5b92d26397ce6b615c24d77267fe6bb3",
            "thumb_pdf": "https:\/\/files.slack.com\/files-tmb\/T730RMB7T-FB0D05MDL-82e33c7271\/awsome_day_online_conference_may2018_eng_module1_v5_thumb_pdf.png?t=xoxe-241025725265-384508339281-384508339409-5b92d26397ce6b615c24d77267fe6bb3",
            "thumb_pdf_w": 1100,
            "thumb_pdf_h": 619,
            "permalink": "https:\/\/mpinfotech.slack.com\/files\/U8AJ8835X\/FB0D05MDL\/awsome_day_online_conference_may2018_eng_module1_v5.pdf",
            "permalink_public": "https:\/\/slack-files.com\/T730RMB7T-FB0D05MDL-bb42cc2feb",
            "channels": [],
            "groups": [],
            "ims": [],
            "comments_count": 0
        },
        "user": "U8AJ8835X",
        "upload": true,
        "display_as_bot": false,
        "username": "ravi",
        "bot_id": null,
        "ts": "1527787800.000564"
    },
    {
        "type": "message",
        "subtype": "file_share",
        "text": "<@U8AJ8835X> uploaded a file: <https:\/\/mpinfotech.slack.com\/files\/U8AJ8835X\/FAYR4UHA4\/awsome_day_online_conference_may2018_eng_module2_.pdf|AWSome+Day+Online+Conference_May2018_Eng_Module2_.pdf>",
        "file": {
            "id": "FAYR4UHA4",
            "created": 1527787837,
            "timestamp": 1527787837,
            "name": "AWSome+Day+Online+Conference_May2018_Eng_Module2_.pdf",
            "title": "AWSome+Day+Online+Conference_May2018_Eng_Module2_.pdf",
            "mimetype": "application\/pdf",
            "filetype": "pdf",
            "pretty_type": "PDF",
            "user": "U8AJ8835X",
            "editable": false,
            "size": 1773201,
            "mode": "hosted",
            "is_external": false,
            "external_type": "",
            "is_public": true,
            "public_url_shared": false,
            "display_as_bot": false,
            "username": "",
            "url_private": "https:\/\/files.slack.com\/files-pri\/T730RMB7T-FAYR4UHA4\/awsome_day_online_conference_may2018_eng_module2_.pdf?t=xoxe-241025725265-384508339281-384508339409-5b92d26397ce6b615c24d77267fe6bb3",
            "url_private_download": "https:\/\/files.slack.com\/files-pri\/T730RMB7T-FAYR4UHA4\/download\/awsome_day_online_conference_may2018_eng_module2_.pdf?t=xoxe-241025725265-384508339281-384508339409-5b92d26397ce6b615c24d77267fe6bb3",
            "thumb_pdf": "https:\/\/files.slack.com\/files-tmb\/T730RMB7T-FAYR4UHA4-e4c5482141\/awsome_day_online_conference_may2018_eng_module2__thumb_pdf.png?t=xoxe-241025725265-384508339281-384508339409-5b92d26397ce6b615c24d77267fe6bb3",
            "thumb_pdf_w": 1100,
            "thumb_pdf_h": 619,
            "permalink": "https:\/\/mpinfotech.slack.com\/files\/U8AJ8835X\/FAYR4UHA4\/awsome_day_online_conference_may2018_eng_module2_.pdf",
            "permalink_public": "https:\/\/slack-files.com\/T730RMB7T-FAYR4UHA4-65340506e3",
            "channels": [],
            "groups": [],
            "ims": [],
            "comments_count": 0
        },
        "user": "U8AJ8835X",
        "upload": true,
        "display_as_bot": false,
        "username": "ravi",
        "bot_id": null,
        "ts": "1527787839.000057"
    },
    {
        "type": "message",
        "subtype": "file_share",
        "text": "<@U8AJ8835X> uploaded a file: <https:\/\/mpinfotech.slack.com\/files\/U8AJ8835X\/FAZ9L6XLL\/awsome_day_online_conference_may2018_eng_module3_v4.pdf|AWSome+Day+Online+Conference_May2018_Eng_Module3_v4.pdf>",
        "file": {
            "id": "FAZ9L6XLL",
            "created": 1527787842,
            "timestamp": 1527787842,
            "name": "AWSome+Day+Online+Conference_May2018_Eng_Module3_v4.pdf",
            "title": "AWSome+Day+Online+Conference_May2018_Eng_Module3_v4.pdf",
            "mimetype": "application\/pdf",
            "filetype": "pdf",
            "pretty_type": "PDF",
            "user": "U8AJ8835X",
            "editable": false,
            "size": 2640906,
            "mode": "hosted",
            "is_external": false,
            "external_type": "",
            "is_public": true,
            "public_url_shared": false,
            "display_as_bot": false,
            "username": "",
            "url_private": "https:\/\/files.slack.com\/files-pri\/T730RMB7T-FAZ9L6XLL\/awsome_day_online_conference_may2018_eng_module3_v4.pdf?t=xoxe-241025725265-384508339281-384508339409-5b92d26397ce6b615c24d77267fe6bb3",
            "url_private_download": "https:\/\/files.slack.com\/files-pri\/T730RMB7T-FAZ9L6XLL\/download\/awsome_day_online_conference_may2018_eng_module3_v4.pdf?t=xoxe-241025725265-384508339281-384508339409-5b92d26397ce6b615c24d77267fe6bb3",
            "thumb_pdf": "https:\/\/files.slack.com\/files-tmb\/T730RMB7T-FAZ9L6XLL-0e8dc236b9\/awsome_day_online_conference_may2018_eng_module3_v4_thumb_pdf.png?t=xoxe-241025725265-384508339281-384508339409-5b92d26397ce6b615c24d77267fe6bb3",
            "thumb_pdf_w": 1100,
            "thumb_pdf_h": 619,
            "permalink": "https:\/\/mpinfotech.slack.com\/files\/U8AJ8835X\/FAZ9L6XLL\/awsome_day_online_conference_may2018_eng_module3_v4.pdf",
            "permalink_public": "https:\/\/slack-files.com\/T730RMB7T-FAZ9L6XLL-a52907b115",
            "channels": [],
            "groups": [],
            "ims": [],
            "comments_count": 0
        },
        "user": "U8AJ8835X",
        "upload": true,
        "display_as_bot": false,
        "username": "ravi",
        "bot_id": null,
        "ts": "1527787844.000723"
    },
    {
        "type": "message",
        "subtype": "file_share",
        "text": "<@U8AJ8835X> uploaded a file: <https:\/\/mpinfotech.slack.com\/files\/U8AJ8835X\/FAZ9L94TW\/awsome_day_online_conference_may2018_eng_module4_v4.pdf|AWSome+Day+Online+Conference_May2018_Eng_Module4_v4.pdf>",
        "file": {
            "id": "FAZ9L94TW",
            "created": 1527787847,
            "timestamp": 1527787847,
            "name": "AWSome+Day+Online+Conference_May2018_Eng_Module4_v4.pdf",
            "title": "AWSome+Day+Online+Conference_May2018_Eng_Module4_v4.pdf",
            "mimetype": "application\/pdf",
            "filetype": "pdf",
            "pretty_type": "PDF",
            "user": "U8AJ8835X",
            "editable": false,
            "size": 1027487,
            "mode": "hosted",
            "is_external": false,
            "external_type": "",
            "is_public": true,
            "public_url_shared": false,
            "display_as_bot": false,
            "username": "",
            "url_private": "https:\/\/files.slack.com\/files-pri\/T730RMB7T-FAZ9L94TW\/awsome_day_online_conference_may2018_eng_module4_v4.pdf?t=xoxe-241025725265-384508339281-384508339409-5b92d26397ce6b615c24d77267fe6bb3",
            "url_private_download": "https:\/\/files.slack.com\/files-pri\/T730RMB7T-FAZ9L94TW\/download\/awsome_day_online_conference_may2018_eng_module4_v4.pdf?t=xoxe-241025725265-384508339281-384508339409-5b92d26397ce6b615c24d77267fe6bb3",
            "thumb_pdf": "https:\/\/files.slack.com\/files-tmb\/T730RMB7T-FAZ9L94TW-af5dfc3f83\/awsome_day_online_conference_may2018_eng_module4_v4_thumb_pdf.png?t=xoxe-241025725265-384508339281-384508339409-5b92d26397ce6b615c24d77267fe6bb3",
            "thumb_pdf_w": 1100,
            "thumb_pdf_h": 619,
            "permalink": "https:\/\/mpinfotech.slack.com\/files\/U8AJ8835X\/FAZ9L94TW\/awsome_day_online_conference_may2018_eng_module4_v4.pdf",
            "permalink_public": "https:\/\/slack-files.com\/T730RMB7T-FAZ9L94TW-95526708ed",
            "channels": [],
            "groups": [],
            "ims": [],
            "comments_count": 0
        },
        "user": "U8AJ8835X",
        "upload": true,
        "display_as_bot": false,
        "username": "ravi",
        "bot_id": null,
        "ts": "1527787850.000177"
    },
    {
        "type": "message",
        "subtype": "file_share",
        "text": "<@U8AJ8835X> uploaded a file: <https:\/\/mpinfotech.slack.com\/files\/U8AJ8835X\/FB0D0SS0N\/awsome_day_online_conference_may2018_eng_module5_v4.pdf|AWSome+Day+Online+Conference_May2018_Eng_Module5_v4.pdf>",
        "file": {
            "id": "FB0D0SS0N",
            "created": 1527787852,
            "timestamp": 1527787852,
            "name": "AWSome+Day+Online+Conference_May2018_Eng_Module5_v4.pdf",
            "title": "AWSome+Day+Online+Conference_May2018_Eng_Module5_v4.pdf",
            "mimetype": "application\/pdf",
            "filetype": "pdf",
            "pretty_type": "PDF",
            "user": "U8AJ8835X",
            "editable": false,
            "size": 1029707,
            "mode": "hosted",
            "is_external": false,
            "external_type": "",
            "is_public": true,
            "public_url_shared": false,
            "display_as_bot": false,
            "username": "",
            "url_private": "https:\/\/files.slack.com\/files-pri\/T730RMB7T-FB0D0SS0N\/awsome_day_online_conference_may2018_eng_module5_v4.pdf?t=xoxe-241025725265-384508339281-384508339409-5b92d26397ce6b615c24d77267fe6bb3",
            "url_private_download": "https:\/\/files.slack.com\/files-pri\/T730RMB7T-FB0D0SS0N\/download\/awsome_day_online_conference_may2018_eng_module5_v4.pdf?t=xoxe-241025725265-384508339281-384508339409-5b92d26397ce6b615c24d77267fe6bb3",
            "thumb_pdf": "https:\/\/files.slack.com\/files-tmb\/T730RMB7T-FB0D0SS0N-28b06160af\/awsome_day_online_conference_may2018_eng_module5_v4_thumb_pdf.png?t=xoxe-241025725265-384508339281-384508339409-5b92d26397ce6b615c24d77267fe6bb3",
            "thumb_pdf_w": 1100,
            "thumb_pdf_h": 619,
            "permalink": "https:\/\/mpinfotech.slack.com\/files\/U8AJ8835X\/FB0D0SS0N\/awsome_day_online_conference_may2018_eng_module5_v4.pdf",
            "permalink_public": "https:\/\/slack-files.com\/T730RMB7T-FB0D0SS0N-76e486653e",
            "channels": [],
            "groups": [],
            "ims": [],
            "comments_count": 0
        },
        "user": "U8AJ8835X",
        "upload": true,
        "display_as_bot": false,
        "username": "ravi",
        "bot_id": null,
        "ts": "1527787854.000127"
    },
    {
        "type": "message",
        "user": "U8AJ8835X",
        "text": "Attended \"AWSome Day Online Conference\" today",
        "ts": "1527787878.000513"
    },
    {
        "type": "message",
        "user": "U9R2J9HCG",
        "text": "Matt Update : Exploring Jira - How to prevent Parent issues from Transitioning to the next state while the sub tasks are still in open state",
        "ts": "1527822256.000200"
    }
]