[
    {
        "type": "message",
        "user": "U9JT2HAP4",
        "text": "My update:\nPreparing document on IAM policies.",
        "ts": "1522369099.000029"
    },
    {
        "type": "message",
        "user": "U746RD3SN",
        "text": "My update: I am working on the deck for MRADAR.",
        "ts": "1522369565.000160"
    },
    {
        "type": "message",
        "user": "U9MF5E7PF",
        "text": "```\nMy update:\nInstalled ansible on redhat server and required packges like python, pip,boto and ec2-ami-tools\nCreated AMI for the same\n```",
        "ts": "1522370853.000251"
    },
    {
        "type": "message",
        "user": "U8B25LH0B",
        "text": "My update: learning Python to create lambda functions",
        "client_msg_id": "f79f4fb2-ee0d-481a-82fd-ceab821fdd4f",
        "ts": "1522379014.000046"
    }
]