[
    {
        "type": "message",
        "subtype": "file_share",
        "text": "<@U746RD3SN> uploaded a file: <https:\/\/mpinfotech.slack.com\/files\/U746RD3SN\/FA7G22M9D\/image_uploaded_from_ios.jpg|Slack for iOS Upload.jpg> and commented: Team\n\nWe are happy to announce to get into a technology partnership with Alertlogic (<http:\/\/www.alertlogic.com|www.alertlogic.com>) for Managed Security Services platform, and we will use them as a platform of choice for on-premise customers and cloud based customers.\n\nHaving said that, as we get MPIT Labs and any paid customers into this service, so that it can secure their sites. we are going to build a SOC infrastructure in US EAST and US WEST, there by the teams can login to the SOC from US office or India office and monitor the infrastructure 7 x 24.\n\nWe will start the development of integrating the Alertlogic platform via API into MRADAR.\n\nManagement team is working on few more technology partnerships which will expand out breadth of technologies and our capabilities to meet customers needs.\n",
        "file": {
            "id": "FA7G22M9D",
            "created": 1523633048,
            "timestamp": 1523633048,
            "name": "Image uploaded from iOS.jpg",
            "title": "Slack for iOS Upload.jpg",
            "mimetype": "image\/jpeg",
            "filetype": "jpg",
            "pretty_type": "JPEG",
            "user": "U746RD3SN",
            "editable": false,
            "size": 18386775,
            "mode": "hosted",
            "is_external": false,
            "external_type": "",
            "is_public": true,
            "public_url_shared": false,
            "display_as_bot": false,
            "username": "",
            "url_private": "https:\/\/files.slack.com\/files-pri\/T730RMB7T-FA7G22M9D\/image_uploaded_from_ios.jpg?t=xoxe-241025725265-384508339281-384508339409-5b92d26397ce6b615c24d77267fe6bb3",
            "url_private_download": "https:\/\/files.slack.com\/files-pri\/T730RMB7T-FA7G22M9D\/download\/image_uploaded_from_ios.jpg?t=xoxe-241025725265-384508339281-384508339409-5b92d26397ce6b615c24d77267fe6bb3",
            "thumb_64": "https:\/\/files.slack.com\/files-tmb\/T730RMB7T-FA7G22M9D-ca8176e27a\/image_uploaded_from_ios_64.jpg?t=xoxe-241025725265-384508339281-384508339409-5b92d26397ce6b615c24d77267fe6bb3",
            "thumb_80": "https:\/\/files.slack.com\/files-tmb\/T730RMB7T-FA7G22M9D-ca8176e27a\/image_uploaded_from_ios_80.jpg?t=xoxe-241025725265-384508339281-384508339409-5b92d26397ce6b615c24d77267fe6bb3",
            "thumb_360": "https:\/\/files.slack.com\/files-tmb\/T730RMB7T-FA7G22M9D-ca8176e27a\/image_uploaded_from_ios_360.jpg?t=xoxe-241025725265-384508339281-384508339409-5b92d26397ce6b615c24d77267fe6bb3",
            "thumb_360_w": 360,
            "thumb_360_h": 270,
            "thumb_480": "https:\/\/files.slack.com\/files-tmb\/T730RMB7T-FA7G22M9D-ca8176e27a\/image_uploaded_from_ios_480.jpg?t=xoxe-241025725265-384508339281-384508339409-5b92d26397ce6b615c24d77267fe6bb3",
            "thumb_480_w": 480,
            "thumb_480_h": 360,
            "thumb_160": "https:\/\/files.slack.com\/files-tmb\/T730RMB7T-FA7G22M9D-ca8176e27a\/image_uploaded_from_ios_160.jpg?t=xoxe-241025725265-384508339281-384508339409-5b92d26397ce6b615c24d77267fe6bb3",
            "thumb_720": "https:\/\/files.slack.com\/files-tmb\/T730RMB7T-FA7G22M9D-ca8176e27a\/image_uploaded_from_ios_720.jpg?t=xoxe-241025725265-384508339281-384508339409-5b92d26397ce6b615c24d77267fe6bb3",
            "thumb_720_w": 720,
            "thumb_720_h": 540,
            "thumb_800": "https:\/\/files.slack.com\/files-tmb\/T730RMB7T-FA7G22M9D-ca8176e27a\/image_uploaded_from_ios_800.jpg?t=xoxe-241025725265-384508339281-384508339409-5b92d26397ce6b615c24d77267fe6bb3",
            "thumb_800_w": 800,
            "thumb_800_h": 600,
            "thumb_960": "https:\/\/files.slack.com\/files-tmb\/T730RMB7T-FA7G22M9D-ca8176e27a\/image_uploaded_from_ios_960.jpg?t=xoxe-241025725265-384508339281-384508339409-5b92d26397ce6b615c24d77267fe6bb3",
            "thumb_960_w": 960,
            "thumb_960_h": 720,
            "thumb_1024": "https:\/\/files.slack.com\/files-tmb\/T730RMB7T-FA7G22M9D-ca8176e27a\/image_uploaded_from_ios_1024.jpg?t=xoxe-241025725265-384508339281-384508339409-5b92d26397ce6b615c24d77267fe6bb3",
            "thumb_1024_w": 1024,
            "thumb_1024_h": 768,
            "image_exif_rotation": 1,
            "original_w": 4032,
            "original_h": 3024,
            "permalink": "https:\/\/mpinfotech.slack.com\/files\/U746RD3SN\/FA7G22M9D\/image_uploaded_from_ios.jpg",
            "permalink_public": "https:\/\/slack-files.com\/T730RMB7T-FA7G22M9D-341e0ba60b",
            "channels": [],
            "groups": [],
            "ims": [],
            "comments_count": 1,
            "initial_comment": {
                "id": "FcA5PJ27PS",
                "created": 1523633048,
                "timestamp": 1523633048,
                "user": "U746RD3SN",
                "is_intro": true,
                "comment": "Team\n\nWe are happy to announce to get into a technology partnership with Alertlogic (<http:\/\/www.alertlogic.com|www.alertlogic.com>) for Managed Security Services platform, and we will use them as a platform of choice for on-premise customers and cloud based customers.\n\nHaving said that, as we get MPIT Labs and any paid customers into this service, so that it can secure their sites. we are going to build a SOC infrastructure in US EAST and US WEST, there by the teams can login to the SOC from US office or India office and monitor the infrastructure 7 x 24.\n\nWe will start the development of integrating the Alertlogic platform via API into MRADAR.\n\nManagement team is working on few more technology partnerships which will expand out breadth of technologies and our capabilities to meet customers needs.\n"
            }
        },
        "user": "U746RD3SN",
        "upload": true,
        "display_as_bot": false,
        "username": "mmurali",
        "bot_id": null,
        "upload_reply_to": "2ECAC12C-9945-459E-BE07-9DFF951BCD76",
        "ts": "1523633058.000712"
    },
    {
        "type": "message",
        "user": "U74STF4HJ",
        "text": "Congratulations Murali and Team. This is great way to start. MRDAR should be central dashboard so one stop for security, infra and monitoring",
        "client_msg_id": "af762648-b97f-47b0-90e7-f4c626a9e65d",
        "ts": "1523633675.000692"
    },
    {
        "type": "message",
        "user": "U730RMBB3",
        "text": "Guys the participant pin for the zenith bridge is \n22839\nPlease remember this uberconference is only used for the 3:30pm EST daily huddles \nAll other meetings are held on the psai6 uberconference",
        "client_msg_id": "FCD11CE2-65AC-4970-B02E-4B243E7C0AE5",
        "edited": {
            "user": "U730RMBB3",
            "ts": "1523647635.000000"
        },
        "ts": "1523647591.000515"
    },
    {
        "type": "message",
        "user": "U9R2J9HCG",
        "text": "Thanks Sai",
        "ts": "1523647847.000030"
    }
]