[
    {
        "type": "message",
        "user": "U9R2J9HCG",
        "text": "My Update: Meeting Minutes for Daily Hurdle Uploaded to Confluence. Working on WBS.",
        "ts": "1524145126.000016"
    },
    {
        "type": "message",
        "user": "U9R2J9HCG",
        "text": "Link to Meeting Minutes: <https:\/\/mpinfotech.atlassian.net\/wiki\/spaces\/MM\/pages\/148570113\/Daily+Hurdle+Meeting+Minutes+-+4+18>",
        "ts": "1524145454.000265"
    },
    {
        "type": "message",
        "user": "U9R2J9HCG",
        "text": "Kindly review the same and let me know if anything is missed out",
        "ts": "1524145484.000211"
    },
    {
        "type": "message",
        "user": "U9JT2HAP4",
        "text": "My Update:\nAdded OS hardening scripts shared by Parvathi to bitbucket under MPITSecurity repo.\nWorked with Vidyulatha to troubleshoot and fix fatal error:403 when trying to clone aws codecommit repo from windows instances.",
        "ts": "1524191668.000078"
    },
    {
        "type": "message",
        "user": "U746RD3SN",
        "text": "Can one of you give me a demo on bit bucket how its done and how the scripts are stored.",
        "client_msg_id": "3295C42A-9B7A-4694-A6BB-CE54C8BADA7C",
        "ts": "1524206687.000136"
    }
]