[
    {
        "type": "message",
        "user": "U746RD3SN",
        "text": "Announcement: Daily updates by everyone has to be published in your respective channels. Its mandatory.",
        "ts": "1527032064.000193"
    },
    {
        "type": "message",
        "user": "U746RD3SN",
        "text": "A resource from India, will compile a spreadsheet of daily updates from the team from SLACK and publish to management a weekly report.",
        "ts": "1527032123.000176"
    },
    {
        "type": "message",
        "user": "U746RD3SN",
        "text": "If you are an OPT \/ CPT - As part of your CPT program, you are suppose to send weekly reports, and currently we are not receiving them nor your leader is receiving them. If we dont receive, and it would be documented in your quarterly performance reviews which might be accessed by your collage or USCIS. Compliance is mandatory. Please dont tell at the later date when reviews are happening when your leader points out his gap and documented in reviews.",
        "ts": "1527032370.000246"
    },
    {
        "type": "message",
        "user": "U746RD3SN",
        "text": "Starting today, everyone in Technology (all the way upto Sai), please publish your updates. (your work, your reading, problem solving, bug fixing, proof of concept, documentation, anything you do, please submit).",
        "ts": "1527032467.000141"
    },
    {
        "type": "message",
        "user": "U9R2J9HCG",
        "text": "Matt Update: Worked on Weekly Report, CTRM &amp; MPIT Cloud Offerings Meeting Minutes",
        "ts": "1527043905.000241"
    }
]