[
    {
        "type": "message",
        "user": "U8B25LH0B",
        "text": "Hi guys, as i am learning Lambda,i am getting stuck with some errors i want someone to work with me in lambda .so that both can work together \nand share knowledge and  resolve the errors.Thank you",
        "ts": "1525438731.000206"
    },
    {
        "type": "message",
        "user": "U730RMBB3",
        "text": "<@U8AJ8835X> and <@U9606M37C> you both should already  be working with Manikanta\n",
        "client_msg_id": "85980282-1F10-4DCC-9DB9-9160DB0C9A1C",
        "ts": "1525443961.000159"
    }
]