[
    {
        "type": "message",
        "user": "U730RMBB3",
        "text": "Organizational updates:\n\nI am happy to announce the following organizational changes,  Vidyulatha Dusetty will take over the responsibility of leading the DevOps team for MPIT, and reporting directly to me.\n\nShe will be responsible for design – build – operate of the Cloud Transformation Services. All of the DevOps resources will report to her with immediate effect.\n\nProject Managers assigned on projects will work with Vidyulatha to enable her in delivering the projects.\nPrasanna will be PM for DevOps Studio and will work with Vidyulatha to organize the project\n\nMatt will be PM for MRADAR and will work with me to organize that project\n\nI will now be more focused on Cyber \/ Information Security Services. However I still will pay attention to everything from a top level to make sure everything is meshing smoothly. \n\nGood luck Vidyulatha, We wish you all the success in your new role. :+1::+1::+1:\n\n",
        "client_msg_id": "F779BDDF-A3A6-43BB-930D-1C73AADCC5BA",
        "ts": "1524060401.000719"
    },
    {
        "type": "message",
        "user": "U9R2J9HCG",
        "text": "Congrats Vidyulatha",
        "client_msg_id": "22c4d385-41f8-470e-8ab8-49d1bb33d9b2",
        "ts": "1524060524.000891"
    },
    {
        "type": "message",
        "user": "U746SCQ90",
        "text": "Thank you Sai and Matt:+1::blush:",
        "ts": "1524060561.000432"
    },
    {
        "type": "message",
        "user": "U746SCQ90",
        "text": "Thank you Murali Sir for the opportunity in the Organization",
        "ts": "1524060805.000710"
    },
    {
        "type": "message",
        "user": "U9MF5E7PF",
        "text": "Congratulation Vidyulatha and Matt.",
        "ts": "1524060883.000648"
    },
    {
        "type": "message",
        "user": "U74STF4HJ",
        "text": "Congratulations Vidyuthlatha and Sai. Good luck in your roles.",
        "client_msg_id": "a384344b-bad8-4b55-905e-accb0c78ea7b",
        "ts": "1524060910.000311"
    },
    {
        "type": "message",
        "user": "U98U42YGK",
        "text": "Congratulations Vidyulatha and Matt.:+1:",
        "ts": "1524061614.000864"
    },
    {
        "type": "message",
        "user": "U74STF4HJ",
        "text": "Good luck to Matt and Prasanna",
        "client_msg_id": "159c412f-37d7-4428-9345-a2ba01b3ed13",
        "ts": "1524061699.000148"
    },
    {
        "type": "message",
        "user": "U9M7W1F1B",
        "text": "Congrats Vidyulatha and Matt !!",
        "ts": "1524061774.000636"
    },
    {
        "type": "message",
        "user": "U746SCQ90",
        "text": "Thank you One and all .. will be successfull in my role only with all of u guys support ..:blush:",
        "ts": "1524061943.000488"
    },
    {
        "type": "message",
        "user": "U9R2J9HCG",
        "text": "Thank you all for the wishes.",
        "client_msg_id": "581a1362-1f18-4cb9-aadf-944de226fb19",
        "ts": "1524062254.000106"
    },
    {
        "type": "message",
        "user": "U9JT2HAP4",
        "text": "Congrats Matt and Vidyulatha..:blush:",
        "ts": "1524065427.000117"
    },
    {
        "type": "message",
        "user": "U74DWDY76",
        "text": "Congrats Matt and Vidyulatha.",
        "client_msg_id": "C09B75D8-DBCE-4B3E-96FB-83C264B31E95",
        "ts": "1524065555.000892"
    },
    {
        "type": "message",
        "user": "U746RD3SN",
        "text": "Congratulations Vidyulatha and wish you good luck.",
        "client_msg_id": "9D43B308-BD68-4540-9B51-E20172830805",
        "ts": "1524072265.000744"
    },
    {
        "type": "message",
        "user": "U9JT2HAP4",
        "text": "My Update:\nCreated repositories for Devops Studio and Mradar in bitbucket.\nAdded IAM scripts under Security repo in bitbucket.\n",
        "ts": "1524101216.000191"
    },
    {
        "type": "message",
        "user": "U9MF5E7PF",
        "text": "My Update: \nReading about CoreOS and Terrraform",
        "ts": "1524101856.000003"
    }
]