[
    {
        "type": "message",
        "user": "U746RD3SN",
        "text": "<https:\/\/pwsafe.org\/>",
        "attachments": [
            {
                "title": "Password Safe",
                "title_link": "https:\/\/pwsafe.org\/",
                "text": "Password Safe allows you to safely and easily create a secured and encrypted user name\/password list. With Password Safe all you have to do is create and remember a single Master Password of your choice in order to unlock and access your entire user name\/password list.",
                "fallback": "Password Safe",
                "from_url": "https:\/\/pwsafe.org\/",
                "service_name": "pwsafe.org",
                "id": 1,
                "original_url": "https:\/\/pwsafe.org\/"
            }
        ],
        "ts": "1525381733.000590"
    },
    {
        "type": "message",
        "user": "U746RD3SN",
        "text": "please use this software for storing password safe",
        "ts": "1525381741.000483"
    },
    {
        "type": "message",
        "user": "U746RD3SN",
        "text": "on your local computers.",
        "ts": "1525382874.000064"
    },
    {
        "type": "message",
        "user": "U746RD3SN",
        "text": "Its safe and I have been using it for so many years.",
        "ts": "1525382887.000307"
    },
    {
        "type": "message",
        "user": "U746RD3SN",
        "text": "This also helps to generate passwords, so that you dont have 1 password for accounts",
        "ts": "1525382911.000318"
    },
    {
        "type": "message",
        "user": "U746RD3SN",
        "text": "Also make sure you have an active antivirus installed and working.",
        "ts": "1525382937.000400"
    }
]