[
    {
        "type": "message",
        "user": "U746RD3SN",
        "text": "AWS Partner-net all of you should be having the access, if anyone doesnt have access please email <mailto:support@mpinfotech.com|support@mpinfotech.com> requesting access. if you have been given access, please login and go through the following.",
        "ts": "1521335012.000015"
    },
    {
        "type": "message",
        "user": "U746RD3SN",
        "text": "<https:\/\/aws.amazon.com\/partners\/training\/>",
        "attachments": [
            {
                "service_name": "Amazon Web Services, Inc.",
                "title": "Partner Training &amp; Certification",
                "title_link": "https:\/\/aws.amazon.com\/partners\/training\/",
                "text": "Training and AWS Certification resources for AWS APN Partners.",
                "fallback": "Amazon Web Services, Inc.: Partner Training &amp; Certification",
                "thumb_url": "https:\/\/a0.awsstatic.com\/main\/images\/logos\/aws_logo_smile_179x109.png",
                "from_url": "https:\/\/aws.amazon.com\/partners\/training\/",
                "thumb_width": 179,
                "thumb_height": 109,
                "service_icon": "https:\/\/a0.awsstatic.com\/main\/images\/site\/touch-icon-iphone-114-smile.png",
                "id": 1
            }
        ],
        "ts": "1521335015.000045"
    },
    {
        "type": "message",
        "user": "U746RD3SN",
        "text": "Business Professional training and Technical Professional training.",
        "ts": "1521335059.000040"
    },
    {
        "type": "message",
        "user": "U746RD3SN",
        "text": "If you are resource working in Architecture and Project then you need to do AWS Business Professional and AWS TCO and Cloud Economics",
        "ts": "1521335138.000001"
    },
    {
        "type": "message",
        "user": "U746RD3SN",
        "text": "If you are developer or devops or security then you need to do AWS Technical Professional, AWS TCO and Cloud Economics,",
        "ts": "1521335212.000047"
    },
    {
        "type": "message",
        "user": "U746RD3SN",
        "text": "There are other topics which on online in these two topics (Business Professional and Technical Professional), if its free please fell free to go through the training and take advantage of expanding your knowledge.",
        "ts": "1521335255.000019"
    }
]