[
    {
        "type": "message",
        "user": "U730RMBB3",
        "text": "Ok guys",
        "ts": "1518726891.000197"
    },
    {
        "type": "message",
        "user": "U730RMBB3",
        "text": "something happened to the bridge",
        "ts": "1518726896.000154"
    },
    {
        "type": "message",
        "user": "U730RMBB3",
        "text": "apparently I'm not the only one",
        "ts": "1518726906.000538"
    },
    {
        "type": "message",
        "user": "U730RMBB3",
        "text": "but I can't access Uberconference or the phone number for the bridge",
        "ts": "1518726919.000600"
    },
    {
        "type": "message",
        "user": "U746SCQ90",
        "text": "Yes",
        "ts": "1518726921.000110"
    },
    {
        "type": "message",
        "user": "U730RMBB3",
        "text": "ok",
        "ts": "1518726931.000259"
    },
    {
        "type": "message",
        "user": "U730RMBB3",
        "text": "so what we'll do is that for today we'll hold the updates here",
        "ts": "1518726945.000244"
    },
    {
        "type": "message",
        "user": "U730RMBB3",
        "text": "in the general channel",
        "ts": "1518726948.000269"
    },
    {
        "type": "message",
        "user": "U730RMBB3",
        "text": "so when you're ready just say \"I'm ready\" so I can know who's participating in providing updates",
        "ts": "1518726998.000026"
    },
    {
        "type": "message",
        "user": "U746SCQ90",
        "text": "I’m ready ",
        "ts": "1518727029.000397"
    },
    {
        "type": "message",
        "user": "U746RD3SN",
        "text": "I’m ready",
        "ts": "1518727060.000539"
    },
    {
        "type": "message",
        "user": "U730RMBB3",
        "text": "ok we'll wait to see if anyone else participates",
        "ts": "1518727174.000610"
    },
    {
        "type": "message",
        "user": "U730RMBB3",
        "text": "I'll give them 5 minutes",
        "ts": "1518727196.000387"
    },
    {
        "type": "message",
        "user": "U730RMBB3",
        "text": "<@U98TG96PP> <@U98U42YGK> You both available?",
        "ts": "1518727255.000221"
    },
    {
        "type": "message",
        "user": "U98TG96PP",
        "text": "Yes ",
        "ts": "1518727267.000573"
    },
    {
        "type": "message",
        "user": "U730RMBB3",
        "text": "ok hopefully Siva comes online",
        "ts": "1518727290.000311"
    },
    {
        "type": "message",
        "user": "U730RMBB3",
        "text": "<@U8GC9C5M1> you available too?",
        "ts": "1518727305.000129"
    },
    {
        "type": "message",
        "user": "U98U42YGK",
        "text": "Yes",
        "ts": "1518727359.000117"
    },
    {
        "type": "message",
        "user": "U730RMBB3",
        "text": "Ok lets get started then so we don't waste time",
        "ts": "1518727380.000343"
    },
    {
        "type": "message",
        "user": "U730RMBB3",
        "text": "so today's morning meeting was more about getting Arun and Siva set up",
        "ts": "1518727395.000160"
    },
    {
        "type": "message",
        "user": "U730RMBB3",
        "text": "I've provided them with a duplicate of the Jenkins instance that they have the key for",
        "ts": "1518727414.000621"
    },
    {
        "type": "message",
        "user": "U730RMBB3",
        "text": "and with that they've been tasked with troubleshooting why Jenkins doesn't connect with CodeCOmmit",
        "ts": "1518727441.000155"
    },
    {
        "type": "message",
        "user": "U730RMBB3",
        "text": "*codecommit",
        "ts": "1518727444.000363"
    },
    {
        "type": "message",
        "user": "U730RMBB3",
        "text": "so Arun and Siva do you have any updates on any changes or progress made so far?",
        "ts": "1518727462.000456"
    },
    {
        "type": "message",
        "user": "U98TG96PP",
        "text": "No",
        "ts": "1518727489.000121"
    },
    {
        "type": "message",
        "user": "U98U42YGK",
        "text": "No we are still working on it",
        "ts": "1518727494.000101"
    },
    {
        "type": "message",
        "user": "U730RMBB3",
        "text": "ok do you know what you've done so far?",
        "ts": "1518727511.000183"
    },
    {
        "type": "message",
        "user": "U98U42YGK",
        "text": "aftrn suddenly putty stopped working",
        "ts": "1518727541.000610"
    },
    {
        "type": "message",
        "user": "U98U42YGK",
        "text": "i tried to reconnect",
        "ts": "1518727548.000640"
    },
    {
        "type": "message",
        "user": "U98U42YGK",
        "text": "and after restarting my sytem itstarted working",
        "ts": "1518727572.000463"
    },
    {
        "type": "message",
        "user": "U98U42YGK",
        "text": "I tried using aws code commit plugin in jenkins",
        "ts": "1518727595.000036"
    },
    {
        "type": "message",
        "user": "U98U42YGK",
        "text": "but couldnt able to pull the repo",
        "ts": "1518727616.000237"
    },
    {
        "type": "message",
        "user": "U98U42YGK",
        "text": "so i need to try in a different way",
        "ts": "1518727629.000070"
    },
    {
        "type": "message",
        "user": "U98U42YGK",
        "text": "I will discuss with arun to sort another way of pulling request",
        "ts": "1518727664.000694"
    },
    {
        "type": "message",
        "user": "U730RMBB3",
        "text": "ok please do, the quicker we can get this bit sorted out the more progress can be made",
        "ts": "1518727711.000033"
    },
    {
        "type": "message",
        "user": "U730RMBB3",
        "text": "try and read up on Jenkins documentation",
        "ts": "1518727719.000474"
    },
    {
        "type": "message",
        "user": "U730RMBB3",
        "text": "it might help you both troubleshoot",
        "ts": "1518727727.000274"
    },
    {
        "type": "message",
        "user": "U98U42YGK",
        "text": "yeah sure Sai",
        "ts": "1518727760.000610"
    },
    {
        "type": "message",
        "user": "U730RMBB3",
        "text": "Vidyulatha and Tharun couldn't be in the morning call today but I was notified of that so that's ok",
        "ts": "1518727766.000198"
    },
    {
        "type": "message",
        "user": "U98TG96PP",
        "text": "Yeah ",
        "ts": "1518727774.000487"
    },
    {
        "type": "message",
        "user": "U730RMBB3",
        "text": "ok sounds good please do that in your spare time so that we can move forward.",
        "ts": "1518727825.000016"
    },
    {
        "type": "message",
        "user": "U730RMBB3",
        "text": "so on the security side of things",
        "ts": "1518727833.000149"
    },
    {
        "type": "message",
        "user": "U730RMBB3",
        "text": "<@U8GC9C5M1> we have received the letter that says we're allowed to do our security assessment",
        "ts": "1518727868.000421"
    },
    {
        "type": "message",
        "user": "U730RMBB3",
        "text": "I'm putting an action plan together and I will send it to you by evening",
        "ts": "1518727889.000141"
    },
    {
        "type": "message",
        "user": "U730RMBB3",
        "text": "Please read it and comment and add your thoughts on it so that we can execute on it as fast as possible",
        "ts": "1518727914.000096"
    },
    {
        "type": "message",
        "user": "U730RMBB3",
        "text": "So the overall plan is this\nOn the DevOps side of things, we have an ETA of about 2 weeks that we can use to develop the pipeline",
        "ts": "1518728009.000493"
    },
    {
        "type": "message",
        "user": "U730RMBB3",
        "text": "we have developers who are ready to jump into using our pipeline",
        "ts": "1518728027.000308"
    },
    {
        "type": "message",
        "user": "U730RMBB3",
        "text": "so the faster we can get the pipeline moving the more exposure to real developers we can have",
        "ts": "1518728055.000224"
    },
    {
        "type": "message",
        "user": "U730RMBB3",
        "text": "If anyone <!everyone> has experience or training in automation services and\/or databases (RDS, PostgreSQL, NoSQL etc.) then please say so",
        "ts": "1518728119.000309"
    },
    {
        "type": "message",
        "user": "U730RMBB3",
        "text": "we can use your skills to use in not only the pipeline",
        "ts": "1518728134.000030"
    },
    {
        "type": "message",
        "user": "U730RMBB3",
        "text": "but other projects that we are planning",
        "ts": "1518728157.000040"
    },
    {
        "type": "message",
        "user": "U730RMBB3",
        "text": "This will provide practical experience as well as the challenge",
        "ts": "1518728192.000421"
    },
    {
        "type": "message",
        "user": "U730RMBB3",
        "text": "The next project we want to tackle",
        "ts": "1518728234.000708"
    },
    {
        "type": "message",
        "user": "U730RMBB3",
        "text": "is a pipeline that executed by using Docker containers and kubernetics",
        "ts": "1518728257.000591"
    },
    {
        "type": "message",
        "user": "U730RMBB3",
        "text": "where they can save their containers",
        "ts": "1518728273.000504"
    },
    {
        "type": "message",
        "user": "U730RMBB3",
        "text": "If we want to become leaders in the cloud space we need to be adaptable and understand the Cloud, DevOps and Security spaces as much as possible",
        "ts": "1518728325.000107"
    },
    {
        "type": "message",
        "user": "U730RMBB3",
        "text": "any questions?",
        "ts": "1518728338.000707"
    },
    {
        "type": "message",
        "user": "U730RMBB3",
        "text": "if no questions now then have a good day guys",
        "ts": "1518728400.000442"
    },
    {
        "type": "message",
        "user": "U730RMBB3",
        "text": "feel free to ask question's later",
        "ts": "1518728407.000056"
    },
    {
        "type": "message",
        "user": "U746SCQ90",
        "text": "Tq Sai .. have a good day ",
        "ts": "1518728443.000731"
    }
]