[
    {
        "type": "message",
        "user": "U730RMBB3",
        "text": "There will be no meeting today\nPlease provide any updates or questions here",
        "client_msg_id": "FACA6F0E-36CE-491A-BEC3-82886609A1FD",
        "ts": "1522939940.000082"
    },
    {
        "type": "message",
        "user": "U730RMBB3",
        "text": "Make sure to provide any updates or questions here",
        "client_msg_id": "54938B47-BE33-4FDB-8816-AAF37FBCE21A",
        "ts": "1522957227.000145"
    },
    {
        "type": "message",
        "user": "U8AJ8835X",
        "text": "Installed Ansible in Redhat Instance and managed 1 node( Linux Instance) in Aws Cloud.",
        "ts": "1522963904.000399"
    }
]