[
    {
        "type": "message",
        "user": "U8GC9C5M1",
        "text": "Reading up on AlertLogic\nAWS S3 and Curriculum topics for Security",
        "ts": "1525123927.000440"
    },
    {
        "type": "message",
        "user": "U8GC9C5M1",
        "text": "Update for today^",
        "ts": "1525123939.000535"
    },
    {
        "type": "message",
        "user": "U8GC9C5M1",
        "text": "Also using case studies to learn how companies used AL for security.",
        "ts": "1525124273.000215"
    },
    {
        "type": "message",
        "user": "U746RD3SN",
        "text": "Thx john",
        "client_msg_id": "A3155CEB-DAAA-453D-9F6F-6AF25F5FF08B",
        "ts": "1525125332.000070"
    }
]