[
    {
        "type": "message",
        "user": "U746RD3SN",
        "text": "Reminder: today at 10 am EST, we will have a guest speaker - Naga, who is going to speak on DevOps automation",
        "client_msg_id": "789A4220-ECEA-45A6-AA51-A53085384C43",
        "ts": "1520681839.000017"
    },
    {
        "type": "message",
        "user": "U746RD3SN",
        "text": "Www. <http:\/\/Uberconference.com\/akashnzenth|Uberconference.com\/akashnzenth>",
        "client_msg_id": "8A97AD3E-6000-45EE-9190-466712F716D6",
        "ts": "1520681879.000002"
    },
    {
        "type": "message",
        "user": "U746RD3SN",
        "text": "Please make every effort to join",
        "client_msg_id": "4F8FB45F-C199-499C-9ADE-211FC4F56A71",
        "ts": "1520681894.000065"
    },
    {
        "type": "message",
        "user": "U746RD3SN",
        "text": "We will be in doing this session from our Princeton office, local devops team see you in office",
        "client_msg_id": "7F3762EB-BD06-4C14-9C95-63E6463353F6",
        "ts": "1520681960.000088"
    },
    {
        "type": "message",
        "user": "U746RD3SN",
        "text": "Please use chrome browser if you having issues in joining.",
        "ts": "1520693286.000068"
    },
    {
        "type": "message",
        "user": "U746RD3SN",
        "text": "Dial in number +1 609 337 5020",
        "ts": "1520693322.000091"
    },
    {
        "type": "message",
        "user": "U746RD3SN",
        "text": "Conference Bridge open now for the 10 AM EST Guest Speaker meeting.",
        "ts": "1520693908.000097"
    }
]