[
    {
        "type": "message",
        "user": "U730RMBB3",
        "text": "Guys the updates were going so well\nLets keep it up! \nThe updates help everyone, even if its something small please do not hesitate to update. No need to write paragraphs just a few sentences is fine.",
        "ts": "1522190871.000351"
    },
    {
        "type": "message",
        "user": "U730RMBB3",
        "text": "Plus it helps me make sure everyone is working smoothly when keeping track of everyone in relation to the projects.",
        "ts": "1522190927.000100"
    }
]