[
    {
        "type": "message",
        "user": "U9R2J9HCG",
        "text": "Matt update: working on project costing and Reaource Pool",
        "client_msg_id": "4093a569-bade-474a-bfc5-095103a11943",
        "ts": "1528286697.000228"
    },
    {
        "type": "message",
        "user": "U746RD3SN",
        "text": "Happy announce we are now a Registered Partner for Symantec SecureONE (Partner Program).",
        "ts": "1528341607.000011"
    },
    {
        "type": "message",
        "user": "U9R2J9HCG",
        "text": "Matt Update: Working on Jira",
        "ts": "1528347374.000214"
    }
]