[
    {
        "type": "message",
        "user": "U730RMBB3",
        "text": "@Everyone\nJust for those who don't know\nthe 3:30 pm EST Daily Huddle uberconference, what we call the \"bridge\" is this link\n<https:\/\/www.uberconference.com\/akashnzenith>\n-typically larger meetings, or the daily huddle\n-meetings involving Murali, or Om where they have large input\n\nany extraneous meetings are held on the other uberconference (psai6)\n<https:\/\/www.uberconference.com\/psai6>\n- typically smaller meetings\n- focus meetings\n- also used as backup if the bridge is currently in use\n\nTypically when we schedule meetings we try to mention which uberconference we are going to use. Please save these links for future use.",
        "attachments": [
            {
                "service_name": "UberConference",
                "title": "UberConference - The Best Free Conference Call",
                "title_link": "https:\/\/www.uberconference.com\/akashnzenith",
                "text": "UberConference provides a rich visual interface for conference calls. Simple, visual, and free to use, it's audio conferencing done right. Easily set up and join free conference calls, see who is in the conference, who is talking, and use powerful conferencing features.",
                "fallback": "UberConference: UberConference - The Best Free Conference Call",
                "thumb_url": "https:\/\/www.uberconference.com\/static\/img2\/uberconference.jpg",
                "from_url": "https:\/\/www.uberconference.com\/akashnzenith",
                "thumb_width": 900,
                "thumb_height": 899,
                "service_icon": "https:\/\/www.uberconference.com\/static\/img2\/apple-touch-icon-320x320-precomposed.png",
                "id": 1
            }
        ],
        "ts": "1521651124.000673"
    },
    {
        "type": "message",
        "user": "U74STF4HJ",
        "text": "Murali PL on board Ravi Teja",
        "client_msg_id": "5d16aca4-c81d-49ef-b0c2-fbc88e8b068d",
        "ts": "1521651333.000101"
    },
    {
        "type": "message",
        "user": "U8B25LH0B",
        "text": "My update: Continued with lambda and tried to run different language projects etradmine pipeline with arun.",
        "ts": "1521652798.000145"
    },
    {
        "type": "message",
        "user": "U74STF4HJ",
        "text": "<https:\/\/m.youtube.com\/watch?v=p8qSWE_nAAE>",
        "client_msg_id": "864d2743-3846-47a7-8fd9-b66ec9ff2645",
        "attachments": [
            {
                "service_name": "YouTube",
                "service_url": "https:\/\/www.youtube.com\/",
                "title": "AWS re:Invent 2017: Netflix Keystone SPaaS: Real-time Stream Processing as a Service (ABD320)",
                "title_link": "https:\/\/m.youtube.com\/watch?v=p8qSWE_nAAE",
                "author_name": "Amazon Web Services",
                "author_link": "https:\/\/www.youtube.com\/user\/AmazonWebServices",
                "thumb_url": "https:\/\/i.ytimg.com\/vi\/p8qSWE_nAAE\/hqdefault.jpg",
                "thumb_width": 480,
                "thumb_height": 360,
                "fallback": "YouTube Video: AWS re:Invent 2017: Netflix Keystone SPaaS: Real-time Stream Processing as a Service (ABD320)",
                "video_html": "<iframe width=\"400\" height=\"225\" src=\"https:\/\/www.youtube.com\/embed\/p8qSWE_nAAE?feature=oembed&autoplay=1&iv_load_policy=3\" frameborder=\"0\" allow=\"autoplay; encrypted-media\" allowfullscreen><\/iframe>",
                "video_html_width": 400,
                "video_html_height": 225,
                "from_url": "https:\/\/m.youtube.com\/watch?v=p8qSWE_nAAE",
                "service_icon": "https:\/\/a.slack-edge.com\/2089\/img\/unfurl_icons\/youtube.png",
                "id": 1
            }
        ],
        "ts": "1521653142.000377"
    },
    {
        "type": "message",
        "user": "U9606M37C",
        "text": "Learnt about Maven and tomcat , linux commands  \nContinue with Devops videos.",
        "ts": "1521653403.000176"
    }
]