[
    {
        "type": "message",
        "user": "U746RD3SN",
        "text": "<https:\/\/www.scmagazine.com\/access-to-indias-national-citizen-database-reportedly-sold-for-8\/article\/735276\/>",
        "attachments": [
            {
                "service_name": "SC Media US",
                "title": "India's 1.2 billion citizen national database reportedly breached",
                "title_link": "https:\/\/www.scmagazine.com\/access-to-indias-national-citizen-database-reportedly-sold-for-8\/article\/735276\/",
                "text": "India's national ID database containing the information of nearly 1.2 billion people was breached with cybercriminals selling access to the information for $8.",
                "fallback": "SC Media US: India's 1.2 billion citizen national database reportedly breached",
                "image_url": "https:\/\/media.scmagazine.com\/images\/2016\/08\/11\/indianflagthumb1379931_1033287.jpg",
                "ts": 1515196446,
                "from_url": "https:\/\/www.scmagazine.com\/access-to-indias-national-citizen-database-reportedly-sold-for-8\/article\/735276\/",
                "image_width": 314,
                "image_height": 250,
                "image_bytes": 12176,
                "service_icon": "https:\/\/www.scmagazine.com\/favicon.ico",
                "id": 1
            }
        ],
        "ts": "1515502321.000165"
    },
    {
        "type": "message",
        "user": "U730RMBB3",
        "text": "Guys the updates please",
        "ts": "1515544425.000095"
    }
]