[
    {
        "type": "message",
        "user": "U98TG96PP",
        "text": "created a VPC using Terraform template currently working on Apache Tomcat instance with <@U98U42YGK>",
        "ts": "1523975925.000756"
    },
    {
        "type": "message",
        "user": "U74STF4HJ",
        "text": "Ravi Teja PL work with Manikanta on python",
        "client_msg_id": "39e63a19-c9e2-4c02-ad38-0b43544600a2",
        "ts": "1523976107.000019"
    },
    {
        "type": "message",
        "user": "U74STF4HJ",
        "text": "U need to complete python in 3 days 16 hours day work we work 19 hours per day",
        "client_msg_id": "aeb31eb0-ae6a-4ae2-bf23-7a41913b546e",
        "ts": "1523976145.000747"
    },
    {
        "type": "message",
        "user": "U8AJ8835X",
        "text": "Sure sir",
        "client_msg_id": "7380146C-787E-4E0D-B121-970802C97309",
        "ts": "1523976211.000783"
    },
    {
        "type": "message",
        "user": "U74STF4HJ",
        "text": "Get up morning work with him",
        "client_msg_id": "58984eeb-0cd3-43c4-bb16-340a0c15d428",
        "ts": "1523976348.000783"
    },
    {
        "type": "message",
        "user": "U8AJ8835X",
        "text": "Ok sir ",
        "client_msg_id": "0EE5D006-A980-4874-AE08-CAFB65473C42",
        "ts": "1523976613.000629"
    },
    {
        "type": "message",
        "user": "U8GC9C5M1",
        "text": "Update: Learning through tutorials on Alert Logic, and AWS.",
        "ts": "1523992307.000159"
    },
    {
        "type": "message",
        "user": "U9R2J9HCG",
        "text": "My Update: Uploaded the Daily Hurdle Meeting Minutes to Confluence. Working on WBS",
        "ts": "1524024711.000090"
    },
    {
        "type": "message",
        "user": "U9JT2HAP4",
        "text": "My update:\nContinuing learning Python.\nAdded repositories in bitbucket for security and devops.\nWorking on committing IAM scripts to security repository in bitbucket.",
        "ts": "1524028152.000131"
    }
]