[
    {
        "type": "message",
        "user": "U8B25LH0B",
        "text": "My update: Completed documentation on error, continued with lambda and completed tomcat setup in etradmne with arun.",
        "ts": "1521566783.000155"
    },
    {
        "type": "message",
        "user": "U74STF4HJ",
        "text": "Please create documentation",
        "client_msg_id": "fc4075d2-a9ce-4628-bcde-5d37ac7fb25f",
        "ts": "1521566876.000839"
    },
    {
        "type": "message",
        "user": "U74STF4HJ",
        "text": "Murali and Sai CMM levell is key to retain credibility of clients",
        "client_msg_id": "d0a57907-1437-4049-9416-c5c8b0405b72",
        "ts": "1521566899.000326"
    },
    {
        "type": "message",
        "user": "U74STF4HJ",
        "text": "PL use svn or wiki.store documents",
        "client_msg_id": "b20df1f5-60fb-4a10-b94e-4551dcc7f523",
        "ts": "1521566918.000482"
    },
    {
        "type": "message",
        "user": "U74STF4HJ",
        "text": "It's important that we replicate this process so we can scale to more developers when we get bigger clients",
        "client_msg_id": "50821fda-eed7-41ed-bae6-1a6423009136",
        "ts": "1521566960.000833"
    },
    {
        "type": "message",
        "user": "U730RMBB3",
        "text": "All documentation will be pushed to our Confluence wiki",
        "ts": "1521567143.000216"
    },
    {
        "type": "message",
        "user": "U746RD3SN",
        "text": "Created AWS_Certifications, to have any certification related conversations.",
        "ts": "1521577170.000364"
    }
]