[
    {
        "type": "message",
        "user": "U8B25LH0B",
        "text": "My update: Learnt about Lambda and API  and worked on etradmine project",
        "edited": {
            "user": "U8B25LH0B",
            "ts": "1521471649.000000"
        },
        "ts": "1521471616.000432"
    },
    {
        "type": "message",
        "user": "U9606M37C",
        "text": "Myupdate:\nCreated public Instance and two private Instances and tried to connect public Instance with Private instance  by using Bastion.\nLearnt about jenkins and importing the git project to jenkins.",
        "ts": "1521471687.000196"
    },
    {
        "type": "message",
        "user": "U730RMBB3",
        "text": "Good job with the updates guys, this is what I like to see",
        "ts": "1521471707.000170"
    },
    {
        "type": "message",
        "user": "U9JT2HAP4",
        "text": "My update:\nShared IAM Query scripts draft version with Sai. Sai gave few comments and I’m working on it.\nAlso did some research on Scala vs Ruby.",
        "ts": "1521510274.000009"
    },
    {
        "type": "message",
        "user": "U730RMBB3",
        "text": "Today's update: Slack message archive and a method to translate the archived JSON to HTML for hosting purposes.",
        "ts": "1521510417.000074"
    },
    {
        "type": "message",
        "user": "U746RD3SN",
        "text": "Team please provide your updates",
        "ts": "1521514220.000090"
    },
    {
        "type": "message",
        "user": "U9MF5E7PF",
        "text": "```\nMy Update: \n1. Worked on Chef automate server creation. Tomorrow will have live debug session with Sai about required IAM roles to create Chef automate.\n2. Gone through some videos about docker and installed the docker on my Linux aws ec2 instance.\n```",
        "ts": "1521514733.000192"
    },
    {
        "type": "message",
        "user": "U9M7W1F1B",
        "text": "My update:\nI have been working on the script for hardening the RHEL server as per CIS guidelines.[3\/6 in progress]",
        "ts": "1521515240.000032"
    }
]