[
    {
        "type": "message",
        "user": "U746RD3SN",
        "text": "Prasannasai starting today, please start tracking attendance.",
        "ts": "1515007475.000184"
    },
    {
        "type": "message",
        "user": "U746RD3SN",
        "text": "And daily updates who is providing updates ",
        "ts": "1515007506.000302"
    },
    {
        "type": "message",
        "user": "U746RD3SN",
        "text": "Todays attendees ONLY John",
        "ts": "1515012383.000389"
    },
    {
        "type": "message",
        "user": "U746RD3SN",
        "text": "For the 3:30 PM huddle",
        "ts": "1515012393.000495"
    }
]