[
    {
        "type": "message",
        "user": "U730RMBB3",
        "text": "Ok since vidyulatha and Manu are not available today and I’m out recruiting at colleges there will NOT be a 3:30pm EST meeting today",
        "client_msg_id": "7C1955D1-1E50-4A1C-98CA-A95E288F4545",
        "ts": "1525717854.000620"
    },
    {
        "type": "message",
        "user": "U730RMBB3",
        "text": "<!everyone> please put your updates here so we all know what progress has been made",
        "client_msg_id": "13E0E5BE-69FD-46F6-889D-C8DC24212D42",
        "ts": "1525717888.000535"
    },
    {
        "type": "message",
        "user": "UADKY6LHF",
        "text": "Hi all, I am working on AWS technical professional training, and I finished module 1. ",
        "client_msg_id": "9C6AC1E5-6357-42ED-A1CE-8BE1727449B2",
        "ts": "1525718596.000663"
    },
    {
        "type": "message",
        "user": "U730RMBB3",
        "text": "Good work",
        "client_msg_id": "C27CFD4C-4727-422B-82C1-DAA41C876CBA",
        "ts": "1525718985.000745"
    },
    {
        "type": "message",
        "user": "U8AJ8835X",
        "text": "My Update: learned  Apache, Tomcat Installation, Setup &amp; Configuration. Working with manikanta on lambda.",
        "ts": "1525719595.000539"
    }
]