[
    {
        "type": "message",
        "user": "U746RD3SN",
        "text": "Ravi, share if anything interesting you learnt, so rest of us could benefit.",
        "ts": "1527861743.000377"
    },
    {
        "type": "message",
        "user": "U8AJ8835X",
        "text": "Ok sir will do it",
        "ts": "1527864212.000494"
    },
    {
        "type": "message",
        "user": "U8AJ8835X",
        "text": "I have already uploaded 5 modules (pdf) from the conference.",
        "ts": "1527864399.000216"
    }
]