[
    {
        "type": "message",
        "user": "U9JT2HAP4",
        "text": "My Update:\nGoing through Django and Python tutorials.",
        "ts": "1527295393.000105"
    },
    {
        "type": "message",
        "user": "U9R2J9HCG",
        "text": "Matt Update : Going through the AWS Certification Course",
        "ts": "1527295848.000004"
    },
    {
        "type": "message",
        "user": "U8AJ8835X",
        "text": "My Update: Completed basic documentation on python testing using selenium, Going through Django tutorials.",
        "ts": "1527297145.000038"
    },
    {
        "type": "message",
        "user": "U730RMBB3",
        "text": "Good job on the updates guys keep it up ",
        "client_msg_id": "3F743B67-1672-4C02-9AB2-25EA23582E56",
        "ts": "1527297483.000001"
    }
]