[
    {
        "type": "message",
        "user": "U730RMBB3",
        "text": "SO\n*Meeting 1\/18\/2018 (thats Tomorrow) at 10 AM Eastern time*\n*Subject*: Development (DevSecOps) Environment\nI would like the following people to join:\n_RamSai_\n_Tharun Thota_\n_Yaswanth_\n_Vidyulatha_\n_John_\n_Rajesh_\n\nAnyone else is also welcome to join as well if they want information on this project.\n\nWe will be discussing the Development Environment Project and what it's architecture is, how we are going to implement it in a DevOps manner, and how we are going to make it Secure. We will also be discussing deadlines so that we can meet our goals and successfully get a project pushed. \n\nIf you are available for tomorrow morning at 10 AM Eastern, please confirm.",
        "ts": "1516222755.000493"
    },
    {
        "type": "message",
        "user": "U7DJKE1K5",
        "text": "It works for me Sai",
        "ts": "1516224887.000171"
    },
    {
        "type": "message",
        "user": "U8GC9C5M1",
        "text": "Will be there.",
        "ts": "1516224967.000539"
    },
    {
        "type": "message",
        "user": "U746SCQ90",
        "text": "I will be there ",
        "ts": "1516225036.000077"
    },
    {
        "type": "message",
        "user": "U8HLU8SG0",
        "text": "I will join the conference!!",
        "ts": "1516229352.000333"
    }
]