[
    {
        "type": "message",
        "user": "U746RD3SN",
        "text": "Team moving forward, please use the following for any conference for MP Infotech.",
        "ts": "1523720331.000079"
    },
    {
        "type": "message",
        "user": "U746RD3SN",
        "text": "<http:\/\/uberconference.com\/mpinfotech|uberconference.com\/mpinfotech>",
        "ts": "1523720335.000005"
    },
    {
        "type": "message",
        "user": "U746RD3SN",
        "text": "You can also dial in from phone <tel:+1609-831-3913|+1 609-831-3913>",
        "ts": "1523720369.000012"
    }
]