[
    {
        "type": "message",
        "user": "U730RMBB3",
        "text": "Guys we also need to clean up any instances that are not being used. If instances are stopped and are not being used at all then *terminate* them unless you can come up with a valid reason to keep the instance.",
        "ts": "1525194815.000045"
    },
    {
        "type": "message",
        "user": "U730RMBB3",
        "text": "Helps keep things organized in the cloud",
        "ts": "1525194830.000378"
    },
    {
        "type": "message",
        "user": "U730RMBB3",
        "text": "same goes for useless security groups, VPC ACLs, s3 buckets etc.",
        "ts": "1525194854.000144"
    },
    {
        "type": "message",
        "user": "U730RMBB3",
        "text": "All deletions should be run through Vidyulatha so that we know what's being deleted and so we can also avoid deleting something valuable. \nWe can also validate and save any AMI images we deem useful for later.",
        "ts": "1525195160.000134"
    },
    {
        "type": "message",
        "user": "U746RD3SN",
        "text": "documentation",
        "ts": "1525203430.000119"
    },
    {
        "type": "message",
        "user": "U746RD3SN",
        "text": "documentation",
        "ts": "1525203433.000199"
    },
    {
        "type": "message",
        "user": "U746RD3SN",
        "text": "documentation",
        "ts": "1525203436.000635"
    }
]