[
    {
        "type": "message",
        "user": "U730RMBB3",
        "text": "*Ok guys just a quick note from me.*\n\nWe have daily huddles at 3:30 pm Monday through Friday and because of that I expect that anyone that can join will join the call and provide updates on anything they have learned, any work they have done, or any questions they might have. \n\nThe Daily Huddle is a time for anyone to join and discuss not only company goals but goals for individuals as we try and mold you all into cloud-competent engineers.\nIf no one joins or at the least provides updates via slack, then it becomes difficult for me to communicate what progress is being made to either Om or my father.",
        "ts": "1516654442.000675"
    },
    {
        "type": "message",
        "user": "U730RMBB3",
        "text": "Please make sure to take time to join the daily call.\nIf you have any circumstances where you can't join the call please communicate that to us and we will understand.",
        "ts": "1516654490.000191"
    },
    {
        "type": "message",
        "user": "U730RMBB3",
        "text": "This communication is important, every update tells me what is going on and what I can do in order to push you guys into becoming Cloud-ready people.",
        "ts": "1516654597.000500"
    }
]