[
    {
        "type": "message",
        "user": "U746RD3SN",
        "text": "Forcepoint\n\n\nWe are happy to announce to get into a technology partnership with Forcepoint ( a Raytheon company)(<http:\/\/www.forcepoint.com|www.forcepoint.com>) for cloud security (CASB) and on premise Data and Insider threat detection. We will use them as a platform of choice for on-premise customers and cloud based customers to detect security threats, DLP. CASB ( cloud access security broker), this is an appliance that sits between Cloud and On-premise, Forcepoint CASB, is a leader is Gartner magic quadrant.\n\nHaving said that, we will be integrating these technologies within MPIT offices and MPIT cloud and MPIT SOC in US EAST and US WEST, there by we are able to protect our cloud and on-premise infrastructure.\nOut teams that login to the SOC from US office or India office and monitor the infrastructure 7 x 24 will use the CASB, there by we mature on this technology and implement the same in other customers.\n\nWe will start the development of integrating the Forcepoint platform via API into MRADAR.\n\nManagement team is working on few more technology partnerships which will expand out breadth of technologies and our capabilities to meet customers needs.\n",
        "client_msg_id": "AD38C21F-AD20-4224-AF53-DEB305E7E274",
        "ts": "1523892780.000722"
    },
    {
        "type": "message",
        "user": "U74STF4HJ",
        "text": "Congratulations Murali garu",
        "client_msg_id": "05cf3e3a-9656-43e6-af23-e5c3a199bfd2",
        "ts": "1523892826.000316"
    },
    {
        "type": "message",
        "user": "U74STF4HJ",
        "text": "And Team",
        "client_msg_id": "79f9a76a-6562-4b42-b542-b88897308265",
        "ts": "1523892833.000135"
    },
    {
        "type": "message",
        "user": "U746RD3SN",
        "text": "We need to gear up so that we can start generating revenue.",
        "client_msg_id": "6F4DDC44-7D6E-4028-AF47-49080C32496D",
        "ts": "1523893393.000714"
    },
    {
        "type": "message",
        "user": "U730RMBB3",
        "text": "remember the conference is in the new mpinfotech uberconference",
        "ts": "1523907151.000531"
    },
    {
        "type": "message",
        "user": "U9JT2HAP4",
        "text": "My Update:\nMRADAR: \nDiscussed with Kiran and decided to go with  Django framework for MRADAR development as Django is better for large applications.\nAlso decided to use PyCharm Community Edition as IDE. \nGoing through Python tutorial.\n",
        "ts": "1523922655.000308"
    },
    {
        "type": "message",
        "user": "U9MF5E7PF",
        "text": "`My Update:-`\n1. Completed ansible play-book to install `Jenkins`, `Git` and `Tomcat(9.0.7)` on EC2 instance\n2. Completed  the Terra-form scripts to create `EC2 instance` and `VPN`\n3. Facing some issue on play-book while starting `Nexus` service. Trying to fix that.",
        "edited": {
            "user": "U9MF5E7PF",
            "ts": "1523925077.000000"
        },
        "ts": "1523925048.000243"
    },
    {
        "type": "message",
        "user": "U74STF4HJ",
        "text": "Great progress",
        "client_msg_id": "014d542b-22aa-46ce-a3d1-e275952d2528",
        "ts": "1523926104.000182"
    },
    {
        "type": "message",
        "user": "U74STF4HJ",
        "text": "Ravi Teja?",
        "client_msg_id": "f56a55fb-f301-4d2a-81b2-5458b04b5689",
        "ts": "1523926114.000281"
    },
    {
        "type": "message",
        "user": "U74STF4HJ",
        "text": "Siva, Arundeep?",
        "client_msg_id": "3e23e457-8189-4b6a-bdf5-fd7a065f0771",
        "ts": "1523926128.000314"
    },
    {
        "type": "message",
        "user": "U74STF4HJ",
        "text": "John?",
        "client_msg_id": "c184a9dc-1fba-436c-a613-f21c2c8fea92",
        "ts": "1523926134.000076"
    },
    {
        "type": "message",
        "user": "U8AJ8835X",
        "text": "Tried ansible playbook to install apache web server on EC2 instance using Yaml, learning python.",
        "edited": {
            "user": "U8AJ8835X",
            "ts": "1523926782.000000"
        },
        "ts": "1523926705.000225"
    },
    {
        "type": "message",
        "user": "U746RD3SN",
        "text": "Working on SOC architecture and implementation details",
        "ts": "1523932941.000236"
    },
    {
        "type": "message",
        "user": "U9R2J9HCG",
        "text": "My Update: Completed Assumption Log and Stakeholder Register for MRADAR",
        "ts": "1523933667.000130"
    }
]