[
    {
        "type": "message",
        "user": "U74STF4HJ",
        "text": "Murali\/Sai\/John none of Zenith users except are able to connect to VPN",
        "client_msg_id": "ee341c6f-70d8-48fd-a148-c11a7a718abe",
        "ts": "1524327867.000064"
    },
    {
        "type": "message",
        "user": "U74STF4HJ",
        "text": "They use check point VPN link",
        "client_msg_id": "0d415c6e-cf0b-4e75-ac2f-e8cfb6dcda5b",
        "ts": "1524327882.000080"
    },
    {
        "type": "message",
        "user": "U74STF4HJ",
        "text": "Some of them new users",
        "client_msg_id": "00e59cfd-2cdd-452c-812b-862b9e7a58ee",
        "ts": "1524327910.000050"
    },
    {
        "type": "message",
        "user": "U746RD3SN",
        "text": "yesterday night i went to office and worked with Siva and confirmed he was able to login",
        "ts": "1524327921.000020"
    },
    {
        "type": "message",
        "user": "U74STF4HJ",
        "text": "We are doing critical RPA session",
        "client_msg_id": "26b2cce4-0996-4f3b-8d0d-0b00ac53f99b",
        "ts": "1524327923.000152"
    },
    {
        "type": "message",
        "user": "U74STF4HJ",
        "text": "Murali if it's Zenith network versus outside",
        "client_msg_id": "962b0728-f78b-47fb-82b8-9088ab7752b2",
        "ts": "1524327946.000149"
    },
    {
        "type": "message",
        "user": "U746RD3SN",
        "text": "where is the user coming from ?",
        "ts": "1524327972.000104"
    },
    {
        "type": "message",
        "user": "U74STF4HJ",
        "text": "It worked yesterday for some users this morning when RPA( robotic proceess automation) vpn is not working",
        "client_msg_id": "6f8e8f04-b8cc-41c3-91bf-ee44c0115c35",
        "ts": "1524328000.000041"
    },
    {
        "type": "message",
        "user": "U74STF4HJ",
        "text": "From office guest house in Plainsboro",
        "client_msg_id": "9ce5f059-e089-44a7-b473-0a839821c90d",
        "ts": "1524328013.000054"
    },
    {
        "type": "message",
        "user": "U746RD3SN",
        "text": "from office why VPN ?",
        "ts": "1524328025.000086"
    },
    {
        "type": "message",
        "user": "U74STF4HJ",
        "text": "Not from office",
        "client_msg_id": "a6d14240-37c1-4467-86fa-93273c827d1d",
        "ts": "1524328038.000060"
    },
    {
        "type": "message",
        "user": "U74STF4HJ",
        "text": "From guest house",
        "client_msg_id": "ea48cc57-6ff7-4dee-acc8-9e4791e3f3fe",
        "ts": "1524328045.000090"
    },
    {
        "type": "message",
        "user": "U746RD3SN",
        "text": "It should work, i worked with Siva yesterday night, he tried from restaurant and it worked",
        "ts": "1524328062.000106"
    },
    {
        "type": "message",
        "user": "U746RD3SN",
        "text": "who is the user,",
        "ts": "1524328074.000129"
    },
    {
        "type": "message",
        "user": "U746RD3SN",
        "text": "have them message me in whatsapp, i will setup a troubleshooting session tonight and work with them.",
        "ts": "1524328120.000056"
    },
    {
        "type": "message",
        "user": "U746RD3SN",
        "text": "Om confirmed with Suresh its working",
        "client_msg_id": "6F334E69-CF7A-45E4-AE7E-442AF57D970D",
        "ts": "1524331023.000099"
    },
    {
        "type": "message",
        "user": "U746RD3SN",
        "text": "Who else is not working",
        "client_msg_id": "D27B49CA-3537-44CD-9290-36197999E818",
        "ts": "1524331250.000044"
    }
]