[
    {
        "type": "message",
        "user": "U746RD3SN",
        "text": "All Employees and OPT \/ CPT Only, you can now tag to the MP Infotech Corp Linked page",
        "ts": "1524867634.000285"
    },
    {
        "type": "message",
        "user": "U746RD3SN",
        "text": "<https:\/\/www.linkedin.com\/company\/m-p-infotech-corp>",
        "ts": "1524867637.000009"
    },
    {
        "type": "message",
        "user": "U746RD3SN",
        "text": "We are going to put some effort in improving the social media sites (Linkedin, Facebook) with MPIT, and work will continue improve the Linkedin and Facebook sites. Any feedback greatly appreciated and email to <mailto:info@mpinfotech.com|info@mpinfotech.com>, so that appropriate team can process the feedback.",
        "ts": "1524867949.000203"
    }
]