[
    {
        "type": "message",
        "user": "U730RMBB3",
        "text": "<!everyone> please make sure to send your updates\nWe need these updates to make sure we can keep track of progress",
        "client_msg_id": "1E829EFA-E48D-4BB7-ACFE-9774756E0F41",
        "ts": "1521255667.000029"
    },
    {
        "type": "message",
        "user": "U9JT2HAP4",
        "text": "My update:\n80% done with writing scripts for IAM querying based on CIS control sheet.\nDocumentation is in progress.",
        "ts": "1521256628.000007"
    },
    {
        "type": "message",
        "user": "U746RD3SN",
        "text": "Myupdate: had a meeting with expert BA. Now i am working on documentation for Jira epics stories and issues. ",
        "client_msg_id": "EDEA7DFF-D029-4C75-B000-84443525E235",
        "ts": "1521257699.000051"
    },
    {
        "type": "message",
        "user": "U9MF5E7PF",
        "text": "```\nMy update:\n1. Tried the installation of chef automate server on AWS. But ended with an error. \n2. Installed chef DK locally and playing with chef commands ( generate app, cookbooks,recipe, attribute...).\n3. Installed vagrant locally and tried few CLI commands like how to add the box, remove, update , VM up , down , terminate.\n```",
        "ts": "1521258927.000046"
    },
    {
        "type": "message",
        "user": "U746RD3SN",
        "text": "Thank you for those who have updated, rest of the team members, please post your updates as to what you are learning or working on.",
        "ts": "1521266148.000040"
    },
    {
        "type": "message",
        "user": "U746RD3SN",
        "text": "This is very important for the team and management to know the progress, challenges and it help us to plan better.",
        "ts": "1521266174.000076"
    }
]