[
    {
        "type": "message",
        "user": "U746RD3SN",
        "text": "<https:\/\/aws.amazon.com\/sagemaker\/?sc_icampaign=aware_sagemaker&amp;sc_ichannel=ha&amp;sc_icontent=awssm-505&amp;sc_iplace=signin&amp;trk=ha_awssm-505>",
        "attachments": [
            {
                "service_name": "Amazon Web Services, Inc.",
                "title": "Machine Learning Models &amp; Algorithms | Amazon SageMaker on AWS",
                "title_link": "https:\/\/aws.amazon.com\/sagemaker\/?sc_icampaign=aware_sagemaker&sc_ichannel=ha&sc_icontent=awssm-505&sc_iplace=signin&trk=ha_awssm-505",
                "text": "Build, train, and deploy machine learning models &amp; algorithms at scale with ease when you use Amazon SageMaker. Start building today!",
                "fallback": "Amazon Web Services, Inc.: Machine Learning Models &amp; Algorithms | Amazon SageMaker on AWS",
                "thumb_url": "https:\/\/a0.awsstatic.com\/libra-css\/images\/logos\/aws_logo_smile_179x109.png",
                "from_url": "https:\/\/aws.amazon.com\/sagemaker\/?sc_icampaign=aware_sagemaker&sc_ichannel=ha&sc_icontent=awssm-505&sc_iplace=signin&trk=ha_awssm-505",
                "thumb_width": 179,
                "thumb_height": 109,
                "service_icon": "https:\/\/a0.awsstatic.com\/libra-css\/images\/site\/touch-icon-iphone-114-smile.png",
                "id": 1
            }
        ],
        "ts": "1520474979.000035"
    }
]