[
    {
        "type": "message",
        "subtype": "file_share",
        "text": "<@U746RD3SN> uploaded a file: <https:\/\/mpinfotech.slack.com\/files\/U746RD3SN\/F9ZSADPTR\/image_uploaded_from_ios.jpg|Slack for iOS Upload.jpg>",
        "file": {
            "id": "F9ZSADPTR",
            "created": 1522413786,
            "timestamp": 1522413786,
            "name": "Image uploaded from iOS.jpg",
            "title": "Slack for iOS Upload.jpg",
            "mimetype": "image\/jpeg",
            "filetype": "jpg",
            "pretty_type": "JPEG",
            "user": "U746RD3SN",
            "editable": false,
            "size": 15340215,
            "mode": "hosted",
            "is_external": false,
            "external_type": "",
            "is_public": true,
            "public_url_shared": false,
            "display_as_bot": false,
            "username": "",
            "url_private": "https:\/\/files.slack.com\/files-pri\/T730RMB7T-F9ZSADPTR\/image_uploaded_from_ios.jpg?t=xoxe-241025725265-384508339281-384508339409-5b92d26397ce6b615c24d77267fe6bb3",
            "url_private_download": "https:\/\/files.slack.com\/files-pri\/T730RMB7T-F9ZSADPTR\/download\/image_uploaded_from_ios.jpg?t=xoxe-241025725265-384508339281-384508339409-5b92d26397ce6b615c24d77267fe6bb3",
            "thumb_64": "https:\/\/files.slack.com\/files-tmb\/T730RMB7T-F9ZSADPTR-138e334ec3\/image_uploaded_from_ios_64.jpg?t=xoxe-241025725265-384508339281-384508339409-5b92d26397ce6b615c24d77267fe6bb3",
            "thumb_80": "https:\/\/files.slack.com\/files-tmb\/T730RMB7T-F9ZSADPTR-138e334ec3\/image_uploaded_from_ios_80.jpg?t=xoxe-241025725265-384508339281-384508339409-5b92d26397ce6b615c24d77267fe6bb3",
            "thumb_360": "https:\/\/files.slack.com\/files-tmb\/T730RMB7T-F9ZSADPTR-138e334ec3\/image_uploaded_from_ios_360.jpg?t=xoxe-241025725265-384508339281-384508339409-5b92d26397ce6b615c24d77267fe6bb3",
            "thumb_360_w": 270,
            "thumb_360_h": 360,
            "thumb_480": "https:\/\/files.slack.com\/files-tmb\/T730RMB7T-F9ZSADPTR-138e334ec3\/image_uploaded_from_ios_480.jpg?t=xoxe-241025725265-384508339281-384508339409-5b92d26397ce6b615c24d77267fe6bb3",
            "thumb_480_w": 360,
            "thumb_480_h": 480,
            "thumb_160": "https:\/\/files.slack.com\/files-tmb\/T730RMB7T-F9ZSADPTR-138e334ec3\/image_uploaded_from_ios_160.jpg?t=xoxe-241025725265-384508339281-384508339409-5b92d26397ce6b615c24d77267fe6bb3",
            "thumb_720": "https:\/\/files.slack.com\/files-tmb\/T730RMB7T-F9ZSADPTR-138e334ec3\/image_uploaded_from_ios_720.jpg?t=xoxe-241025725265-384508339281-384508339409-5b92d26397ce6b615c24d77267fe6bb3",
            "thumb_720_w": 540,
            "thumb_720_h": 720,
            "thumb_800": "https:\/\/files.slack.com\/files-tmb\/T730RMB7T-F9ZSADPTR-138e334ec3\/image_uploaded_from_ios_800.jpg?t=xoxe-241025725265-384508339281-384508339409-5b92d26397ce6b615c24d77267fe6bb3",
            "thumb_800_w": 800,
            "thumb_800_h": 1067,
            "thumb_960": "https:\/\/files.slack.com\/files-tmb\/T730RMB7T-F9ZSADPTR-138e334ec3\/image_uploaded_from_ios_960.jpg?t=xoxe-241025725265-384508339281-384508339409-5b92d26397ce6b615c24d77267fe6bb3",
            "thumb_960_w": 720,
            "thumb_960_h": 960,
            "thumb_1024": "https:\/\/files.slack.com\/files-tmb\/T730RMB7T-F9ZSADPTR-138e334ec3\/image_uploaded_from_ios_1024.jpg?t=xoxe-241025725265-384508339281-384508339409-5b92d26397ce6b615c24d77267fe6bb3",
            "thumb_1024_w": 768,
            "thumb_1024_h": 1024,
            "image_exif_rotation": 1,
            "original_w": 3024,
            "original_h": 4032,
            "permalink": "https:\/\/mpinfotech.slack.com\/files\/U746RD3SN\/F9ZSADPTR\/image_uploaded_from_ios.jpg",
            "permalink_public": "https:\/\/slack-files.com\/T730RMB7T-F9ZSADPTR-8f7600b1ee",
            "channels": [],
            "groups": [],
            "ims": [],
            "comments_count": 0
        },
        "user": "U746RD3SN",
        "upload": true,
        "display_as_bot": false,
        "username": "mmurali",
        "bot_id": null,
        "upload_reply_to": "6478B7F1-15B6-4E72-8903-8452BDE78839",
        "ts": "1522413796.000047"
    },
    {
        "type": "message",
        "user": "U746RD3SN",
        "text": "Sai you should register and attend",
        "client_msg_id": "FE05B21E-FBA5-4436-9582-D0F0BDA338CF",
        "ts": "1522413859.000318"
    },
    {
        "type": "message",
        "user": "U746RD3SN",
        "text": "See if anyone in Princeton office wants to join you",
        "client_msg_id": "32DA13B3-B65B-46FC-9ACD-7CE6C6CAFE24",
        "ts": "1522413881.000058"
    },
    {
        "type": "message",
        "user": "U746RD3SN",
        "text": "Happy Easter",
        "ts": "1522418528.000303"
    },
    {
        "type": "message",
        "user": "U9MF5E7PF",
        "text": "```\nMy update:\nCompeted AWS Technical Professional training and assesament\nGoing through s3 documentation\n```",
        "ts": "1522461679.000024"
    },
    {
        "type": "message",
        "user": "U746RD3SN",
        "text": "My update: working on mradar mock screens and devops studio presentation decks",
        "client_msg_id": "C8200E5B-FBE2-4168-886A-2853036381C2",
        "ts": "1522462144.000103"
    }
]