[
    {
        "type": "message",
        "user": "U98U42YGK",
        "text": "<@U730RMBB3> I need to work on Terraform basics, I dont have any knowledge on it.",
        "ts": "1522866523.000089"
    },
    {
        "type": "message",
        "user": "U730RMBB3",
        "text": "Ok I understand that\nI know terraform will take some time but let’s try and learn and execute in parallel\n\nOnce you and Arun learn the setup let’s place one in the Cloud just to get the work started and then progress from there",
        "client_msg_id": "7C12079A-B4B9-4AA9-8EAC-8E170A78F42A",
        "ts": "1522866646.000339"
    },
    {
        "type": "message",
        "user": "U98U42YGK",
        "text": "okay sure ,i'll try to complete it fast <@U730RMBB3>",
        "ts": "1522866916.000279"
    }
]