[
    {
        "type": "message",
        "user": "U730RMBB3",
        "text": "<!everyone> I want to know everyone's availability for Saturday because we are bringing in someone on a call to demonstrate and explain Automation in larger scale organizations and how we can improve our skills in automation and DevOps. \n\nI think this call will benefit anyone regardless of what they do and will give them a lot of knowledge in real world automation.",
        "ts": "1520359099.000065"
    },
    {
        "type": "message",
        "user": "U730RMBB3",
        "text": "So if you're available for Saturday 10 AM EST for an Uberconference call",
        "ts": "1520359132.000786"
    },
    {
        "type": "message",
        "user": "U730RMBB3",
        "text": "please notify here:",
        "ts": "1520359141.000685"
    },
    {
        "type": "message",
        "user": "U74DWDY76",
        "text": "Hi Sai, I will be available ",
        "client_msg_id": "61B1563F-967D-4EA7-A808-410F984977C8",
        "ts": "1520359316.000538"
    },
    {
        "type": "message",
        "user": "U9JT2HAP4",
        "text": "Sai, I won’t be available. I will be out of town over the weekend.",
        "ts": "1520359593.000855"
    },
    {
        "type": "message",
        "user": "U9H0VLAM7",
        "text": "I am Available ",
        "ts": "1520359736.000492"
    },
    {
        "type": "message",
        "user": "U9L0UC1TR",
        "text": "I’m available :+1::skin-tone-3:",
        "client_msg_id": "BCC427C1-272F-4F5C-9A6C-277598C4754B",
        "ts": "1520361017.000567"
    },
    {
        "type": "message",
        "user": "U8C5LET2S",
        "text": "Hi Sai, I will be available.",
        "ts": "1520365410.000708"
    },
    {
        "type": "message",
        "user": "U9KKCK4QN",
        "text": "Hey Sai, Will be available .",
        "ts": "1520375379.000565"
    },
    {
        "type": "message",
        "user": "U8GC9C5M1",
        "text": "Will be available!",
        "ts": "1520383448.000062"
    }
]