[
    {
        "type": "message",
        "user": "U8HLU8SG0",
        "text": "Let me know, when you guys are ready (Vidyulatha and Yaswanth)",
        "ts": "1516374604.000405"
    },
    {
        "type": "message",
        "user": "U7DJKE1K5",
        "text": "I am ready tharun",
        "ts": "1516374635.000526"
    },
    {
        "type": "message",
        "user": "U8HLU8SG0",
        "text": "Okay, let’s wait some more time for Vidyulatha",
        "ts": "1516374672.000281"
    },
    {
        "type": "message",
        "user": "U7DJKE1K5",
        "text": "ok",
        "ts": "1516374683.000024"
    },
    {
        "type": "message",
        "user": "U746SCQ90",
        "text": "Gm !! I am ready too ..",
        "ts": "1516374704.000068"
    },
    {
        "type": "message",
        "user": "U746SCQ90",
        "text": "Same bridge? ",
        "ts": "1516374721.000358"
    },
    {
        "type": "message",
        "user": "U746SCQ90",
        "text": "And what about India team Tarun and manikanta ?",
        "ts": "1516374736.000499"
    },
    {
        "type": "message",
        "user": "U746RD3SN",
        "text": "team devops conversations please keep it in DevOps channel. General topics here in this channel.",
        "ts": "1516374779.000563"
    },
    {
        "type": "message",
        "user": "U746SCQ90",
        "text": "Ok sorry ",
        "ts": "1516374791.000011"
    }
]