[
    {
        "type": "message",
        "user": "U746RD3SN",
        "text": "<https:\/\/www.youtube.com\/watch?v=aWgtRKfrtMY>",
        "attachments": [
            {
                "service_name": "YouTube",
                "service_url": "https:\/\/www.youtube.com\/",
                "title": "AWS re:Invent 2016: Another Day in the Life of a Netflix Engineer (DEV209)",
                "title_link": "https:\/\/www.youtube.com\/watch?v=aWgtRKfrtMY",
                "author_name": "Amazon Web Services",
                "author_link": "https:\/\/www.youtube.com\/user\/AmazonWebServices",
                "thumb_url": "https:\/\/i.ytimg.com\/vi\/aWgtRKfrtMY\/hqdefault.jpg",
                "thumb_width": 480,
                "thumb_height": 360,
                "fallback": "YouTube Video: AWS re:Invent 2016: Another Day in the Life of a Netflix Engineer (DEV209)",
                "video_html": "<iframe width=\"400\" height=\"225\" src=\"https:\/\/www.youtube.com\/embed\/aWgtRKfrtMY?feature=oembed&autoplay=1&iv_load_policy=3\" frameborder=\"0\" allow=\"autoplay; encrypted-media\" allowfullscreen><\/iframe>",
                "video_html_width": 400,
                "video_html_height": 225,
                "from_url": "https:\/\/www.youtube.com\/watch?v=aWgtRKfrtMY",
                "service_icon": "https:\/\/a.slack-edge.com\/2089\/img\/unfurl_icons\/youtube.png",
                "id": 1
            }
        ],
        "ts": "1520789642.000104"
    },
    {
        "type": "message",
        "user": "U746RD3SN",
        "text": "interesting video, you will understand the power of cloud and how we can keep reinventing to keep the service levels high.",
        "ts": "1520789686.000060"
    }
]