[
    {
        "type": "message",
        "user": "U746RD3SN",
        "text": "All tram members end of the day post what you learnt for the day or what you worked on",
        "client_msg_id": "055DE5ED-0D97-46BA-9D45-43B36001C0FA",
        "ts": "1521029150.000364"
    },
    {
        "type": "message",
        "user": "U730RMBB3",
        "text": "<!everyone>\nPlease make sure to put any updates or questions here at the end of the day. I know we have the daily huddle but putting your updates here in text makes it easy for everyone to look back and see what everyone is learning and doing.",
        "ts": "1521046115.000750"
    },
    {
        "type": "message",
        "user": "U730RMBB3",
        "text": "<!everyone> \nTodays 3:30 PM EST meeting is going to be held in a different uberconference today\nPlease use <https:\/\/www.uberconference.com\/psai6> today. (NEVERMIND USE THE BRIDGE)",
        "attachments": [
            {
                "service_name": "UberConference",
                "title": "UberConference - The Best Free Conference Call",
                "title_link": "https:\/\/www.uberconference.com\/psai6",
                "text": "UberConference provides a rich visual interface for conference calls. Simple, visual, and free to use, it's audio conferencing done right. Easily set up and join free conference calls, see who is in the conference, who is talking, and use powerful conferencing features.",
                "fallback": "UberConference: UberConference - The Best Free Conference Call",
                "thumb_url": "https:\/\/www.uberconference.com\/static\/img2\/uberconference.jpg",
                "from_url": "https:\/\/www.uberconference.com\/psai6",
                "thumb_width": 900,
                "thumb_height": 899,
                "service_icon": "https:\/\/www.uberconference.com\/static\/img2\/apple-touch-icon-320x320-precomposed.png",
                "id": 1
            }
        ],
        "edited": {
            "user": "U730RMBB3",
            "ts": "1521055556.000000"
        },
        "ts": "1521055161.000547"
    },
    {
        "type": "message",
        "user": "U730RMBB3",
        "text": "NEVER MIND WE CAN USE THE BRIDGE",
        "ts": "1521055510.000532"
    },
    {
        "type": "message",
        "user": "U730RMBB3",
        "text": "PLEASE USE THE AKASHNZENITH UBERCONFERENCE",
        "ts": "1521055570.000739"
    },
    {
        "type": "message",
        "user": "U730RMBB3",
        "text": "<https:\/\/www.uberconference.com\/akashnzenith>",
        "attachments": [
            {
                "service_name": "UberConference",
                "title": "UberConference - The Best Free Conference Call",
                "title_link": "https:\/\/www.uberconference.com\/akashnzenith",
                "text": "UberConference provides a rich visual interface for conference calls. Simple, visual, and free to use, it's audio conferencing done right. Easily set up and join free conference calls, see who is in the conference, who is talking, and use powerful conferencing features.",
                "fallback": "UberConference: UberConference - The Best Free Conference Call",
                "thumb_url": "https:\/\/www.uberconference.com\/static\/img2\/uberconference.jpg",
                "from_url": "https:\/\/www.uberconference.com\/akashnzenith",
                "thumb_width": 900,
                "thumb_height": 899,
                "service_icon": "https:\/\/www.uberconference.com\/static\/img2\/apple-touch-icon-320x320-precomposed.png",
                "id": 1
            }
        ],
        "ts": "1521055648.000765"
    },
    {
        "type": "message",
        "user": "U730RMBB3",
        "text": "USE THIS ONE PLEASE",
        "ts": "1521055654.000349"
    },
    {
        "type": "message",
        "user": "U730RMBB3",
        "text": "the above bridge is open for the meeting",
        "ts": "1521055846.000004"
    },
    {
        "type": "message",
        "user": "U746RD3SN",
        "text": "Its mandatory everyone provide updates to their daily activities, let it be learning, watching videos to enhance your knowledge, working on some tasks.",
        "ts": "1521057789.000598"
    },
    {
        "type": "message",
        "user": "U746RD3SN",
        "text": "If there are issues, please submit in the appropriate channels.",
        "ts": "1521057803.000236"
    },
    {
        "type": "message",
        "user": "U746RD3SN",
        "text": "Team members if there is an issue submitted, and if you know the solution kindly give advices.",
        "ts": "1521057833.000051"
    },
    {
        "type": "message",
        "user": "U746RD3SN",
        "text": "Thank you for your support and hardward",
        "ts": "1521057847.000699"
    },
    {
        "type": "message",
        "user": "U9JT2HAP4",
        "text": "Today’s Update:\nWorked on querying IAM based on CIS Controls sheet and preparing document based on findings.",
        "ts": "1521071488.000098"
    },
    {
        "type": "message",
        "user": "U9MF5E7PF",
        "text": "*Today's Update:*\n&gt;Learned some basics of Chef(configuration management) developed by Opscode to manage infrastructure on physical or virtual machines.",
        "ts": "1521079374.000010"
    },
    {
        "type": "message",
        "user": "U730RMBB3",
        "text": "Todays update:\nLearning about Amazon Cognito configuration\nLearning Scala for the first time.",
        "ts": "1521085583.000102"
    }
]