[
    {
        "type": "message",
        "user": "U8AJ8835X",
        "text": "hi everyone, i am preparing  to take aws certified developer associate exam. Please let me know any tips, study materials, sample ques if you know .",
        "ts": "1516949400.000103"
    },
    {
        "type": "message",
        "user": "U8AJ8835X",
        "text": "I am watching A Cloud Guru videos,doing Qwiklabs, and started reading FAQ's in aws website. Please let me know if you have any another study materials,tips, quiz, sample ques.",
        "edited": {
            "user": "U8AJ8835X",
            "ts": "1516949489.000000"
        },
        "ts": "1516949411.000090"
    }
]