[
    {
        "type": "message",
        "user": "U9JT2HAP4",
        "text": "Sure Murali.",
        "ts": "1524233220.000803"
    },
    {
        "type": "message",
        "user": "U98U42YGK",
        "text": "<https:\/\/www.namecheap.com\/>",
        "attachments": [
            {
                "title": "  Domain Name Registration - Buy Domain Names from $0.48 - Namecheap ",
                "title_link": "https:\/\/www.namecheap.com\/",
                "text": "The Domain Name Registrar with the BEST Customer Service and superior web hosting options, email services, SSL certificates, and more! See why over 2 million customers trust us with over 8 million domains!",
                "fallback": "  Domain Name Registration - Buy Domain Names from $0.48 - Namecheap ",
                "from_url": "https:\/\/www.namecheap.com\/",
                "service_icon": "https:\/\/www.namecheap.com\/assets\/img\/nc-icon\/namecheap-icon-152x152.png",
                "service_name": "namecheap.com",
                "id": 1,
                "original_url": "https:\/\/www.namecheap.com\/"
            }
        ],
        "ts": "1524240316.000604"
    },
    {
        "type": "message",
        "user": "U98U42YGK",
        "text": "If you would like to get any domains please use this link for buying domains for using route 53",
        "ts": "1524240355.000314"
    },
    {
        "type": "message",
        "user": "U98U42YGK",
        "text": "amazon charges more for domains",
        "ts": "1524240379.000545"
    },
    {
        "type": "message",
        "user": "U98U42YGK",
        "text": "you can attach your own domains to Route53",
        "ts": "1524240400.000463"
    },
    {
        "type": "message",
        "user": "U746RD3SN",
        "text": "All of MP Infotech DNS are hosted with godaddy",
        "client_msg_id": "D0A1BEE6-5D84-4E80-92E0-91D037893570",
        "ts": "1524244741.000280"
    },
    {
        "type": "message",
        "user": "U746RD3SN",
        "text": "Cost of hosting a domain with different providers changes because of the underlying ",
        "client_msg_id": "F3BBAE83-64C4-4151-A02D-697CE758F1A2",
        "ts": "1524244780.000616"
    },
    {
        "type": "message",
        "user": "U746RD3SN",
        "text": "Technology and security components ",
        "client_msg_id": "003E8253-5D5B-47F5-BAE6-BF010ABFA880",
        "ts": "1524244800.000591"
    },
    {
        "type": "message",
        "user": "U9R2J9HCG",
        "text": "My Update: worked on Scope Mgmt Plan and Project Scope Statement. Currently working on WBS.",
        "ts": "1524272955.000083"
    },
    {
        "type": "message",
        "user": "U746RD3SN",
        "text": "My update: i worked getting the Partner portal access so that the teams can gain access to. Alertlogic is done, and notified appropriate resources. Forcepoint i am working with the support. Completed the Symantec partnership form that I received today.",
        "ts": "1524273134.000015"
    }
]