[
    {
        "type": "message",
        "user": "U746RD3SN",
        "text": "Team, I will present the MRADAR mock screens that we have been working",
        "ts": "1522777637.000408"
    },
    {
        "type": "message",
        "user": "U746RD3SN",
        "text": "this will give you an Ideas as to what you guys have been working on, and how it will be incorporated",
        "ts": "1522777661.000065"
    },
    {
        "type": "message",
        "user": "U746RD3SN",
        "text": "Please try to be on time, as I need to be done by 4 PM.",
        "ts": "1522777677.000633"
    },
    {
        "type": "message",
        "user": "U746RD3SN",
        "text": "we will use <http:\/\/uberconference.com\/akashnzenith|uberconference.com\/akashnzenith>",
        "ts": "1522777800.000374"
    },
    {
        "type": "message",
        "user": "U746RD3SN",
        "text": "for those who will be missing today session, we will plan to have more broken down sections, as we are starting the development",
        "ts": "1522777830.000553"
    },
    {
        "type": "message",
        "user": "U74STF4HJ",
        "text": "Great I am excited",
        "client_msg_id": "420642b8-caa8-41b5-87c1-1c3684f8e109",
        "ts": "1522777859.000146"
    },
    {
        "type": "message",
        "user": "U746RD3SN",
        "text": "the first one is key for us to really open the doors and get customers, so an active conversation will help us to get the product built right, so that you all can use it.",
        "ts": "1522777872.000191"
    },
    {
        "type": "message",
        "user": "U746RD3SN",
        "text": "its being developed as a tool for our internal teams to us and deliver the projects on time to customers.",
        "ts": "1522777897.000103"
    },
    {
        "type": "message",
        "user": "U746RD3SN",
        "text": "We are at a point where we need to open the doors and we need to generate some revenue for the company as we have just been spending for past 1 year.",
        "ts": "1522777935.000084"
    },
    {
        "type": "message",
        "user": "U746RD3SN",
        "text": "Please join before 3:30 PM, i am going to start the presentation at 3:30 PM EST and end at 4:00 PM EST.",
        "ts": "1522777980.000791"
    },
    {
        "type": "message",
        "user": "U74STF4HJ",
        "text": "I will try my best to get funding it has unique features no other cloud providers has those insights",
        "client_msg_id": "8e5b9cb3-0306-48e0-873d-f771e54ebe80",
        "ts": "1522778025.000753"
    },
    {
        "type": "message",
        "user": "U74STF4HJ",
        "text": "I need nice ppt",
        "client_msg_id": "01b10de5-bed8-471f-aaa1-0d133f7c7b10",
        "ts": "1522778036.000303"
    },
    {
        "type": "message",
        "user": "U746RD3SN",
        "text": "once we present and receive the feedback, we will adjust the flows, and have a nice PPT and Brocure developed by Krithika.",
        "ts": "1522778080.000396"
    },
    {
        "type": "message",
        "user": "U74STF4HJ",
        "text": "I am all excited but we need fast to market",
        "client_msg_id": "ce1aa553-f255-4be0-a3e5-f39eedd113d4",
        "ts": "1522778198.000820"
    },
    {
        "type": "message",
        "user": "U746RD3SN",
        "text": "1000% agree",
        "ts": "1522778210.000455"
    },
    {
        "type": "message",
        "user": "U746RD3SN",
        "text": "we are late by atleast 2 quarters",
        "ts": "1522778219.000139"
    },
    {
        "type": "message",
        "user": "U74STF4HJ",
        "text": "We cab get funding sir I am 100 confidence PL add some alternatives out there how our product can do better job than this",
        "client_msg_id": "3256c5d9-3838-4f6e-b3bf-a1f1c3203130",
        "ts": "1522778268.000337"
    },
    {
        "type": "message",
        "user": "U746RD3SN",
        "text": "I am confident, we are building the tool with the right roadmap.",
        "ts": "1522778325.000485"
    },
    {
        "type": "message",
        "user": "U746RD3SN",
        "text": "but we want to have the basic foundations to start with.",
        "ts": "1522778349.000881"
    },
    {
        "type": "message",
        "user": "U730RMBB3",
        "text": "I need some quick updates on the work side of things:\n1) <@U746SCQ90> are the scripts working? Have they deployed the architecture?\n2) <@U9MF5E7PF> what's the progress with Ansible?\n3) <@U98U42YGK> and <@U98TG96PP>, what's the progress on setting up a Terraform server?\n\n4) <@U9JT2HAP4>, <@U9M7W1F1B>, <@U8GC9C5M1>, Let's hold a security meeting tomorrow from 1:30pm EST to 2:30pm EST. If it's not possible then please notify me so we can adjust.\n\n5) <@U9KKCK4QN> <@U9R2J9HCG> We need to organize a time for the MRADAR developers, please contact them via Slack\/email in order to set up a meeting.",
        "ts": "1522786241.000090"
    }
]