[
    {
        "type": "message",
        "user": "U746RD3SN",
        "text": "Team, we have 3 team members joining us today, SivaParvathi, Varsha, Samba, into DevOps",
        "ts": "1520608664.000266"
    },
    {
        "type": "message",
        "user": "U746RD3SN",
        "text": "SivaParvathi will spend time in both DevOps and also work with Security team members.",
        "ts": "1520608686.000196"
    },
    {
        "type": "message",
        "user": "U746RD3SN",
        "text": "Vidyulatha, TharunThota, Siva, Arun  all focus on DevOps and are located in USA.",
        "ts": "1520608790.000192"
    },
    {
        "type": "message",
        "user": "U746RD3SN",
        "text": "John is focused on Security.",
        "ts": "1520608797.000548"
    },
    {
        "type": "message",
        "user": "U746RD3SN",
        "text": "In India Manikanta and Chaitanya are working on DevOps.",
        "ts": "1520608813.000640"
    },
    {
        "type": "message",
        "user": "U746RD3SN",
        "text": "Prasannasai will reach out to you all individually give you an update on the projects we are working on to bring you upto speed.",
        "ts": "1520608871.000055"
    }
]