[
    {
        "type": "message",
        "user": "U9MF5E7PF",
        "text": "Can some one help me. I created the VPC, subnet and SG. But while creating chef automate instance its not listing anything.",
        "ts": "1521131510.000088"
    },
    {
        "type": "message",
        "subtype": "file_share",
        "text": "<@U9MF5E7PF> uploaded a file: <https:\/\/mpinfotech.slack.com\/files\/U9MF5E7PF\/F9RDL8422\/chef_automate_create.jpg|Chef_Automate_Create.JPG>",
        "file": {
            "id": "F9RDL8422",
            "created": 1521131538,
            "timestamp": 1521131538,
            "name": "Chef_Automate_Create.JPG",
            "title": "Chef_Automate_Create.JPG",
            "mimetype": "image\/jpeg",
            "filetype": "jpg",
            "pretty_type": "JPEG",
            "user": "U9MF5E7PF",
            "editable": false,
            "size": 53828,
            "mode": "hosted",
            "is_external": false,
            "external_type": "",
            "is_public": true,
            "public_url_shared": false,
            "display_as_bot": false,
            "username": "",
            "url_private": "https:\/\/files.slack.com\/files-pri\/T730RMB7T-F9RDL8422\/chef_automate_create.jpg?t=xoxe-241025725265-384508339281-384508339409-5b92d26397ce6b615c24d77267fe6bb3",
            "url_private_download": "https:\/\/files.slack.com\/files-pri\/T730RMB7T-F9RDL8422\/download\/chef_automate_create.jpg?t=xoxe-241025725265-384508339281-384508339409-5b92d26397ce6b615c24d77267fe6bb3",
            "thumb_64": "https:\/\/files.slack.com\/files-tmb\/T730RMB7T-F9RDL8422-ed3e05f943\/chef_automate_create_64.jpg?t=xoxe-241025725265-384508339281-384508339409-5b92d26397ce6b615c24d77267fe6bb3",
            "thumb_80": "https:\/\/files.slack.com\/files-tmb\/T730RMB7T-F9RDL8422-ed3e05f943\/chef_automate_create_80.jpg?t=xoxe-241025725265-384508339281-384508339409-5b92d26397ce6b615c24d77267fe6bb3",
            "thumb_360": "https:\/\/files.slack.com\/files-tmb\/T730RMB7T-F9RDL8422-ed3e05f943\/chef_automate_create_360.jpg?t=xoxe-241025725265-384508339281-384508339409-5b92d26397ce6b615c24d77267fe6bb3",
            "thumb_360_w": 360,
            "thumb_360_h": 159,
            "thumb_480": "https:\/\/files.slack.com\/files-tmb\/T730RMB7T-F9RDL8422-ed3e05f943\/chef_automate_create_480.jpg?t=xoxe-241025725265-384508339281-384508339409-5b92d26397ce6b615c24d77267fe6bb3",
            "thumb_480_w": 480,
            "thumb_480_h": 212,
            "thumb_160": "https:\/\/files.slack.com\/files-tmb\/T730RMB7T-F9RDL8422-ed3e05f943\/chef_automate_create_160.jpg?t=xoxe-241025725265-384508339281-384508339409-5b92d26397ce6b615c24d77267fe6bb3",
            "thumb_720": "https:\/\/files.slack.com\/files-tmb\/T730RMB7T-F9RDL8422-ed3e05f943\/chef_automate_create_720.jpg?t=xoxe-241025725265-384508339281-384508339409-5b92d26397ce6b615c24d77267fe6bb3",
            "thumb_720_w": 720,
            "thumb_720_h": 318,
            "thumb_800": "https:\/\/files.slack.com\/files-tmb\/T730RMB7T-F9RDL8422-ed3e05f943\/chef_automate_create_800.jpg?t=xoxe-241025725265-384508339281-384508339409-5b92d26397ce6b615c24d77267fe6bb3",
            "thumb_800_w": 800,
            "thumb_800_h": 353,
            "thumb_960": "https:\/\/files.slack.com\/files-tmb\/T730RMB7T-F9RDL8422-ed3e05f943\/chef_automate_create_960.jpg?t=xoxe-241025725265-384508339281-384508339409-5b92d26397ce6b615c24d77267fe6bb3",
            "thumb_960_w": 960,
            "thumb_960_h": 424,
            "thumb_1024": "https:\/\/files.slack.com\/files-tmb\/T730RMB7T-F9RDL8422-ed3e05f943\/chef_automate_create_1024.jpg?t=xoxe-241025725265-384508339281-384508339409-5b92d26397ce6b615c24d77267fe6bb3",
            "thumb_1024_w": 1024,
            "thumb_1024_h": 452,
            "image_exif_rotation": 1,
            "original_w": 1304,
            "original_h": 576,
            "permalink": "https:\/\/mpinfotech.slack.com\/files\/U9MF5E7PF\/F9RDL8422\/chef_automate_create.jpg",
            "permalink_public": "https:\/\/slack-files.com\/T730RMB7T-F9RDL8422-ab0ad47ad2",
            "channels": [],
            "groups": [],
            "ims": [],
            "comments_count": 0
        },
        "user": "U9MF5E7PF",
        "upload": true,
        "display_as_bot": false,
        "username": "sreddy",
        "bot_id": null,
        "ts": "1521131542.000049"
    },
    {
        "type": "message",
        "user": "U9MF5E7PF",
        "text": "fields are just rolling. at least it should list default ones.",
        "ts": "1521131667.000947"
    },
    {
        "type": "message",
        "user": "U730RMBB3",
        "text": "Anyone trained or has knowledge in Chef should look at this",
        "ts": "1521135142.000712"
    },
    {
        "type": "message",
        "user": "U730RMBB3",
        "text": "<@U98U42YGK> I know you have some training in Chef so this might also help",
        "ts": "1521135233.000400"
    },
    {
        "type": "message",
        "user": "U746RD3SN",
        "text": "<http:\/\/Www.brighttalk.com|Www.brighttalk.com>",
        "client_msg_id": "A3CD0763-90FC-49AE-ACB0-32F846CFD07C",
        "ts": "1521137561.000732"
    },
    {
        "type": "message",
        "user": "U746RD3SN",
        "text": "You can find lots of quality videos on varying topics",
        "client_msg_id": "D61D83C0-ACC6-4E1A-9C7C-F5563E04B05A",
        "ts": "1521137586.000826"
    },
    {
        "type": "message",
        "user": "U9JT2HAP4",
        "text": "I won’t be available for today’s huddle because of some personal stuff. \nMy update:\nWorking on IAM querying scripts and documentation.\nWill update my progress on tasks by EOD.",
        "ts": "1521137935.000230"
    },
    {
        "type": "message",
        "user": "U9PDTN4UA",
        "text": "<@U730RMBB3>: i have got access to the documents",
        "ts": "1521143864.000029"
    },
    {
        "type": "message",
        "user": "U9PDTN4UA",
        "text": "thanks",
        "ts": "1521143867.000461"
    },
    {
        "type": "message",
        "user": "U9M7W1F1B",
        "text": "My update for today:\nI have been working on the script for hardening the RHEL server as per CIS guidelines.[1\/6 in progress]",
        "ts": "1521174618.000129"
    },
    {
        "type": "message",
        "user": "U746RD3SN",
        "text": "My update for the day (wednesday): Spent time with Jira expert on streamling the DevOps studio and MRADAR projects.",
        "ts": "1521176410.000132"
    }
]