[
    {
        "type": "message",
        "user": "U730RMBB3",
        "text": "I know there's a new pin system in place",
        "ts": "1523561688.000503"
    },
    {
        "type": "message",
        "user": "U730RMBB3",
        "text": "for the uberconference",
        "ts": "1523561694.000361"
    },
    {
        "type": "message",
        "user": "U730RMBB3",
        "text": "I will see what is appropriate",
        "ts": "1523561719.000508"
    },
    {
        "type": "message",
        "user": "U730RMBB3",
        "text": "for now",
        "ts": "1523561739.000667"
    },
    {
        "type": "message",
        "user": "U9R2J9HCG",
        "text": "Sure Sai",
        "ts": "1523561745.000293"
    },
    {
        "type": "message",
        "user": "U730RMBB3",
        "text": "<!everyone>\nplease use the psai6 channel",
        "ts": "1523561754.000068"
    },
    {
        "type": "message",
        "user": "U8GC9C5M1",
        "text": "Got it",
        "ts": "1523561757.000643"
    }
]