[
    {
        "type": "message",
        "user": "U746RD3SN",
        "text": "Team, anyone good managing Social media sites, I need some help in managing MPIT Facebook page.",
        "ts": "1521744096.000757"
    },
    {
        "type": "message",
        "user": "U746RD3SN",
        "text": "ping me",
        "ts": "1521744130.000358"
    },
    {
        "type": "message",
        "user": "U8AJ8835X",
        "text": "Today's Update: practiced GIT and Jenkins in AWS, working with Samba on Chef and Continuing python.",
        "ts": "1521749915.000114"
    },
    {
        "type": "message",
        "user": "U746RD3SN",
        "text": "Please submit your updates on what you learnt or worked",
        "client_msg_id": "2DD2CCE1-D31A-40E4-A99D-B0F0DFFA8CDD",
        "ts": "1521769647.000108"
    },
    {
        "type": "message",
        "user": "U9MF5E7PF",
        "text": "```\nMy update:\n1. Still working on chef automation server. But server creation is failed with 'due to Received FAILURE signal with UniqueId ' error. Sent email to Anudeep and waiting for his response.\n2. Learned how to install the jenkins server on Docker container. Going through videos about docker swarm.\n```",
        "ts": "1521769916.000234"
    },
    {
        "type": "message",
        "user": "U8B25LH0B",
        "text": "My update: learnt about ansible and lambda and working on etradmine pipeline with different language projects",
        "client_msg_id": "d2a768d2-30d8-4487-877c-bc85e21d919b",
        "ts": "1521774065.000237"
    },
    {
        "type": "message",
        "user": "U9606M37C",
        "text": "Todays update: Learnt about nexus and continue with devops videos . Learning Linux commands .",
        "ts": "1521784877.000208"
    }
]