[
    {
        "type": "message",
        "subtype": "file_share",
        "text": "<@U730RMBB3> uploaded a file: <https:\/\/mpinfotech.slack.com\/files\/U730RMBB3\/F9WCD5EK1\/currentprojects3_23_18.pdf|CurrentProjects3_23_18.pdf> and commented: So apparently we have 7 projects haha. So we do have a lot of work ahead of us but with some proper parallel tasking we can get a lot of work done together. These projects will provide a lot of experience to those involved and give us more credibility when trying to get larger projects.",
        "file": {
            "id": "F9WCD5EK1",
            "created": 1521839531,
            "timestamp": 1521839531,
            "name": "CurrentProjects3_23_18.pdf",
            "title": "CurrentProjects3_23_18.pdf",
            "mimetype": "application\/pdf",
            "filetype": "pdf",
            "pretty_type": "PDF",
            "user": "U730RMBB3",
            "editable": false,
            "size": 46762,
            "mode": "hosted",
            "is_external": false,
            "external_type": "",
            "is_public": true,
            "public_url_shared": false,
            "display_as_bot": false,
            "username": "",
            "url_private": "https:\/\/files.slack.com\/files-pri\/T730RMB7T-F9WCD5EK1\/currentprojects3_23_18.pdf?t=xoxe-241025725265-384508339281-384508339409-5b92d26397ce6b615c24d77267fe6bb3",
            "url_private_download": "https:\/\/files.slack.com\/files-pri\/T730RMB7T-F9WCD5EK1\/download\/currentprojects3_23_18.pdf?t=xoxe-241025725265-384508339281-384508339409-5b92d26397ce6b615c24d77267fe6bb3",
            "thumb_pdf": "https:\/\/files.slack.com\/files-tmb\/T730RMB7T-F9WCD5EK1-c077878ed4\/currentprojects3_23_18_thumb_pdf.png?t=xoxe-241025725265-384508339281-384508339409-5b92d26397ce6b615c24d77267fe6bb3",
            "thumb_pdf_w": 935,
            "thumb_pdf_h": 1210,
            "permalink": "https:\/\/mpinfotech.slack.com\/files\/U730RMBB3\/F9WCD5EK1\/currentprojects3_23_18.pdf",
            "permalink_public": "https:\/\/slack-files.com\/T730RMB7T-F9WCD5EK1-b17f407831",
            "channels": [],
            "groups": [],
            "ims": [],
            "comments_count": 1,
            "initial_comment": {
                "id": "Fc9VF53G13",
                "created": 1521839531,
                "timestamp": 1521839531,
                "user": "U730RMBB3",
                "is_intro": true,
                "comment": "So apparently we have 7 projects haha. So we do have a lot of work ahead of us but with some proper parallel tasking we can get a lot of work done together. These projects will provide a lot of experience to those involved and give us more credibility when trying to get larger projects."
            }
        },
        "user": "U730RMBB3",
        "upload": true,
        "display_as_bot": false,
        "username": "psai",
        "bot_id": null,
        "ts": "1521839533.000361"
    },
    {
        "type": "message",
        "user": "U730RMBB3",
        "text": "This is just a high level overview so that everyone knows what's going on.\n\nI will be working with Prasanna in order to break down these high level projects to proper tasks that can be allocated, documented, and completed.",
        "ts": "1521839612.000446"
    }
]