[
    {
        "type": "message",
        "user": "U746RD3SN",
        "text": "Team, here is the SLACK STATS, if we want to create an open learning organization, we cannot achieve if 99% of the messages are direct messages and 1% in public channels. I want to in 99% in public channels so that the teams can learn and 1% in direct messages.",
        "ts": "1526308695.000781"
    },
    {
        "type": "message",
        "user": "U746RD3SN",
        "text": "This is the time for us to change this so that all team members can benefit from conversations in public channels",
        "ts": "1526308729.000814"
    },
    {
        "type": "message",
        "user": "U746RD3SN",
        "text": "Public channels means the channels we have listed in the left side of your slack bar",
        "ts": "1526308756.000237"
    },
    {
        "type": "message",
        "user": "U746RD3SN",
        "text": "Stats from SLACK: Your members sent a total of 935 messages last week (that's 487 fewer than the week before). Of those, 1% were in public channels and 99% were direct messages. Your members also uploaded 12 files (that's 2 fewer than the week before).",
        "ts": "1526308771.000578"
    },
    {
        "type": "message",
        "user": "U730RMBB3",
        "text": "Plus it’s better to have communication in public channel so that when I extract the archives we can see the conversations. Slack archives don’t contain private chats so it’s more useful to share info and communication in public channels",
        "client_msg_id": "6142E9C9-76D5-4220-A0A8-4CFE795C4111",
        "ts": "1526310923.000192"
    }
]