[
    {
        "type": "message",
        "user": "U730RMBB3",
        "text": "As a reminder the MRADAR dev meeting starts now",
        "client_msg_id": "8180B60E-4633-4F86-B8BF-71BD2BBA68ED",
        "ts": "1523056011.000281"
    },
    {
        "type": "message",
        "user": "U730RMBB3",
        "text": "On the Psai6 uberconference ",
        "client_msg_id": "AFF9CD7A-A2B0-4735-844B-CFBE71E6CA45",
        "ts": "1523056035.000080"
    },
    {
        "type": "message",
        "user": "U74STF4HJ",
        "text": "Whts number",
        "client_msg_id": "63d70333-eb50-4b5e-99a7-7630c4e9985e",
        "ts": "1523056185.000245"
    },
    {
        "type": "message",
        "user": "U730RMBB3",
        "text": "<https:\/\/www.uberconference.com\/psai6>",
        "attachments": [
            {
                "service_name": "UberConference",
                "title": "UberConference - The Best Free Conference Call",
                "title_link": "https:\/\/www.uberconference.com\/psai6",
                "text": "UberConference provides a rich visual interface for conference calls. Simple, visual, and free to use, it's audio conferencing done right. Easily set up and join free conference calls, see who is in the conference, who is talking, and use powerful conferencing features.",
                "fallback": "UberConference: UberConference - The Best Free Conference Call",
                "thumb_url": "https:\/\/www.uberconference.com\/static\/img2\/uberconference.jpg",
                "from_url": "https:\/\/www.uberconference.com\/psai6",
                "thumb_width": 900,
                "thumb_height": 899,
                "service_icon": "https:\/\/www.uberconference.com\/static\/img2\/apple-touch-icon-320x320-precomposed.png",
                "id": 1
            }
        ],
        "ts": "1523056250.000315"
    },
    {
        "type": "message",
        "user": "U730RMBB3",
        "text": "is the link",
        "ts": "1523056252.000246"
    },
    {
        "type": "message",
        "user": "U74STF4HJ",
        "text": "I am in",
        "client_msg_id": "358e5142-fa43-42d4-af5d-f34f04f91fd3",
        "ts": "1523056427.000131"
    },
    {
        "type": "message",
        "user": "U74STF4HJ",
        "text": "Can I hear me",
        "client_msg_id": "a9969622-c01e-4f52-a88d-b056dcb86b3f",
        "ts": "1523056664.000298"
    },
    {
        "type": "message",
        "user": "U730RMBB3",
        "text": "‭+1 <tel:(720)835-5063|(720) 835-5063>;28339‬",
        "client_msg_id": "5F0FDBA5-ED0E-43BD-A32A-B283CCBD2841",
        "ts": "1523056935.000145"
    },
    {
        "type": "message",
        "user": "U730RMBB3",
        "text": "Is the number",
        "client_msg_id": "87F0F4CC-6B60-48FB-8211-FFE752B2DD58",
        "ts": "1523056939.000078"
    }
]