[
    {
        "type": "message",
        "user": "UAFCKL4V9",
        "text": "Team, I have a meeting today from 3-4PM at my workplace, I won't be able to make it to the conference call.",
        "ts": "1525979863.000402"
    },
    {
        "type": "message",
        "user": "UAFCKL4V9",
        "text": "Updates from my end : I am taking AWS Business Professional training and completed 2 modules.",
        "ts": "1525979929.000203"
    },
    {
        "type": "message",
        "user": "U730RMBB3",
        "text": "thanks for the update",
        "ts": "1525979995.000263"
    }
]