[
    {
        "type": "message",
        "user": "U746RD3SN",
        "text": "I want to welcome Thoni Kumar, Dileep Kodavali, Prajwala Gottu to the team. They are the new OPTs who are getting trained in Security.",
        "client_msg_id": "46561cc4-eeb3-4313-9211-6a72ede060fe",
        "ts": "1528614857.000039"
    },
    {
        "type": "message",
        "user": "U746RD3SN",
        "text": "<https:\/\/www.youtube.com\/watch?v=8C9xNVYbCVk>",
        "client_msg_id": "02e13c26-4fae-4de4-bcb0-7b093a8e1e41",
        "attachments": [
            {
                "service_name": "YouTube",
                "service_url": "https:\/\/www.youtube.com\/",
                "title": "AWS re:Invent 2017: A Day in the Life of a Cloud Network Engineer at Netflix (NET303)",
                "title_link": "https:\/\/www.youtube.com\/watch?v=8C9xNVYbCVk",
                "author_name": "Amazon Web Services",
                "author_link": "https:\/\/www.youtube.com\/user\/AmazonWebServices",
                "thumb_url": "https:\/\/i.ytimg.com\/vi\/8C9xNVYbCVk\/hqdefault.jpg",
                "thumb_width": 480,
                "thumb_height": 360,
                "fallback": "YouTube Video: AWS re:Invent 2017: A Day in the Life of a Cloud Network Engineer at Netflix (NET303)",
                "video_html": "<iframe width=\"400\" height=\"225\" src=\"https:\/\/www.youtube.com\/embed\/8C9xNVYbCVk?feature=oembed&autoplay=1&iv_load_policy=3\" frameborder=\"0\" allow=\"autoplay; encrypted-media\" allowfullscreen><\/iframe>",
                "video_html_width": 400,
                "video_html_height": 225,
                "from_url": "https:\/\/www.youtube.com\/watch?v=8C9xNVYbCVk",
                "service_icon": "https:\/\/a.slack-edge.com\/2089\/img\/unfurl_icons\/youtube.png",
                "id": 1,
                "original_url": "https:\/\/www.youtube.com\/watch?v=8C9xNVYbCVk"
            }
        ],
        "ts": "1528658555.000067"
    }
]