[
    {
        "type": "message",
        "user": "U746RD3SN",
        "text": "I am not able to join the 3:30 call due production issues ",
        "ts": "1515185164.000098"
    },
    {
        "type": "message",
        "user": "U8GC9C5M1",
        "text": "Today's updates: Learning from Udemy, Hardening ec-2 instance.",
        "ts": "1515199803.000082"
    },
    {
        "type": "message",
        "user": "U746RD3SN",
        "text": "Thank you for update",
        "ts": "1515206699.000088"
    }
]