[
    {
        "type": "message",
        "user": "U730RMBB3",
        "text": "guys the bridge is open",
        "ts": "1520023018.000216"
    },
    {
        "type": "message",
        "user": "U730RMBB3",
        "text": "<https:\/\/www.uberconference.com\/akashnzenith>",
        "attachments": [
            {
                "service_name": "UberConference",
                "title": "UberConference - The Best Free Conference Call",
                "title_link": "https:\/\/www.uberconference.com\/akashnzenith",
                "text": "UberConference provides a rich visual interface for conference calls. Simple, visual, and free to use, it's audio conferencing done right. Easily set up and join free conference calls, see who is in the conference, who is talking, and use powerful conferencing features.",
                "fallback": "UberConference: UberConference - The Best Free Conference Call",
                "thumb_url": "https:\/\/www.uberconference.com\/static\/img2\/uberconference.jpg",
                "from_url": "https:\/\/www.uberconference.com\/akashnzenith",
                "thumb_width": 900,
                "thumb_height": 899,
                "service_icon": "https:\/\/www.uberconference.com\/static\/img2\/apple-touch-icon-320x320-precomposed.png",
                "id": 1
            }
        ],
        "ts": "1520024767.000556"
    }
]