[
    {
        "type": "message",
        "user": "U746RD3SN",
        "text": "SivaParvathi, Varsha, Prasanna welcome to MP Infotech",
        "ts": "1520563038.000158"
    },
    {
        "type": "message",
        "user": "U9M7W1F1B",
        "text": "Thank you!",
        "ts": "1520565239.000044"
    },
    {
        "type": "message",
        "user": "U74STF4HJ",
        "text": "Welcome All great to see you on this great platform we are building",
        "client_msg_id": "425461b7-8072-4ad7-babf-711c1c9a514c",
        "ts": "1520573020.000128"
    }
]