[
    {
        "type": "message",
        "user": "U746RD3SN",
        "text": "Partner-net login, please login and get the benefits on being a partner.",
        "ts": "1518185566.000593"
    },
    {
        "type": "message",
        "user": "U746RD3SN",
        "text": "If you are registering for Partner, you need to register using your business email, and login via Partner-net and register for your email.",
        "ts": "1518185596.000578"
    },
    {
        "type": "message",
        "user": "U746RD3SN",
        "text": "*exam using @mpinfotech.com email address.",
        "ts": "1518185611.000310"
    },
    {
        "type": "message",
        "user": "U8AJ8835X",
        "text": "Sir me ,Chaitanya and Tarun got Acces to partner- net ",
        "client_msg_id": "582D3CA2-9417-4DA6-BEF8-9C9F0F878FCE",
        "ts": "1518185716.000489"
    },
    {
        "type": "message",
        "user": "U746RD3SN",
        "text": "Ok",
        "client_msg_id": "15DEE007-A08B-4C71-A2B7-185A60FDE142",
        "ts": "1518189682.000741"
    }
]