[
    {
        "type": "message",
        "user": "U746RD3SN",
        "text": "Do you know how a Data Center would look like, follow this 5 minutes video.",
        "ts": "1512307056.000024"
    },
    {
        "type": "message",
        "user": "U746RD3SN",
        "text": "<https:\/\/www.youtube.com\/watch?v=XZmGGAbHqa0>",
        "attachments": [
            {
                "service_name": "YouTube",
                "service_url": "https:\/\/www.youtube.com\/",
                "title": "Inside a Google data center",
                "title_link": "https:\/\/www.youtube.com\/watch?v=XZmGGAbHqa0",
                "author_name": "G Suite",
                "author_link": "https:\/\/www.youtube.com\/user\/GoogleApps",
                "thumb_url": "https:\/\/i.ytimg.com\/vi\/XZmGGAbHqa0\/hqdefault.jpg",
                "thumb_width": 480,
                "thumb_height": 360,
                "fallback": "YouTube Video: Inside a Google data center",
                "video_html": "<iframe width=\"400\" height=\"225\" src=\"https:\/\/www.youtube.com\/embed\/XZmGGAbHqa0?feature=oembed&autoplay=1&iv_load_policy=3\" frameborder=\"0\" gesture=\"media\" allow=\"encrypted-media\" allowfullscreen><\/iframe>",
                "video_html_width": 400,
                "video_html_height": 225,
                "from_url": "https:\/\/www.youtube.com\/watch?v=XZmGGAbHqa0",
                "service_icon": "https:\/\/a.slack-edge.com\/2089\/img\/unfurl_icons\/youtube.png",
                "id": 1
            }
        ],
        "ts": "1512307059.000002"
    }
]