[
    {
        "type": "message",
        "user": "U746RD3SN",
        "text": "<https:\/\/blockgeeks.com\/guides\/what-is-blockchain-technology\/>",
        "attachments": [
            {
                "service_name": "Blockgeeks",
                "title": "What is Blockchain Technology? A Step-by-Step Guide For Beginners",
                "title_link": "https:\/\/blockgeeks.com\/guides\/what-is-blockchain-technology\/",
                "text": "Still Don't Get Blockchain? Here's an Explanation For Five-Year- Old What is Blockchain Technology? A Step-by-Step Guide.",
                "fallback": "Blockgeeks: What is Blockchain Technology? A Step-by-Step Guide For Beginners",
                "image_url": "https:\/\/blockgeeks.com\/wp-content\/uploads\/2016\/09\/home.jpg",
                "image_width": 410,
                "image_height": 250,
                "ts": 1474235597,
                "from_url": "https:\/\/blockgeeks.com\/guides\/what-is-blockchain-technology\/",
                "image_bytes": 292622,
                "service_icon": "https:\/\/blockgeeks.com\/wp-content\/uploads\/2016\/09\/cropped-Blockgeeks-icon-180x180.png",
                "id": 1
            }
        ],
        "ts": "1511437738.000084"
    }
]