[
    {
        "type": "message",
        "user": "U746RD3SN",
        "text": "<https:\/\/www.csoonline.com\/article\/3132078\/security\/devopssec-secdevops-devsecops-whats-in-a-name.html>",
        "attachments": [
            {
                "service_name": "CSO Online",
                "title": "DevOpsSec, SecDevOps, DevSecOps: What's in a Name?",
                "title_link": "https:\/\/www.csoonline.com\/article\/3132078\/security\/devopssec-secdevops-devsecops-whats-in-a-name.html",
                "text": "CSO offers the latest information and best practices on business continuity and data protection, best practices for prevention of social engineering scams, malware and breaches, and tips and advice abut security careers and leadership.",
                "fallback": "CSO Online: DevOpsSec, SecDevOps, DevSecOps: What's in a Name?",
                "image_url": "https:\/\/idge.staticworld.net\/cso\/CSO_logo_300x300.png",
                "from_url": "https:\/\/www.csoonline.com\/article\/3132078\/security\/devopssec-secdevops-devsecops-whats-in-a-name.html",
                "image_width": 250,
                "image_height": 250,
                "image_bytes": 8068,
                "service_icon": "https:\/\/idge.staticworld.net\/cso\/CSO_logo_300x300.png",
                "id": 1
            }
        ],
        "ts": "1513806554.000285"
    }
]