[
    {
        "type": "message",
        "user": "U7DJKE1K5",
        "text": "<http:\/\/docs.amazonaws.cn\/en_us\/AWSCloudFormation\/latest\/UserGuide\/quickref-rds.html>",
        "attachments": [
            {
                "title": "Amazon RDS Template Snippets - AWS CloudFormation",
                "title_link": "http:\/\/docs.amazonaws.cn\/en_us\/AWSCloudFormation\/latest\/UserGuide\/quickref-rds.html",
                "text": "Use these sample template snippets with your Amazon RDS Instance resources with AWS CloudFormation.",
                "fallback": "Amazon RDS Template Snippets - AWS CloudFormation",
                "from_url": "http:\/\/docs.amazonaws.cn\/en_us\/AWSCloudFormation\/latest\/UserGuide\/quickref-rds.html",
                "service_icon": "http:\/\/docs.amazonaws.cn\/images\/favicon.ico",
                "service_name": "docs.amazonaws.cn",
                "id": 1
            }
        ],
        "ts": "1509396734.000119"
    }
]