[
    {
        "user": "U763Z9NAG",
        "text": "<@U763Z9NAG> has joined the channel",
        "type": "message",
        "subtype": "channel_join",
        "ts": "1505918115.000425"
    },
    {
        "user": "U761HUB8B",
        "text": "<@U761HUB8B> has joined the channel",
        "type": "message",
        "subtype": "channel_join",
        "ts": "1505921872.000073"
    },
    {
        "user": "U770EERUN",
        "text": "<@U770EERUN> has joined the channel",
        "type": "message",
        "subtype": "channel_join",
        "ts": "1505921898.000133"
    }
]