[
    {
        "type": "message",
        "user": "U746RD3SN",
        "text": "Block chain how many know what its? What to know more, click the link below.",
        "ts": "1510840244.000173"
    },
    {
        "type": "message",
        "user": "U746RD3SN",
        "text": "<http:\/\/fortune.com\/2017\/09\/12\/diamond-blockchain-everledger\/>",
        "attachments": [
            {
                "service_name": "Fortune",
                "title": "The Diamond Industry Is Obsessed With the Blockchain",
                "title_link": "http:\/\/fortune.com\/2017\/09\/12\/diamond-blockchain-everledger\/",
                "text": "How to guarantee the provenance of a stone? A digital ledger.",
                "fallback": "Fortune: The Diamond Industry Is Obsessed With the Blockchain",
                "image_url": "https:\/\/fortunedotcom.files.wordpress.com\/2017\/09\/led-9-15_a.png",
                "image_width": 307,
                "image_height": 250,
                "from_url": "http:\/\/fortune.com\/2017\/09\/12\/diamond-blockchain-everledger\/",
                "image_bytes": 7083714,
                "service_icon": "http:\/\/fortune.com\/img\/favicons\/favicon-57.png",
                "id": 1
            }
        ],
        "ts": "1510840246.000031"
    }
]