[
    {
        "type": "message",
        "user": "U746RD3SN",
        "text": "<https:\/\/github.com\/teacheraio\/DevSecOps-Studio\/blob\/master\/README.md>",
        "attachments": [
            {
                "service_name": "GitHub",
                "title": "teacheraio\/DevSecOps-Studio",
                "title_link": "https:\/\/github.com\/teacheraio\/DevSecOps-Studio\/blob\/master\/README.md",
                "text": "DevSecOps-Studio - Virtual environment for learning DevSecOps",
                "fallback": "GitHub: teacheraio\/DevSecOps-Studio",
                "from_url": "https:\/\/github.com\/teacheraio\/DevSecOps-Studio\/blob\/master\/README.md",
                "thumb_url": "https:\/\/avatars1.githubusercontent.com\/u\/29484484?s=400&v=4",
                "thumb_width": 250,
                "thumb_height": 250,
                "service_icon": "https:\/\/a.slack-edge.com\/bfaba\/img\/unfurl_icons\/github.png",
                "id": 1
            }
        ],
        "ts": "1511226867.000170"
    },
    {
        "type": "message",
        "user": "U746RD3SN",
        "text": "<https:\/\/www.teachera.io\/devsecops-course\/>",
        "attachments": [
            {
                "service_name": "Teachera Community",
                "title": "The world's most comprehensive DevSecOps Course",
                "title_link": "https:\/\/www.teachera.io\/devsecops-course\/",
                "text": "Welcome to the world's most comprehensive DevSecOps course. By the end of this course, you will be able to embed security as part of DevOps or in CI\/CD",
                "fallback": "Teachera Community: The world's most comprehensive DevSecOps Course",
                "image_url": "https:\/\/www.teachera.io\/static\/upload\/og-image-devsecops-course.2643558b7dcf.png",
                "image_width": 450,
                "image_height": 250,
                "from_url": "https:\/\/www.teachera.io\/devsecops-course\/",
                "image_bytes": 200847,
                "service_icon": "https:\/\/www.teachera.io\/static\/images\/xapple-touch-icon-57x57.263b64eba0ff.png.pagespeed.ic.iY91N_TwLR.png",
                "id": 1
            }
        ],
        "ts": "1511226904.000122"
    }
]