[
    {
        "user": "U746RD3SN",
        "purpose": "Any team member come across knowledge links from product or best practice please post here to benefit the team members",
        "text": "<@U746RD3SN> set the channel purpose: Any team member come across knowledge links from product or best practice please post here to benefit the team members",
        "type": "message",
        "subtype": "channel_purpose",
        "ts": "1508940519.000221"
    },
    {
        "user": "U746RD3SN",
        "topic": "all knowledge links will be posted here",
        "text": "<@U746RD3SN> set the channel topic: all knowledge links will be posted here",
        "type": "message",
        "subtype": "channel_topic",
        "ts": "1508940519.000235"
    },
    {
        "user": "U746RD3SN",
        "old_name": "random",
        "name": "knowledge",
        "text": "<@U746RD3SN> has renamed the channel from \"random\" to \"knowledge\"",
        "type": "message",
        "subtype": "channel_name",
        "ts": "1508940550.000508"
    },
    {
        "type": "message",
        "user": "U746RD3SN",
        "text": "<https:\/\/www.youtube.com\/watch?v=Kz1zmyHw9G0>",
        "attachments": [
            {
                "service_name": "YouTube",
                "service_url": "https:\/\/www.youtube.com\/",
                "title": "Technical Introduction to Amazon RDS - Relational Database Service on AWS",
                "title_link": "https:\/\/www.youtube.com\/watch?v=Kz1zmyHw9G0",
                "author_name": "Amazon Web Services",
                "author_link": "https:\/\/www.youtube.com\/user\/AmazonWebServices",
                "thumb_url": "https:\/\/i.ytimg.com\/vi\/Kz1zmyHw9G0\/hqdefault.jpg",
                "thumb_width": 480,
                "thumb_height": 360,
                "fallback": "YouTube Video: Technical Introduction to Amazon RDS - Relational Database Service on AWS",
                "video_html": "<iframe width=\"400\" height=\"225\" src=\"https:\/\/www.youtube.com\/embed\/Kz1zmyHw9G0?feature=oembed&autoplay=1&iv_load_policy=3\" frameborder=\"0\" gesture=\"media\" allowfullscreen><\/iframe>",
                "video_html_width": 400,
                "video_html_height": 225,
                "from_url": "https:\/\/www.youtube.com\/watch?v=Kz1zmyHw9G0",
                "service_icon": "https:\/\/a.slack-edge.com\/2089\/img\/unfurl_icons\/youtube.png",
                "id": 1
            }
        ],
        "ts": "1508940781.000299"
    },
    {
        "type": "message",
        "user": "U746RD3SN",
        "text": "This video is about RDS",
        "ts": "1508940808.000223"
    },
    {
        "type": "message",
        "user": "U746RD3SN",
        "text": "<http:\/\/docs.aws.amazon.com\/AmazonRDS\/latest\/UserGuide\/USER_VPC.html>",
        "attachments": [
            {
                "title": "Amazon Virtual Private Cloud (VPCs) and Amazon RDS - Amazon Relational Database Service",
                "title_link": "http:\/\/docs.aws.amazon.com\/AmazonRDS\/latest\/UserGuide\/USER_VPC.html",
                "text": "Common tasks for working with a DB instance in an Amazon Virtual Private Cloud (VPC).",
                "fallback": "Amazon Virtual Private Cloud (VPCs) and Amazon RDS - Amazon Relational Database Service",
                "from_url": "http:\/\/docs.aws.amazon.com\/AmazonRDS\/latest\/UserGuide\/USER_VPC.html",
                "service_icon": "http:\/\/docs.aws.amazon.com\/images\/favicon.ico",
                "service_name": "docs.aws.amazon.com",
                "id": 1
            }
        ],
        "ts": "1508940848.000085"
    },
    {
        "type": "message",
        "user": "U746RD3SN",
        "text": "<http:\/\/docs.aws.amazon.com\/AmazonRDS\/latest\/UserGuide\/CHAP_BestPractices.html>",
        "attachments": [
            {
                "title": "Best Practices for Amazon RDS - Amazon Relational Database Service",
                "title_link": "http:\/\/docs.aws.amazon.com\/AmazonRDS\/latest\/UserGuide\/CHAP_BestPractices.html",
                "text": "Follow these best practices for working with Amazon RDS.",
                "fallback": "Best Practices for Amazon RDS - Amazon Relational Database Service",
                "from_url": "http:\/\/docs.aws.amazon.com\/AmazonRDS\/latest\/UserGuide\/CHAP_BestPractices.html",
                "service_icon": "http:\/\/docs.aws.amazon.com\/images\/favicon.ico",
                "service_name": "docs.aws.amazon.com",
                "id": 1
            }
        ],
        "ts": "1508941213.000504"
    },
    {
        "type": "message",
        "user": "U746RD3SN",
        "text": "<http:\/\/docs.aws.amazon.com\/AmazonRDS\/latest\/UserGuide\/Overview.DBInstance.html>",
        "attachments": [
            {
                "title": "Amazon RDS DB Instances - Amazon Relational Database Service",
                "title_link": "http:\/\/docs.aws.amazon.com\/AmazonRDS\/latest\/UserGuide\/Overview.DBInstance.html",
                "text": "Learn Amazon Relational Database Service (RDS) terminology and concepts.",
                "fallback": "Amazon RDS DB Instances - Amazon Relational Database Service",
                "from_url": "http:\/\/docs.aws.amazon.com\/AmazonRDS\/latest\/UserGuide\/Overview.DBInstance.html",
                "service_icon": "http:\/\/docs.aws.amazon.com\/images\/favicon.ico",
                "service_name": "docs.aws.amazon.com",
                "id": 1
            }
        ],
        "ts": "1508941237.000674"
    },
    {
        "type": "message",
        "user": "U746RD3SN",
        "text": "<http:\/\/docs.aws.amazon.com\/AmazonRDS\/latest\/UserGuide\/Concepts.MultiAZ.html>",
        "attachments": [
            {
                "title": "High Availability (Multi-AZ) - Amazon Relational Database Service",
                "title_link": "http:\/\/docs.aws.amazon.com\/AmazonRDS\/latest\/UserGuide\/Concepts.MultiAZ.html",
                "text": "Get high availability and failover support for your DB instances with Amazon RDS using a Multi-AZ deployment.",
                "fallback": "High Availability (Multi-AZ) - Amazon Relational Database Service",
                "from_url": "http:\/\/docs.aws.amazon.com\/AmazonRDS\/latest\/UserGuide\/Concepts.MultiAZ.html",
                "service_icon": "http:\/\/docs.aws.amazon.com\/images\/favicon.ico",
                "service_name": "docs.aws.amazon.com",
                "id": 1
            }
        ],
        "ts": "1508941259.000229"
    },
    {
        "type": "message",
        "user": "U746RD3SN",
        "text": "<http:\/\/docs.aws.amazon.com\/AmazonRDS\/latest\/UserGuide\/UsingWithRDS.html>",
        "attachments": [
            {
                "title": "Security in Amazon RDS - Amazon Relational Database Service",
                "title_link": "http:\/\/docs.aws.amazon.com\/AmazonRDS\/latest\/UserGuide\/UsingWithRDS.html",
                "text": "Manage access to your Amazon RDS resources and your databases on a DB instance.",
                "fallback": "Security in Amazon RDS - Amazon Relational Database Service",
                "from_url": "http:\/\/docs.aws.amazon.com\/AmazonRDS\/latest\/UserGuide\/UsingWithRDS.html",
                "service_icon": "http:\/\/docs.aws.amazon.com\/images\/favicon.ico",
                "service_name": "docs.aws.amazon.com",
                "id": 1
            }
        ],
        "ts": "1508941281.000837"
    },
    {
        "type": "message",
        "user": "U746RD3SN",
        "text": "<http:\/\/docs.aws.amazon.com\/AmazonRDS\/latest\/UserGuide\/CHAP_Monitoring.html>",
        "attachments": [
            {
                "title": "Monitoring Amazon RDS - Amazon Relational Database Service",
                "title_link": "http:\/\/docs.aws.amazon.com\/AmazonRDS\/latest\/UserGuide\/CHAP_Monitoring.html",
                "text": "Track the performance and health of a database or a DB instance.",
                "fallback": "Monitoring Amazon RDS - Amazon Relational Database Service",
                "from_url": "http:\/\/docs.aws.amazon.com\/AmazonRDS\/latest\/UserGuide\/CHAP_Monitoring.html",
                "service_icon": "http:\/\/docs.aws.amazon.com\/images\/favicon.ico",
                "service_name": "docs.aws.amazon.com",
                "id": 1
            }
        ],
        "ts": "1508941306.000411"
    }
]