[
    {
        "type": "message",
        "user": "U746RD3SN",
        "text": "<https:\/\/youtu.be\/avFR_Af0KGk>",
        "attachments": [
            {
                "service_name": "YouTube",
                "service_url": "https:\/\/www.youtube.com\/",
                "title": "Web Application Security Risks: A Look at OWASP Top Ten 2017 - Christian Wenz",
                "title_link": "https:\/\/youtu.be\/avFR_Af0KGk",
                "author_name": "NDC Conferences",
                "author_link": "https:\/\/www.youtube.com\/channel\/UCTdw38Cw6jcm0atBPA39a0Q",
                "thumb_url": "https:\/\/i.ytimg.com\/vi\/avFR_Af0KGk\/hqdefault.jpg",
                "thumb_width": 480,
                "thumb_height": 360,
                "fallback": "YouTube Video: Web Application Security Risks: A Look at OWASP Top Ten 2017 - Christian Wenz",
                "video_html": "<iframe width=\"400\" height=\"225\" src=\"https:\/\/www.youtube.com\/embed\/avFR_Af0KGk?feature=oembed&autoplay=1&iv_load_policy=3\" frameborder=\"0\" gesture=\"media\" allowfullscreen><\/iframe>",
                "video_html_width": 400,
                "video_html_height": 225,
                "from_url": "https:\/\/youtu.be\/avFR_Af0KGk",
                "service_icon": "https:\/\/a.slack-edge.com\/2089\/img\/unfurl_icons\/youtube.png",
                "id": 1
            }
        ],
        "ts": "1511265219.000460"
    },
    {
        "type": "message",
        "user": "U746RD3SN",
        "text": "<https:\/\/youtu.be\/2p6twRRXK_o>",
        "attachments": [
            {
                "service_name": "YouTube",
                "service_url": "https:\/\/www.youtube.com\/",
                "title": "100 OWASP Top 10 Hacking Web Applications with Burp Suite Chad Furman",
                "title_link": "https:\/\/youtu.be\/2p6twRRXK_o",
                "author_name": "Adrian Crenshaw",
                "author_link": "https:\/\/www.youtube.com\/user\/irongeek",
                "thumb_url": "https:\/\/i.ytimg.com\/vi\/2p6twRRXK_o\/hqdefault.jpg",
                "thumb_width": 480,
                "thumb_height": 360,
                "fallback": "YouTube Video: 100 OWASP Top 10 Hacking Web Applications with Burp Suite Chad Furman",
                "video_html": "<iframe width=\"400\" height=\"225\" src=\"https:\/\/www.youtube.com\/embed\/2p6twRRXK_o?feature=oembed&autoplay=1&iv_load_policy=3\" frameborder=\"0\" gesture=\"media\" allowfullscreen><\/iframe>",
                "video_html_width": 400,
                "video_html_height": 225,
                "from_url": "https:\/\/youtu.be\/2p6twRRXK_o",
                "service_icon": "https:\/\/a.slack-edge.com\/2089\/img\/unfurl_icons\/youtube.png",
                "id": 1
            }
        ],
        "ts": "1511265644.000147"
    },
    {
        "type": "message",
        "user": "U746RD3SN",
        "text": "<https:\/\/youtu.be\/pX3VG-75rSk>",
        "attachments": [
            {
                "service_name": "YouTube",
                "service_url": "https:\/\/www.youtube.com\/",
                "title": "Identify and analyze malicious activity | Pluralsight",
                "title_link": "https:\/\/youtu.be\/pX3VG-75rSk",
                "author_name": "Pluralsight",
                "author_link": "https:\/\/www.youtube.com\/user\/pluralsight",
                "thumb_url": "https:\/\/i.ytimg.com\/vi\/pX3VG-75rSk\/hqdefault.jpg",
                "thumb_width": 480,
                "thumb_height": 360,
                "fallback": "YouTube Video: Identify and analyze malicious activity | Pluralsight",
                "video_html": "<iframe width=\"400\" height=\"225\" src=\"https:\/\/www.youtube.com\/embed\/pX3VG-75rSk?feature=oembed&autoplay=1&iv_load_policy=3\" frameborder=\"0\" gesture=\"media\" allowfullscreen><\/iframe>",
                "video_html_width": 400,
                "video_html_height": 225,
                "from_url": "https:\/\/youtu.be\/pX3VG-75rSk",
                "service_icon": "https:\/\/a.slack-edge.com\/2089\/img\/unfurl_icons\/youtube.png",
                "id": 1
            }
        ],
        "ts": "1511266495.000181"
    },
    {
        "type": "message",
        "user": "U746RD3SN",
        "text": "<https:\/\/youtu.be\/TxiRjO-vc9Y>",
        "attachments": [
            {
                "service_name": "YouTube",
                "service_url": "https:\/\/www.youtube.com\/",
                "title": "10 free tools for network administrators 2014",
                "title_link": "https:\/\/youtu.be\/TxiRjO-vc9Y",
                "author_name": "GFI Software",
                "author_link": "https:\/\/www.youtube.com\/user\/gfisoftware",
                "thumb_url": "https:\/\/i.ytimg.com\/vi\/TxiRjO-vc9Y\/hqdefault.jpg",
                "thumb_width": 480,
                "thumb_height": 360,
                "fallback": "YouTube Video: 10 free tools for network administrators 2014",
                "video_html": "<iframe width=\"400\" height=\"225\" src=\"https:\/\/www.youtube.com\/embed\/TxiRjO-vc9Y?feature=oembed&autoplay=1&iv_load_policy=3\" frameborder=\"0\" gesture=\"media\" allowfullscreen><\/iframe>",
                "video_html_width": 400,
                "video_html_height": 225,
                "from_url": "https:\/\/youtu.be\/TxiRjO-vc9Y",
                "service_icon": "https:\/\/a.slack-edge.com\/2089\/img\/unfurl_icons\/youtube.png",
                "id": 1
            }
        ],
        "ts": "1511266621.000114"
    },
    {
        "type": "message",
        "user": "U746RD3SN",
        "text": "<https:\/\/youtu.be\/mF6J-VQHPxA>",
        "attachments": [
            {
                "service_name": "YouTube",
                "service_url": "https:\/\/www.youtube.com\/",
                "title": "Intro to SSH and SSH Keys",
                "title_link": "https:\/\/youtu.be\/mF6J-VQHPxA",
                "author_name": "Paul Turner",
                "author_link": "https:\/\/www.youtube.com\/channel\/UCf-SZJdgPu9E8i1qWpTSx0A",
                "thumb_url": "https:\/\/i.ytimg.com\/vi\/mF6J-VQHPxA\/hqdefault.jpg",
                "thumb_width": 480,
                "thumb_height": 360,
                "fallback": "YouTube Video: Intro to SSH and SSH Keys",
                "video_html": "<iframe width=\"400\" height=\"300\" src=\"https:\/\/www.youtube.com\/embed\/mF6J-VQHPxA?feature=oembed&autoplay=1&iv_load_policy=3\" frameborder=\"0\" gesture=\"media\" allowfullscreen><\/iframe>",
                "video_html_width": 400,
                "video_html_height": 300,
                "from_url": "https:\/\/youtu.be\/mF6J-VQHPxA",
                "service_icon": "https:\/\/a.slack-edge.com\/2089\/img\/unfurl_icons\/youtube.png",
                "id": 1
            }
        ],
        "ts": "1511269101.000155"
    },
    {
        "type": "message",
        "user": "U746RD3SN",
        "text": "<https:\/\/youtu.be\/zlv9dI-9g1U>",
        "attachments": [
            {
                "service_name": "YouTube",
                "service_url": "https:\/\/www.youtube.com\/",
                "title": "How SSH Works",
                "title_link": "https:\/\/youtu.be\/zlv9dI-9g1U",
                "author_name": "Karol Cholewa",
                "author_link": "https:\/\/www.youtube.com\/user\/douglasfir1980",
                "thumb_url": "https:\/\/i.ytimg.com\/vi\/zlv9dI-9g1U\/hqdefault.jpg",
                "thumb_width": 480,
                "thumb_height": 360,
                "fallback": "YouTube Video: How SSH Works",
                "video_html": "<iframe width=\"400\" height=\"225\" src=\"https:\/\/www.youtube.com\/embed\/zlv9dI-9g1U?feature=oembed&autoplay=1&iv_load_policy=3\" frameborder=\"0\" gesture=\"media\" allowfullscreen><\/iframe>",
                "video_html_width": 400,
                "video_html_height": 225,
                "from_url": "https:\/\/youtu.be\/zlv9dI-9g1U",
                "service_icon": "https:\/\/a.slack-edge.com\/2089\/img\/unfurl_icons\/youtube.png",
                "id": 1
            }
        ],
        "ts": "1511269169.000319"
    },
    {
        "type": "message",
        "user": "U746RD3SN",
        "text": "<https:\/\/docs.aws.amazon.com\/IAM\/latest\/UserGuide\/best-practices.html>",
        "attachments": [
            {
                "title": "IAM Best Practices - AWS Identity and Access Management",
                "title_link": "https:\/\/docs.aws.amazon.com\/IAM\/latest\/UserGuide\/best-practices.html",
                "text": "Follow these guidelines and recommendations for using AWS Identity and Access Management (IAM) to help secure your AWS account and resources.",
                "fallback": "IAM Best Practices - AWS Identity and Access Management",
                "from_url": "https:\/\/docs.aws.amazon.com\/IAM\/latest\/UserGuide\/best-practices.html",
                "service_icon": "https:\/\/docs.aws.amazon.com\/images\/favicon.ico",
                "service_name": "docs.aws.amazon.com",
                "id": 1
            }
        ],
        "ts": "1511284901.000553"
    }
]