[
    {
        "user": "U8AJ8835X",
        "text": "<@U8AJ8835X> has joined the channel",
        "type": "message",
        "subtype": "channel_join",
        "ts": "1512648581.000310"
    },
    {
        "user": "U8B25LH0B",
        "text": "<@U8B25LH0B> has joined the channel",
        "type": "message",
        "subtype": "channel_join",
        "ts": "1512650256.000204"
    },
    {
        "user": "U8C5LET2S",
        "text": "<@U8C5LET2S> has joined the channel",
        "type": "message",
        "subtype": "channel_join",
        "ts": "1512666046.000377"
    }
]