[
    {
        "type": "message",
        "user": "U746RD3SN",
        "text": "<Https:\/\/www.udemy.com\/aws-essentials\/>",
        "attachments": [
            {
                "service_name": "Udemy",
                "title": "AWS Essentials - Udemy",
                "title_link": "Https:\/\/www.udemy.com\/aws-essentials\/",
                "text": "Get started using AWS's core services. - Free Course",
                "fallback": "Udemy: AWS Essentials - Udemy",
                "thumb_url": "https:\/\/udemy-images.udemy.com\/course\/480x270\/1036550_76f9.jpg",
                "from_url": "Https:\/\/www.udemy.com\/aws-essentials\/",
                "thumb_width": 480,
                "thumb_height": 270,
                "service_icon": "https:\/\/www.udemy.com\/staticx\/udemy\/images\/v6\/apple-touch-icon.png",
                "id": 1
            }
        ],
        "ts": "1510153202.000557"
    },
    {
        "type": "message",
        "user": "U746RD3SN",
        "text": "Aditya this a good link to learn about the AWS basics",
        "ts": "1510153245.000676"
    },
    {
        "type": "message",
        "user": "U7T204NGM",
        "text": "Sure Murali Sir, I will go through this course today.",
        "ts": "1510160453.000862"
    }
]