[
    {
        "type": "message",
        "user": "U8AJ8835X",
        "text": "<https:\/\/aws.amazon.com\/about-aws\/events\/monthlywebinarseries\/?trkcampaign=OTT&amp;trk=email>",
        "attachments": [
            {
                "service_name": "Amazon Web Services, Inc.",
                "title": "AWS Online Tech Talks - Cloud Computing Education - Webinars",
                "title_link": "https:\/\/aws.amazon.com\/about-aws\/events\/monthlywebinarseries\/?trkcampaign=OTT&trk=email",
                "text": "AWS Online Tech Talks help you learn about the benefits and best practices of cloud computing services and solutions available on AWS. Presented by AWS experts, webinar topics include Big Data, Security, Storage, Compute, Databases, IoT, Mobile, Machine Learning, Enterprise and more.",
                "fallback": "Amazon Web Services, Inc.: AWS Online Tech Talks - Cloud Computing Education - Webinars",
                "thumb_url": "https:\/\/a0.awsstatic.com\/main\/images\/logos\/aws_logo_smile_179x109.png",
                "from_url": "https:\/\/aws.amazon.com\/about-aws\/events\/monthlywebinarseries\/?trkcampaign=OTT&trk=email",
                "thumb_width": 179,
                "thumb_height": 109,
                "service_icon": "https:\/\/a0.awsstatic.com\/main\/images\/site\/touch-icon-iphone-114-smile.png",
                "id": 1,
                "original_url": "https:\/\/aws.amazon.com\/about-aws\/events\/monthlywebinarseries\/?trkcampaign=OTT&amp;trk=email"
            }
        ],
        "ts": "1528391371.000451"
    },
    {
        "type": "message",
        "user": "U8AJ8835X",
        "text": "Anybody interested can register and join.",
        "ts": "1528391435.000474"
    }
]