[
    {
        "type": "message",
        "user": "U730RMBB3",
        "text": "<https:\/\/docs.aws.amazon.com\/AWSEC2\/latest\/UserGuide\/ec2-instance-metadata.html>",
        "attachments": [
            {
                "title": "Instance Metadata and User Data - Amazon Elastic Compute Cloud",
                "title_link": "https:\/\/docs.aws.amazon.com\/AWSEC2\/latest\/UserGuide\/ec2-instance-metadata.html",
                "text": "Access instance metadata, dynamic data, and user data to configure and manage a running instance.",
                "fallback": "Instance Metadata and User Data - Amazon Elastic Compute Cloud",
                "from_url": "https:\/\/docs.aws.amazon.com\/AWSEC2\/latest\/UserGuide\/ec2-instance-metadata.html",
                "service_icon": "https:\/\/docs.aws.amazon.com\/images\/favicon.ico",
                "service_name": "docs.aws.amazon.com",
                "id": 1
            }
        ],
        "ts": "1523059070.000064"
    },
    {
        "type": "message",
        "user": "U730RMBB3",
        "text": "Instance metadata retrieval",
        "ts": "1523059082.000088"
    },
    {
        "type": "message",
        "user": "U9JT2HAP4",
        "text": "<https:\/\/docs.aws.amazon.com\/AWSEC2\/latest\/APIReference\/API_DescribeInstances.html#API_DescribeInstances_Examples>",
        "attachments": [
            {
                "title": "DescribeInstances - Amazon Elastic Compute Cloud",
                "title_link": "https:\/\/docs.aws.amazon.com\/AWSEC2\/latest\/APIReference\/API_DescribeInstances.html#API_DescribeInstances_Examples",
                "text": "Describes one or more of your instances.",
                "fallback": "DescribeInstances - Amazon Elastic Compute Cloud",
                "from_url": "https:\/\/docs.aws.amazon.com\/AWSEC2\/latest\/APIReference\/API_DescribeInstances.html#API_DescribeInstances_Examples",
                "service_icon": "https:\/\/docs.aws.amazon.com\/images\/favicon.ico",
                "service_name": "docs.aws.amazon.com",
                "id": 1
            }
        ],
        "ts": "1523059433.000157"
    }
]