[
    {
        "type": "message",
        "user": "U746RD3SN",
        "text": "<https:\/\/partnercentral.awspartner.com\/WebcastMain?Name=AWS%20101>",
        "ts": "1526181003.000076"
    },
    {
        "type": "message",
        "user": "U746RD3SN",
        "text": "Team, the 101 series will help you learn more",
        "ts": "1526181016.000044"
    },
    {
        "type": "message",
        "user": "U746RD3SN",
        "text": "the basics",
        "ts": "1526181020.000062"
    },
    {
        "type": "message",
        "user": "U746RD3SN",
        "text": "<https:\/\/www.youtube.com\/watch?v=t9TmvFvYfWw&amp;list=PLIoX3-mcY80giUxyJqOCgYDJMt3LVRDNm>",
        "attachments": [
            {
                "service_name": "YouTube",
                "service_url": "https:\/\/www.youtube.com\/",
                "title": "01 - Networking Fundamentals  - Understanding Local Area Networking",
                "title_link": "https:\/\/www.youtube.com\/watch?v=t9TmvFvYfWw",
                "author_name": "RG Edu",
                "author_link": "https:\/\/www.youtube.com\/channel\/UCqIRlOkiw6K7Cz8Xc51DNOg",
                "thumb_url": "https:\/\/i.ytimg.com\/vi\/t9TmvFvYfWw\/hqdefault.jpg",
                "thumb_width": 480,
                "thumb_height": 360,
                "fallback": "YouTube Video: 01 - Networking Fundamentals  - Understanding Local Area Networking",
                "video_html": "<iframe width=\"400\" height=\"225\" src=\"https:\/\/www.youtube.com\/embed\/t9TmvFvYfWw?feature=oembed&autoplay=1&iv_load_policy=3\" frameborder=\"0\" allow=\"autoplay; encrypted-media\" allowfullscreen><\/iframe>",
                "video_html_width": 400,
                "video_html_height": 225,
                "from_url": "https:\/\/www.youtube.com\/watch?v=t9TmvFvYfWw",
                "service_icon": "https:\/\/a.slack-edge.com\/2089\/img\/unfurl_icons\/youtube.png",
                "id": 1,
                "original_url": "https:\/\/www.youtube.com\/watch?v=t9TmvFvYfWw&amp;list=PLIoX3-mcY80giUxyJqOCgYDJMt3LVRDNm"
            }
        ],
        "ts": "1526181355.000052"
    },
    {
        "type": "message",
        "user": "U746RD3SN",
        "text": "<https:\/\/www.youtube.com\/watch?v=_gCwCOhMcog>",
        "attachments": [
            {
                "service_name": "YouTube",
                "service_url": "https:\/\/www.youtube.com\/",
                "title": "Introduction to Linux",
                "title_link": "https:\/\/www.youtube.com\/watch?v=_gCwCOhMcog",
                "author_name": "Eli the Computer Guy",
                "author_link": "https:\/\/www.youtube.com\/user\/elithecomputerguy",
                "thumb_url": "https:\/\/i.ytimg.com\/vi\/_gCwCOhMcog\/hqdefault.jpg",
                "thumb_width": 480,
                "thumb_height": 360,
                "fallback": "YouTube Video: Introduction to Linux",
                "video_html": "<iframe width=\"400\" height=\"225\" src=\"https:\/\/www.youtube.com\/embed\/_gCwCOhMcog?feature=oembed&autoplay=1&iv_load_policy=3\" frameborder=\"0\" allow=\"autoplay; encrypted-media\" allowfullscreen><\/iframe>",
                "video_html_width": 400,
                "video_html_height": 225,
                "from_url": "https:\/\/www.youtube.com\/watch?v=_gCwCOhMcog",
                "service_icon": "https:\/\/a.slack-edge.com\/2089\/img\/unfurl_icons\/youtube.png",
                "id": 1,
                "original_url": "https:\/\/www.youtube.com\/watch?v=_gCwCOhMcog"
            }
        ],
        "ts": "1526181514.000063"
    },
    {
        "type": "message",
        "user": "U746RD3SN",
        "text": "<https:\/\/www.youtube.com\/watch?v=OnSUX2otYos>",
        "attachments": [
            {
                "service_name": "YouTube",
                "service_url": "https:\/\/www.youtube.com\/",
                "title": "Basic Linux Tasks",
                "title_link": "https:\/\/www.youtube.com\/watch?v=OnSUX2otYos",
                "author_name": "Eli the Computer Guy",
                "author_link": "https:\/\/www.youtube.com\/user\/elithecomputerguy",
                "thumb_url": "https:\/\/i.ytimg.com\/vi\/OnSUX2otYos\/hqdefault.jpg",
                "thumb_width": 480,
                "thumb_height": 360,
                "fallback": "YouTube Video: Basic Linux Tasks",
                "video_html": "<iframe width=\"400\" height=\"225\" src=\"https:\/\/www.youtube.com\/embed\/OnSUX2otYos?feature=oembed&autoplay=1&iv_load_policy=3\" frameborder=\"0\" allow=\"autoplay; encrypted-media\" allowfullscreen><\/iframe>",
                "video_html_width": 400,
                "video_html_height": 225,
                "from_url": "https:\/\/www.youtube.com\/watch?v=OnSUX2otYos",
                "service_icon": "https:\/\/a.slack-edge.com\/2089\/img\/unfurl_icons\/youtube.png",
                "id": 1,
                "original_url": "https:\/\/www.youtube.com\/watch?v=OnSUX2otYos"
            }
        ],
        "ts": "1526181576.000036"
    }
]