[
    {
        "type": "message",
        "user": "U74STF4HJ",
        "text": "Microsoft is creating one of the largest cloud infrastructures in the world, says Microsoft India COO: <http:\/\/www.thehindu.com\/business\/Industry\/microsoft-is-creating-one-of-the-largest-cloud-infrastructures-in-the-world\/article23402344.ece>",
        "client_msg_id": "5fb87a75-202d-41c3-907b-1ded04bd98c3",
        "attachments": [
            {
                "service_name": "The Hindu",
                "title": "Microsoft is creating one of the largest cloud infrastructures in the world, says Microsoft India COO",
                "title_link": "http:\/\/www.thehindu.com\/business\/Industry\/microsoft-is-creating-one-of-the-largest-cloud-infrastructures-in-the-world\/article23402344.ece",
                "text": "India is an innovation hub where people are finding ways to apply technologies to solving problems that are uniquely ours, says the India unit’s COO",
                "fallback": "The Hindu: Microsoft is creating one of the largest cloud infrastructures in the world, says Microsoft India COO",
                "image_url": "http:\/\/www.thehindu.com\/business\/Industry\/article23402343.ece\/ALTERNATES\/LANDSCAPE_615\/th01%20microsofta",
                "image_width": 400,
                "image_height": 250,
                "from_url": "http:\/\/www.thehindu.com\/business\/Industry\/microsoft-is-creating-one-of-the-largest-cloud-infrastructures-in-the-world\/article23402344.ece",
                "image_bytes": 22324,
                "service_icon": "http:\/\/www.thehindu.com\/thapple-touch-icon.png",
                "id": 1
            }
        ],
        "ts": "1522589203.000076"
    }
]