[
    {
        "type": "message",
        "user": "U730RMBB3",
        "text": "<https:\/\/devopscube.com\/setup-and-configure-sonarqube-on-linux\/>",
        "attachments": [
            {
                "service_name": "DevopsCube",
                "title": "How to Install and configure Sonarqube on Linux (RHEL\/Centos\/ec2)",
                "title_link": "https:\/\/devopscube.com\/setup-and-configure-sonarqube-on-linux\/",
                "text": "This guide will help you to setup, install and configure sonarqube on Linux servers (Redhat\/Centos 7 versions) on any cloud platforms like ec2, azure, etc.",
                "fallback": "DevopsCube: How to Install and configure Sonarqube on Linux (RHEL\/Centos\/ec2)",
                "image_url": "https:\/\/devopscube.com\/wp-content\/uploads\/2016\/08\/sonarcube-configuration.png",
                "image_width": 445,
                "image_height": 250,
                "ts": 1466350400,
                "from_url": "https:\/\/devopscube.com\/setup-and-configure-sonarqube-on-linux\/",
                "image_bytes": 107306,
                "service_icon": "https:\/\/devopscube.com\/wp-content\/uploads\/2016\/07\/cropped-devopscube-twitter-dp-180x180.png",
                "id": 1,
                "original_url": "https:\/\/devopscube.com\/setup-and-configure-sonarqube-on-linux\/"
            }
        ],
        "ts": "1526413338.000178"
    }
]