[
    {
        "type": "message",
        "user": "U74STF4HJ",
        "text": "Bigdata Code Hackthon Live at 12.30pm EST at 4390 US Route 1 , Princeton NJ : Guests: Suresh &amp;Giri . Please join from desktop using this link <https:\/\/www.uberconference.com\/akashnzenith>  Dial in info : <tel:(609)337-5020|(609) 337-5020> participatant pin:22839",
        "client_msg_id": "4ede3c42-a044-4f9f-a75a-462b7751eb57",
        "attachments": [
            {
                "service_name": "UberConference",
                "title": "UberConference - The Best Free Conference Call",
                "title_link": "https:\/\/www.uberconference.com\/akashnzenith",
                "text": "UberConference provides a rich visual interface for conference calls. Simple, visual, and free to use, it's audio conferencing done right. Easily set up and join free conference calls, see who is in the conference, who is talking, and use powerful conferencing features.",
                "fallback": "UberConference: UberConference - The Best Free Conference Call",
                "thumb_url": "https:\/\/www.uberconference.com\/static\/img2\/uberconference.jpg",
                "from_url": "https:\/\/www.uberconference.com\/akashnzenith",
                "thumb_width": 900,
                "thumb_height": 899,
                "service_icon": "https:\/\/www.uberconference.com\/static\/img2\/apple-touch-icon-320x320-precomposed.png",
                "id": 1
            }
        ],
        "ts": "1523719449.000020"
    }
]