[
    {
        "type": "message",
        "user": "U746RD3SN",
        "text": "<https:\/\/youtu.be\/QuzysykRqZ4>",
        "client_msg_id": "D8FEDFBF-CABF-4157-89C6-073293B1C452",
        "attachments": [
            {
                "service_name": "YouTube",
                "service_url": "https:\/\/www.youtube.com\/",
                "title": "AppSec EU 2017 How To Put The Sec In DevOps by Helen Bravo",
                "title_link": "https:\/\/youtu.be\/QuzysykRqZ4",
                "author_name": "OWASP",
                "author_link": "https:\/\/www.youtube.com\/user\/OWASPGLOBAL",
                "thumb_url": "https:\/\/i.ytimg.com\/vi\/QuzysykRqZ4\/hqdefault.jpg",
                "thumb_width": 480,
                "thumb_height": 360,
                "fallback": "YouTube Video: AppSec EU 2017 How To Put The Sec In DevOps by Helen Bravo",
                "video_html": "<iframe width=\"400\" height=\"225\" src=\"https:\/\/www.youtube.com\/embed\/QuzysykRqZ4?feature=oembed&autoplay=1&iv_load_policy=3\" frameborder=\"0\" allow=\"autoplay; encrypted-media\" allowfullscreen><\/iframe>",
                "video_html_width": 400,
                "video_html_height": 225,
                "from_url": "https:\/\/youtu.be\/QuzysykRqZ4",
                "service_icon": "https:\/\/a.slack-edge.com\/2089\/img\/unfurl_icons\/youtube.png",
                "id": 1,
                "original_url": "https:\/\/youtu.be\/QuzysykRqZ4"
            }
        ],
        "ts": "1527249967.000412"
    }
]