[
    {
        "type": "message",
        "user": "U746RD3SN",
        "text": "<https:\/\/docs.microsoft.com\/en-us\/azure\/virtual-machines\/windows\/index#Free-Pluralsight-Video-Training>",
        "attachments": [
            {
                "title": "Azure Windows Virtual Machines Documentation - Tutorials, API Reference",
                "title_link": "https:\/\/docs.microsoft.com\/en-us\/azure\/virtual-machines\/windows\/index#Free-Pluralsight-Video-Training",
                "fallback": "Azure Windows Virtual Machines Documentation - Tutorials, API Reference",
                "image_url": "https:\/\/docs.microsoft.com\/_themes\/docs.theme\/master\/en-us\/_themes\/images\/microsoft-header.png",
                "from_url": "https:\/\/docs.microsoft.com\/en-us\/azure\/virtual-machines\/windows\/index#Free-Pluralsight-Video-Training",
                "image_width": 128,
                "image_height": 128,
                "image_bytes": 802,
                "service_icon": "https:\/\/docs.microsoft.com\/favicon.ico",
                "service_name": "docs.microsoft.com",
                "id": 1,
                "original_url": "https:\/\/docs.microsoft.com\/en-us\/azure\/virtual-machines\/windows\/index#Free-Pluralsight-Video-Training"
            }
        ],
        "ts": "1524750863.000253"
    }
]