[
    {
        "type": "message",
        "user": "U730RMBB3",
        "text": "<https:\/\/docs.aws.amazon.com\/general\/latest\/gr\/aws_service_limits.html>",
        "attachments": [
            {
                "title": "AWS Service Limits - Amazon Web Services",
                "title_link": "https:\/\/docs.aws.amazon.com\/general\/latest\/gr\/aws_service_limits.html",
                "text": "See the default limits for AWS services for an AWS account.",
                "fallback": "AWS Service Limits - Amazon Web Services",
                "from_url": "https:\/\/docs.aws.amazon.com\/general\/latest\/gr\/aws_service_limits.html",
                "service_icon": "https:\/\/docs.aws.amazon.com\/images\/favicon.ico",
                "service_name": "docs.aws.amazon.com",
                "id": 1
            }
        ],
        "ts": "1522166227.000528"
    },
    {
        "type": "message",
        "user": "U730RMBB3",
        "text": "<http:\/\/docs.ansible.com\/ansible\/latest\/user_guide\/intro_getting_started.html>",
        "ts": "1522177814.000488"
    }
]