[
    {
        "type": "message",
        "user": "U746RD3SN",
        "text": "TEAM I WANT EVERYONE TO WATCH THE BELOW VIDEO - PHISHING EMAIL",
        "ts": "1526268197.000096"
    },
    {
        "type": "message",
        "user": "U746RD3SN",
        "text": "<https:\/\/www.youtube.com\/watch?v=U7tbJVSInvo>",
        "attachments": [
            {
                "service_name": "YouTube",
                "service_url": "https:\/\/www.youtube.com\/",
                "title": "Spotting Phishing Emails",
                "title_link": "https:\/\/www.youtube.com\/watch?v=U7tbJVSInvo",
                "author_name": "What You Need To Know",
                "author_link": "https:\/\/www.youtube.com\/user\/WhatYouNeedTo",
                "thumb_url": "https:\/\/i.ytimg.com\/vi\/U7tbJVSInvo\/hqdefault.jpg",
                "thumb_width": 480,
                "thumb_height": 360,
                "fallback": "YouTube Video: Spotting Phishing Emails",
                "video_html": "<iframe width=\"400\" height=\"225\" src=\"https:\/\/www.youtube.com\/embed\/U7tbJVSInvo?feature=oembed&autoplay=1&iv_load_policy=3\" frameborder=\"0\" allow=\"autoplay; encrypted-media\" allowfullscreen><\/iframe>",
                "video_html_width": 400,
                "video_html_height": 225,
                "from_url": "https:\/\/www.youtube.com\/watch?v=U7tbJVSInvo",
                "service_icon": "https:\/\/a.slack-edge.com\/2089\/img\/unfurl_icons\/youtube.png",
                "id": 1,
                "original_url": "https:\/\/www.youtube.com\/watch?v=U7tbJVSInvo"
            }
        ],
        "ts": "1526268200.000147"
    }
]