[
    {
        "type": "message",
        "user": "U74STF4HJ",
        "text": "<https:\/\/gs.harvardx.harvard.edu\/harvard-cybersecurity-online-short-course-hm\/?s=facebook&amp;l=f1857aaa%7Cfb%7Cnf%7Char-cyb%7Cpst%7Cus-t1%7Cmbl%7Cmf%7C25-55%7Clal%7Ccompletes%7C1%7Cocpm&amp;c=CopyT12%7CImageADE%7CDC%7C&amp;utm_source=facebook&amp;utm_campaign=f1857aaa%7Cfb%7Cnf%7Char-cyb%7Cpst%7Cus-t1%7Cmbl%7Cmf%7C25-55%7Clal%7Ccompletes%7C1%7Cocpm&amp;utm_content=copyt12%7Cimageade%7Cdc%7C&amp;utm_medium=paid_social>",
        "client_msg_id": "db3e39ac-d795-4884-b15a-e30660c96710",
        "ts": "1523674987.000090"
    },
    {
        "type": "message",
        "user": "U74STF4HJ",
        "text": "Mpinfotech training in cyber security is inline with Hardward University.",
        "client_msg_id": "d1b019c3-3216-4340-a98d-dcf245aa973e",
        "ts": "1523675025.000029"
    },
    {
        "type": "message",
        "user": "U74STF4HJ",
        "text": "Sai ,this is time we hit local colleges",
        "client_msg_id": "df1a86a9-20f2-43e6-bb94-8ce93d691ef6",
        "ts": "1523675043.000002"
    }
]