[
    {
        "type": "message",
        "user": "UAFCKL4V9",
        "text": "Tried launching the course in different browsers yet its not coming up, It doesnt even ask if there is any pop-up to be allowed.",
        "ts": "1525879392.000603"
    },
    {
        "type": "message",
        "user": "U730RMBB3",
        "text": "so typically those should work with chrome.\nMake sure you don't have any other blocking mechanisms because some Ad-Blocks do try to prevent the courses from being opened",
        "ts": "1525879478.000517"
    },
    {
        "type": "message",
        "user": "UAFCKL4V9",
        "text": "Sure Sai I will check that and disable any blockers.Thank you",
        "ts": "1525883254.000179"
    }
]