[
    {
        "type": "message",
        "user": "U746RD3SN",
        "text": "<https:\/\/awstcocalculator.com\/>",
        "ts": "1507922497.000069"
    },
    {
        "type": "message",
        "user": "U746RD3SN",
        "text": "<http:\/\/calculator.s3.amazonaws.com\/index.html>",
        "attachments": [
            {
                "title": "Amazon Web Services Simple Monthly Calculator",
                "title_link": "http:\/\/calculator.s3.amazonaws.com\/index.html",
                "text": "The AWS Simple Monthly Calculator helps customers and prospects estimate their monthly AWS bill more efficiently. Using this tool, they can add, modify and remove services from their 'bill' and it will recalculate their estimated monthly charges automatically. The calculator also shows common customer samples and their usage, such as Disaster Recovery and Backup or Web Application.",
                "fallback": "Amazon Web Services Simple Monthly Calculator",
                "from_url": "http:\/\/calculator.s3.amazonaws.com\/index.html",
                "service_name": "calculator.s3.amazonaws.com",
                "id": 1
            }
        ],
        "ts": "1507922526.000067"
    },
    {
        "type": "message",
        "subtype": "file_share",
        "text": "<@U746RD3SN> uploaded a file: <https:\/\/mpinfotech.slack.com\/files\/U746RD3SN\/F7HMWA2E5\/image_uploaded_from_ios.jpg|Image uploaded from iOS>",
        "file": {
            "id": "F7HMWA2E5",
            "created": 1507938000,
            "timestamp": 1507938000,
            "name": "Image uploaded from iOS.jpg",
            "title": "Image uploaded from iOS",
            "mimetype": "image\/jpeg",
            "filetype": "jpg",
            "pretty_type": "JPEG",
            "user": "U746RD3SN",
            "editable": false,
            "size": 6435733,
            "mode": "hosted",
            "is_external": false,
            "external_type": "",
            "is_public": true,
            "public_url_shared": false,
            "display_as_bot": false,
            "username": "",
            "url_private": "https:\/\/files.slack.com\/files-pri\/T730RMB7T-F7HMWA2E5\/image_uploaded_from_ios.jpg?t=xoxe-241025725265-384508339281-384508339409-5b92d26397ce6b615c24d77267fe6bb3",
            "url_private_download": "https:\/\/files.slack.com\/files-pri\/T730RMB7T-F7HMWA2E5\/download\/image_uploaded_from_ios.jpg?t=xoxe-241025725265-384508339281-384508339409-5b92d26397ce6b615c24d77267fe6bb3",
            "thumb_64": "https:\/\/files.slack.com\/files-tmb\/T730RMB7T-F7HMWA2E5-bbd312ba27\/image_uploaded_from_ios_64.jpg?t=xoxe-241025725265-384508339281-384508339409-5b92d26397ce6b615c24d77267fe6bb3",
            "thumb_80": "https:\/\/files.slack.com\/files-tmb\/T730RMB7T-F7HMWA2E5-bbd312ba27\/image_uploaded_from_ios_80.jpg?t=xoxe-241025725265-384508339281-384508339409-5b92d26397ce6b615c24d77267fe6bb3",
            "thumb_360": "https:\/\/files.slack.com\/files-tmb\/T730RMB7T-F7HMWA2E5-bbd312ba27\/image_uploaded_from_ios_360.jpg?t=xoxe-241025725265-384508339281-384508339409-5b92d26397ce6b615c24d77267fe6bb3",
            "thumb_360_w": 270,
            "thumb_360_h": 360,
            "thumb_480": "https:\/\/files.slack.com\/files-tmb\/T730RMB7T-F7HMWA2E5-bbd312ba27\/image_uploaded_from_ios_480.jpg?t=xoxe-241025725265-384508339281-384508339409-5b92d26397ce6b615c24d77267fe6bb3",
            "thumb_480_w": 360,
            "thumb_480_h": 480,
            "thumb_160": "https:\/\/files.slack.com\/files-tmb\/T730RMB7T-F7HMWA2E5-bbd312ba27\/image_uploaded_from_ios_160.jpg?t=xoxe-241025725265-384508339281-384508339409-5b92d26397ce6b615c24d77267fe6bb3",
            "thumb_720": "https:\/\/files.slack.com\/files-tmb\/T730RMB7T-F7HMWA2E5-bbd312ba27\/image_uploaded_from_ios_720.jpg?t=xoxe-241025725265-384508339281-384508339409-5b92d26397ce6b615c24d77267fe6bb3",
            "thumb_720_w": 540,
            "thumb_720_h": 720,
            "thumb_800": "https:\/\/files.slack.com\/files-tmb\/T730RMB7T-F7HMWA2E5-bbd312ba27\/image_uploaded_from_ios_800.jpg?t=xoxe-241025725265-384508339281-384508339409-5b92d26397ce6b615c24d77267fe6bb3",
            "thumb_800_w": 800,
            "thumb_800_h": 1067,
            "thumb_960": "https:\/\/files.slack.com\/files-tmb\/T730RMB7T-F7HMWA2E5-bbd312ba27\/image_uploaded_from_ios_960.jpg?t=xoxe-241025725265-384508339281-384508339409-5b92d26397ce6b615c24d77267fe6bb3",
            "thumb_960_w": 720,
            "thumb_960_h": 960,
            "thumb_1024": "https:\/\/files.slack.com\/files-tmb\/T730RMB7T-F7HMWA2E5-bbd312ba27\/image_uploaded_from_ios_1024.jpg?t=xoxe-241025725265-384508339281-384508339409-5b92d26397ce6b615c24d77267fe6bb3",
            "thumb_1024_w": 768,
            "thumb_1024_h": 1024,
            "image_exif_rotation": 1,
            "original_w": 3024,
            "original_h": 4032,
            "permalink": "https:\/\/mpinfotech.slack.com\/files\/U746RD3SN\/F7HMWA2E5\/image_uploaded_from_ios.jpg",
            "permalink_public": "https:\/\/slack-files.com\/T730RMB7T-F7HMWA2E5-eca5d082ab",
            "channels": [],
            "groups": [],
            "ims": [],
            "comments_count": 0
        },
        "user": "U746RD3SN",
        "upload": true,
        "display_as_bot": false,
        "username": "mmurali",
        "bot_id": null,
        "upload_reply_to": "DB92D0F9-FAA8-4671-8959-8E3004712CA7",
        "ts": "1507938006.000094"
    }
]