[
    {
        "user": "U8GC9C5M1",
        "inviter": "U730RMBB3",
        "text": "<@U8GC9C5M1> has joined the channel",
        "type": "message",
        "subtype": "channel_join",
        "ts": "1513630637.000303"
    },
    {
        "type": "message",
        "subtype": "file_mention",
        "text": "<@U730RMBB3> mentioned a file: <https:\/\/mpinfotech.slack.com\/files\/U730RMBB3\/F8AJ7HLAE\/image_uploaded_from_ios.jpg|Image uploaded from iOS.jpg>.",
        "file": {
            "id": "F8AJ7HLAE",
            "created": 1512576025,
            "timestamp": 1512576025,
            "name": "Image uploaded from iOS.jpg",
            "title": "Rough diagram of basic development environment",
            "mimetype": "image\/jpeg",
            "filetype": "jpg",
            "pretty_type": "JPEG",
            "user": "U730RMBB3",
            "editable": false,
            "size": 4759805,
            "mode": "hosted",
            "is_external": false,
            "external_type": "",
            "is_public": true,
            "public_url_shared": false,
            "display_as_bot": false,
            "username": "",
            "url_private": "https:\/\/files.slack.com\/files-pri\/T730RMB7T-F8AJ7HLAE\/image_uploaded_from_ios.jpg?t=xoxe-241025725265-384508339281-384508339409-5b92d26397ce6b615c24d77267fe6bb3",
            "url_private_download": "https:\/\/files.slack.com\/files-pri\/T730RMB7T-F8AJ7HLAE\/download\/image_uploaded_from_ios.jpg?t=xoxe-241025725265-384508339281-384508339409-5b92d26397ce6b615c24d77267fe6bb3",
            "thumb_64": "https:\/\/files.slack.com\/files-tmb\/T730RMB7T-F8AJ7HLAE-40e34f17e0\/image_uploaded_from_ios_64.jpg?t=xoxe-241025725265-384508339281-384508339409-5b92d26397ce6b615c24d77267fe6bb3",
            "thumb_80": "https:\/\/files.slack.com\/files-tmb\/T730RMB7T-F8AJ7HLAE-40e34f17e0\/image_uploaded_from_ios_80.jpg?t=xoxe-241025725265-384508339281-384508339409-5b92d26397ce6b615c24d77267fe6bb3",
            "thumb_360": "https:\/\/files.slack.com\/files-tmb\/T730RMB7T-F8AJ7HLAE-40e34f17e0\/image_uploaded_from_ios_360.jpg?t=xoxe-241025725265-384508339281-384508339409-5b92d26397ce6b615c24d77267fe6bb3",
            "thumb_360_w": 360,
            "thumb_360_h": 258,
            "thumb_480": "https:\/\/files.slack.com\/files-tmb\/T730RMB7T-F8AJ7HLAE-40e34f17e0\/image_uploaded_from_ios_480.jpg?t=xoxe-241025725265-384508339281-384508339409-5b92d26397ce6b615c24d77267fe6bb3",
            "thumb_480_w": 480,
            "thumb_480_h": 344,
            "thumb_160": "https:\/\/files.slack.com\/files-tmb\/T730RMB7T-F8AJ7HLAE-40e34f17e0\/image_uploaded_from_ios_160.jpg?t=xoxe-241025725265-384508339281-384508339409-5b92d26397ce6b615c24d77267fe6bb3",
            "thumb_720": "https:\/\/files.slack.com\/files-tmb\/T730RMB7T-F8AJ7HLAE-40e34f17e0\/image_uploaded_from_ios_720.jpg?t=xoxe-241025725265-384508339281-384508339409-5b92d26397ce6b615c24d77267fe6bb3",
            "thumb_720_w": 720,
            "thumb_720_h": 515,
            "thumb_800": "https:\/\/files.slack.com\/files-tmb\/T730RMB7T-F8AJ7HLAE-40e34f17e0\/image_uploaded_from_ios_800.jpg?t=xoxe-241025725265-384508339281-384508339409-5b92d26397ce6b615c24d77267fe6bb3",
            "thumb_800_w": 800,
            "thumb_800_h": 573,
            "thumb_960": "https:\/\/files.slack.com\/files-tmb\/T730RMB7T-F8AJ7HLAE-40e34f17e0\/image_uploaded_from_ios_960.jpg?t=xoxe-241025725265-384508339281-384508339409-5b92d26397ce6b615c24d77267fe6bb3",
            "thumb_960_w": 960,
            "thumb_960_h": 687,
            "thumb_1024": "https:\/\/files.slack.com\/files-tmb\/T730RMB7T-F8AJ7HLAE-40e34f17e0\/image_uploaded_from_ios_1024.jpg?t=xoxe-241025725265-384508339281-384508339409-5b92d26397ce6b615c24d77267fe6bb3",
            "thumb_1024_w": 1024,
            "thumb_1024_h": 733,
            "image_exif_rotation": 1,
            "original_w": 4032,
            "original_h": 2886,
            "permalink": "https:\/\/mpinfotech.slack.com\/files\/U730RMBB3\/F8AJ7HLAE\/image_uploaded_from_ios.jpg",
            "permalink_public": "https:\/\/slack-files.com\/T730RMB7T-F8AJ7HLAE-a443736ae4",
            "channels": [],
            "groups": [],
            "ims": [],
            "comments_count": 1
        },
        "user": "U730RMBB3",
        "ts": "1513631027.000098"
    }
]