[
    {
        "type": "message",
        "subtype": "file_share",
        "text": "<@U730RMBB3> uploaded a file: <https:\/\/mpinfotech.slack.com\/files\/U730RMBB3\/F7HM6MPEC\/image_uploaded_from_ios.jpg|Cleaned up diagram> and commented: Our design in lucid chart should look like this",
        "file": {
            "id": "F7HM6MPEC",
            "created": 1507990151,
            "timestamp": 1507990151,
            "name": "Image uploaded from iOS.jpg",
            "title": "Cleaned up diagram",
            "mimetype": "image\/jpeg",
            "filetype": "jpg",
            "pretty_type": "JPEG",
            "user": "U730RMBB3",
            "editable": false,
            "size": 5255275,
            "mode": "hosted",
            "is_external": false,
            "external_type": "",
            "is_public": true,
            "public_url_shared": false,
            "display_as_bot": false,
            "username": "",
            "url_private": "https:\/\/files.slack.com\/files-pri\/T730RMB7T-F7HM6MPEC\/image_uploaded_from_ios.jpg?t=xoxe-241025725265-384508339281-384508339409-5b92d26397ce6b615c24d77267fe6bb3",
            "url_private_download": "https:\/\/files.slack.com\/files-pri\/T730RMB7T-F7HM6MPEC\/download\/image_uploaded_from_ios.jpg?t=xoxe-241025725265-384508339281-384508339409-5b92d26397ce6b615c24d77267fe6bb3",
            "thumb_64": "https:\/\/files.slack.com\/files-tmb\/T730RMB7T-F7HM6MPEC-24b5d61880\/image_uploaded_from_ios_64.jpg?t=xoxe-241025725265-384508339281-384508339409-5b92d26397ce6b615c24d77267fe6bb3",
            "thumb_80": "https:\/\/files.slack.com\/files-tmb\/T730RMB7T-F7HM6MPEC-24b5d61880\/image_uploaded_from_ios_80.jpg?t=xoxe-241025725265-384508339281-384508339409-5b92d26397ce6b615c24d77267fe6bb3",
            "thumb_360": "https:\/\/files.slack.com\/files-tmb\/T730RMB7T-F7HM6MPEC-24b5d61880\/image_uploaded_from_ios_360.jpg?t=xoxe-241025725265-384508339281-384508339409-5b92d26397ce6b615c24d77267fe6bb3",
            "thumb_360_w": 360,
            "thumb_360_h": 320,
            "thumb_480": "https:\/\/files.slack.com\/files-tmb\/T730RMB7T-F7HM6MPEC-24b5d61880\/image_uploaded_from_ios_480.jpg?t=xoxe-241025725265-384508339281-384508339409-5b92d26397ce6b615c24d77267fe6bb3",
            "thumb_480_w": 480,
            "thumb_480_h": 427,
            "thumb_160": "https:\/\/files.slack.com\/files-tmb\/T730RMB7T-F7HM6MPEC-24b5d61880\/image_uploaded_from_ios_160.jpg?t=xoxe-241025725265-384508339281-384508339409-5b92d26397ce6b615c24d77267fe6bb3",
            "thumb_720": "https:\/\/files.slack.com\/files-tmb\/T730RMB7T-F7HM6MPEC-24b5d61880\/image_uploaded_from_ios_720.jpg?t=xoxe-241025725265-384508339281-384508339409-5b92d26397ce6b615c24d77267fe6bb3",
            "thumb_720_w": 720,
            "thumb_720_h": 640,
            "thumb_800": "https:\/\/files.slack.com\/files-tmb\/T730RMB7T-F7HM6MPEC-24b5d61880\/image_uploaded_from_ios_800.jpg?t=xoxe-241025725265-384508339281-384508339409-5b92d26397ce6b615c24d77267fe6bb3",
            "thumb_800_w": 800,
            "thumb_800_h": 711,
            "thumb_960": "https:\/\/files.slack.com\/files-tmb\/T730RMB7T-F7HM6MPEC-24b5d61880\/image_uploaded_from_ios_960.jpg?t=xoxe-241025725265-384508339281-384508339409-5b92d26397ce6b615c24d77267fe6bb3",
            "thumb_960_w": 960,
            "thumb_960_h": 853,
            "thumb_1024": "https:\/\/files.slack.com\/files-tmb\/T730RMB7T-F7HM6MPEC-24b5d61880\/image_uploaded_from_ios_1024.jpg?t=xoxe-241025725265-384508339281-384508339409-5b92d26397ce6b615c24d77267fe6bb3",
            "thumb_1024_w": 1024,
            "thumb_1024_h": 910,
            "image_exif_rotation": 1,
            "original_w": 3402,
            "original_h": 3024,
            "permalink": "https:\/\/mpinfotech.slack.com\/files\/U730RMBB3\/F7HM6MPEC\/image_uploaded_from_ios.jpg",
            "permalink_public": "https:\/\/slack-files.com\/T730RMB7T-F7HM6MPEC-b205c59254",
            "channels": [],
            "groups": [],
            "ims": [],
            "comments_count": 1,
            "initial_comment": {
                "id": "Fc7JF5F761",
                "created": 1507990151,
                "timestamp": 1507990151,
                "user": "U730RMBB3",
                "is_intro": true,
                "comment": "Our design in lucid chart should look like this"
            }
        },
        "user": "U730RMBB3",
        "upload": true,
        "display_as_bot": false,
        "username": "psai",
        "bot_id": null,
        "upload_reply_to": "40273D52-AEA6-40B3-9580-1E60BFE7010C",
        "ts": "1507990151.000096"
    }
]