[
    {
        "type": "message",
        "user": "U746RD3SN",
        "text": "Ramsai can you use <http:\/\/cloudcraft.co|cloudcraft.co>",
        "ts": "1508360607.000370"
    },
    {
        "type": "message",
        "user": "U746RD3SN",
        "text": "and use <mailto:mpitdraw@gmail.com|mpitdraw@gmail.com>  credentials to login",
        "ts": "1508360620.000129"
    },
    {
        "type": "message",
        "user": "U746RD3SN",
        "text": "and draw the etrademine so that we can know the side on the AMI's and costing.",
        "ts": "1508360637.000621"
    },
    {
        "type": "message",
        "user": "U746RD3SN",
        "text": "Lucidchart please use <mailto:Mpitdraw@gmail.com|Mpitdraw@gmail.com>, i have configured it to be synced with <mailto:mpitdraw@gmail.com|mpitdraw@gmail.com> google drive.",
        "ts": "1508373290.000040"
    },
    {
        "type": "message",
        "user": "U759G285D",
        "text": "Murali sir my phone not working properly.sorry for late reply. I will use cloud craft tonight sir ",
        "ts": "1508373448.000186"
    },
    {
        "type": "message",
        "user": "U746RD3SN",
        "text": "RamSai is Lucid chart the right tool, if yes i want to buy the basis subscription ",
        "ts": "1508373835.000127"
    },
    {
        "type": "message",
        "user": "U759G285D",
        "text": "If we just want to use it for diagrams no need to buy sir. ",
        "ts": "1508373927.000109"
    },
    {
        "type": "message",
        "user": "U746RD3SN",
        "text": "It limits to 3 diagrams",
        "ts": "1508374103.000057"
    }
]