[
    {
        "user": "U730RMBB3",
        "text": "<@U730RMBB3> has joined the channel",
        "type": "message",
        "subtype": "channel_join",
        "ts": "1507668764.000333"
    },
    {
        "user": "U730RMBB3",
        "purpose": "Cloud Archtecture",
        "text": "<@U730RMBB3> set the channel purpose: Cloud Archtecture",
        "type": "message",
        "subtype": "channel_purpose",
        "ts": "1507668765.000044"
    },
    {
        "user": "U759G285D",
        "inviter": "U730RMBB3",
        "text": "<@U759G285D> has joined the channel",
        "type": "message",
        "subtype": "channel_join",
        "ts": "1507668765.000058"
    },
    {
        "user": "U746RD3SN",
        "inviter": "U730RMBB3",
        "text": "<@U746RD3SN> has joined the channel",
        "type": "message",
        "subtype": "channel_join",
        "ts": "1507668765.000105"
    }
]