[
    {
        "type": "message",
        "user": "U746RD3SN",
        "text": "Prasannasai, Ramsai and Abishek, its mandatory you three complete the accreditation section in partner as it talks about the questions that you should know what to ask the customers.",
        "ts": "1513695875.000162"
    },
    {
        "type": "message",
        "user": "U746RD3SN",
        "text": "Also I need a target date as to when I can see a DRAFT diagram for the Development network.",
        "ts": "1513695905.000416"
    },
    {
        "type": "message",
        "user": "U746RD3SN",
        "text": "FEEDBACK ABOUT THE DIAGRAM PRESENTED BY PSAI: There should be an RDP Workstation on the cloud (Jump Host) that all users will login from their local machines, and from there login to the Workstations depicted in the diagram. By doing this, any security threats from Local laptop is not propagated into the development network.",
        "ts": "1513696070.000752"
    }
]