[
    {
        "type": "message",
        "user": "U759G285D",
        "text": "<https:\/\/www.lucidchart.com\/invitations\/accept\/c07b5171-813f-4999-a61b-4be2b2f14a08>",
        "ts": "1507824455.000257"
    },
    {
        "type": "message",
        "subtype": "file_share",
        "text": "<@U759G285D> uploaded a file: <https:\/\/mpinfotech.slack.com\/files\/U759G285D\/F7JF5ENPR\/e_trademine_-_page_1.jpeg|e trademine - Page 1.jpeg>",
        "file": {
            "id": "F7JF5ENPR",
            "created": 1507824571,
            "timestamp": 1507824571,
            "name": "e trademine - Page 1.jpeg",
            "title": "e trademine - Page 1.jpeg",
            "mimetype": "image\/jpeg",
            "filetype": "jpg",
            "pretty_type": "JPEG",
            "user": "U759G285D",
            "editable": false,
            "size": 308954,
            "mode": "hosted",
            "is_external": false,
            "external_type": "",
            "is_public": true,
            "public_url_shared": false,
            "display_as_bot": false,
            "username": "",
            "url_private": "https:\/\/files.slack.com\/files-pri\/T730RMB7T-F7JF5ENPR\/e_trademine_-_page_1.jpeg?t=xoxe-241025725265-384508339281-384508339409-5b92d26397ce6b615c24d77267fe6bb3",
            "url_private_download": "https:\/\/files.slack.com\/files-pri\/T730RMB7T-F7JF5ENPR\/download\/e_trademine_-_page_1.jpeg?t=xoxe-241025725265-384508339281-384508339409-5b92d26397ce6b615c24d77267fe6bb3",
            "thumb_64": "https:\/\/files.slack.com\/files-tmb\/T730RMB7T-F7JF5ENPR-5f481b2312\/e_trademine_-_page_1_64.jpg?t=xoxe-241025725265-384508339281-384508339409-5b92d26397ce6b615c24d77267fe6bb3",
            "thumb_80": "https:\/\/files.slack.com\/files-tmb\/T730RMB7T-F7JF5ENPR-5f481b2312\/e_trademine_-_page_1_80.jpg?t=xoxe-241025725265-384508339281-384508339409-5b92d26397ce6b615c24d77267fe6bb3",
            "thumb_360": "https:\/\/files.slack.com\/files-tmb\/T730RMB7T-F7JF5ENPR-5f481b2312\/e_trademine_-_page_1_360.jpg?t=xoxe-241025725265-384508339281-384508339409-5b92d26397ce6b615c24d77267fe6bb3",
            "thumb_360_w": 360,
            "thumb_360_h": 277,
            "thumb_480": "https:\/\/files.slack.com\/files-tmb\/T730RMB7T-F7JF5ENPR-5f481b2312\/e_trademine_-_page_1_480.jpg?t=xoxe-241025725265-384508339281-384508339409-5b92d26397ce6b615c24d77267fe6bb3",
            "thumb_480_w": 480,
            "thumb_480_h": 369,
            "thumb_160": "https:\/\/files.slack.com\/files-tmb\/T730RMB7T-F7JF5ENPR-5f481b2312\/e_trademine_-_page_1_160.jpg?t=xoxe-241025725265-384508339281-384508339409-5b92d26397ce6b615c24d77267fe6bb3",
            "thumb_720": "https:\/\/files.slack.com\/files-tmb\/T730RMB7T-F7JF5ENPR-5f481b2312\/e_trademine_-_page_1_720.jpg?t=xoxe-241025725265-384508339281-384508339409-5b92d26397ce6b615c24d77267fe6bb3",
            "thumb_720_w": 720,
            "thumb_720_h": 553,
            "thumb_800": "https:\/\/files.slack.com\/files-tmb\/T730RMB7T-F7JF5ENPR-5f481b2312\/e_trademine_-_page_1_800.jpg?t=xoxe-241025725265-384508339281-384508339409-5b92d26397ce6b615c24d77267fe6bb3",
            "thumb_800_w": 800,
            "thumb_800_h": 615,
            "thumb_960": "https:\/\/files.slack.com\/files-tmb\/T730RMB7T-F7JF5ENPR-5f481b2312\/e_trademine_-_page_1_960.jpg?t=xoxe-241025725265-384508339281-384508339409-5b92d26397ce6b615c24d77267fe6bb3",
            "thumb_960_w": 960,
            "thumb_960_h": 738,
            "thumb_1024": "https:\/\/files.slack.com\/files-tmb\/T730RMB7T-F7JF5ENPR-5f481b2312\/e_trademine_-_page_1_1024.jpg?t=xoxe-241025725265-384508339281-384508339409-5b92d26397ce6b615c24d77267fe6bb3",
            "thumb_1024_w": 1024,
            "thumb_1024_h": 787,
            "image_exif_rotation": 1,
            "original_w": 3456,
            "original_h": 2656,
            "permalink": "https:\/\/mpinfotech.slack.com\/files\/U759G285D\/F7JF5ENPR\/e_trademine_-_page_1.jpeg",
            "permalink_public": "https:\/\/slack-files.com\/T730RMB7T-F7JF5ENPR-f37ff9aead",
            "channels": [],
            "groups": [],
            "ims": [],
            "comments_count": 0
        },
        "user": "U759G285D",
        "upload": true,
        "display_as_bot": false,
        "username": "ramsai",
        "bot_id": null,
        "ts": "1507824575.000477"
    },
    {
        "type": "message",
        "user": "U730RMBB3",
        "text": "good job, so this diagram fits the template requirements given to us?",
        "ts": "1507824653.000351"
    },
    {
        "type": "message",
        "user": "U759G285D",
        "text": "i did'nt got the template with me. i draw it with reference of murali sir diagram",
        "ts": "1507824833.000556"
    },
    {
        "type": "message",
        "user": "U759G285D",
        "text": "if you have template can you share",
        "ts": "1507824853.000107"
    },
    {
        "user": "U7HEGQA20",
        "inviter": "U730RMBB3",
        "text": "<@U7HEGQA20> has joined the channel",
        "type": "message",
        "subtype": "channel_join",
        "ts": "1507839866.000106"
    }
]