[
    {
        "type": "message",
        "user": "U746RD3SN",
        "text": "Architecture team: I shared a Organization for billing",
        "ts": "1511194187.000264"
    },
    {
        "type": "message",
        "user": "U746RD3SN",
        "text": "i want a document created on how it will work, including the access to these resources for billing.",
        "ts": "1511194238.000361"
    },
    {
        "type": "message",
        "user": "U746RD3SN",
        "text": "based on accounts.",
        "ts": "1511194249.000266"
    },
    {
        "type": "message",
        "user": "U746RD3SN",
        "text": "second - the diagrams in lucid charts are not being saved into google drive, please fix it.",
        "ts": "1511194277.000265"
    },
    {
        "type": "message",
        "user": "U746RD3SN",
        "text": "PSai, did you hear back from Abbas, I havent heard from him for weeks.",
        "ts": "1511194322.000281"
    }
]