[
    {
        "type": "message",
        "user": "U746RD3SN",
        "text": "My update: i am working on Confluence wiki internal website for MPIT, target to release on Jan 1st 2018. I am also working on Managed services framework.",
        "ts": "1514550425.000049"
    },
    {
        "type": "message",
        "user": "U8C5LET2S",
        "text": "Hi Sir, Finished AWS business professional, AWS TCO and cloud econmics AWS business professional (Left with final test).",
        "ts": "1514576018.000033"
    },
    {
        "type": "message",
        "user": "U730RMBB3",
        "text": "Good job \nGood luck on that test",
        "ts": "1514576088.000017"
    },
    {
        "type": "message",
        "user": "U8C5LET2S",
        "text": "Thanks..",
        "ts": "1514576128.000143"
    }
]