[
    {
        "type": "message",
        "user": "U759G285D",
        "text": "sorry team for not attending call",
        "ts": "1510630392.000217"
    },
    {
        "type": "message",
        "user": "U759G285D",
        "text": "today i took two practice tests",
        "ts": "1510630414.000200"
    },
    {
        "type": "message",
        "user": "U759G285D",
        "text": "got 60% and 63% in two tests",
        "ts": "1510630451.000095"
    },
    {
        "type": "message",
        "user": "U746SCQ90",
        "text": "What practice tests r these Ram Garu ?",
        "ts": "1510630595.000036"
    },
    {
        "type": "message",
        "user": "U759G285D",
        "text": "whiz labs",
        "ts": "1510633798.000090"
    },
    {
        "type": "message",
        "user": "U759G285D",
        "text": "asscociste architect",
        "ts": "1510633808.000086"
    }
]