[
    {
        "type": "message",
        "user": "U759G285D",
        "text": "Yes sir I will give the diagram today ",
        "ts": "1508159396.000504"
    },
    {
        "type": "message",
        "user": "U746RD3SN",
        "text": "Thank you Sai",
        "ts": "1508159721.000345"
    },
    {
        "type": "message",
        "user": "U746RD3SN",
        "text": "PSai will setup a call today at 10:30 am, RamSai, Deepika and Abbas please work on the proposal for etrade mine.",
        "ts": "1508159788.000181"
    },
    {
        "type": "message",
        "user": "U759G285D",
        "text": "Is there any chance of changing time to 11.00am sai ",
        "ts": "1508162692.000596"
    },
    {
        "type": "message",
        "user": "U730RMBB3",
        "text": "If everyone is fine for that time ",
        "ts": "1508162731.000475"
    },
    {
        "type": "message",
        "user": "U730RMBB3",
        "text": "If everyone is fine with the meeting being at 11:00 please say so and we’ll put the meeting at 11\nIf not the meeting will still be at 10:30 am eastern ",
        "ts": "1508162832.000332"
    },
    {
        "type": "message",
        "user": "U759G285D",
        "text": "Ok sai",
        "ts": "1508162924.000165"
    },
    {
        "type": "message",
        "user": "U730RMBB3",
        "text": "i think I’ll start the meeting at 10:30\nIf you need to join later then that’s fine ",
        "ts": "1508163580.000482"
    },
    {
        "type": "message",
        "user": "U730RMBB3",
        "text": "<@U759G285D> <@U78V6D4AY> RamSai once you get the diagram ready please get together with Abbas and get him up to speed on the current design. You both will work on the design from a technical standpoint",
        "ts": "1508166054.000491"
    },
    {
        "type": "message",
        "user": "U730RMBB3",
        "text": "<@U7HEGQA20> Once the diagram is ready and RamSai and Abbas have both gone though it, you'll need to work with them to understand how to write this from a BA perspective.",
        "ts": "1508166160.000527"
    },
    {
        "type": "message",
        "user": "U759G285D",
        "text": "<https:\/\/www.lucidchart.com\/invitations\/accept\/f130c658-dcd2-4dd6-83a5-b3d98fcf3228>",
        "ts": "1508166756.000574"
    },
    {
        "type": "message",
        "subtype": "file_share",
        "text": "<@U759G285D> uploaded a file: <https:\/\/mpinfotech.slack.com\/files\/U759G285D\/F7JU6GX18\/e_trademine_updated_-_page_1.jpeg|e trademine updated - Page 1.jpeg>",
        "file": {
            "id": "F7JU6GX18",
            "created": 1508166800,
            "timestamp": 1508166800,
            "name": "e trademine updated - Page 1.jpeg",
            "title": "e trademine updated - Page 1.jpeg",
            "mimetype": "image\/jpeg",
            "filetype": "jpg",
            "pretty_type": "JPEG",
            "user": "U759G285D",
            "editable": false,
            "size": 210996,
            "mode": "hosted",
            "is_external": false,
            "external_type": "",
            "is_public": true,
            "public_url_shared": false,
            "display_as_bot": false,
            "username": "",
            "url_private": "https:\/\/files.slack.com\/files-pri\/T730RMB7T-F7JU6GX18\/e_trademine_updated_-_page_1.jpeg?t=xoxe-241025725265-384508339281-384508339409-5b92d26397ce6b615c24d77267fe6bb3",
            "url_private_download": "https:\/\/files.slack.com\/files-pri\/T730RMB7T-F7JU6GX18\/download\/e_trademine_updated_-_page_1.jpeg?t=xoxe-241025725265-384508339281-384508339409-5b92d26397ce6b615c24d77267fe6bb3",
            "thumb_64": "https:\/\/files.slack.com\/files-tmb\/T730RMB7T-F7JU6GX18-e14a6aa634\/e_trademine_updated_-_page_1_64.jpg?t=xoxe-241025725265-384508339281-384508339409-5b92d26397ce6b615c24d77267fe6bb3",
            "thumb_80": "https:\/\/files.slack.com\/files-tmb\/T730RMB7T-F7JU6GX18-e14a6aa634\/e_trademine_updated_-_page_1_80.jpg?t=xoxe-241025725265-384508339281-384508339409-5b92d26397ce6b615c24d77267fe6bb3",
            "thumb_360": "https:\/\/files.slack.com\/files-tmb\/T730RMB7T-F7JU6GX18-e14a6aa634\/e_trademine_updated_-_page_1_360.jpg?t=xoxe-241025725265-384508339281-384508339409-5b92d26397ce6b615c24d77267fe6bb3",
            "thumb_360_w": 239,
            "thumb_360_h": 360,
            "thumb_480": "https:\/\/files.slack.com\/files-tmb\/T730RMB7T-F7JU6GX18-e14a6aa634\/e_trademine_updated_-_page_1_480.jpg?t=xoxe-241025725265-384508339281-384508339409-5b92d26397ce6b615c24d77267fe6bb3",
            "thumb_480_w": 318,
            "thumb_480_h": 480,
            "thumb_160": "https:\/\/files.slack.com\/files-tmb\/T730RMB7T-F7JU6GX18-e14a6aa634\/e_trademine_updated_-_page_1_160.jpg?t=xoxe-241025725265-384508339281-384508339409-5b92d26397ce6b615c24d77267fe6bb3",
            "thumb_720": "https:\/\/files.slack.com\/files-tmb\/T730RMB7T-F7JU6GX18-e14a6aa634\/e_trademine_updated_-_page_1_720.jpg?t=xoxe-241025725265-384508339281-384508339409-5b92d26397ce6b615c24d77267fe6bb3",
            "thumb_720_w": 477,
            "thumb_720_h": 720,
            "thumb_800": "https:\/\/files.slack.com\/files-tmb\/T730RMB7T-F7JU6GX18-e14a6aa634\/e_trademine_updated_-_page_1_800.jpg?t=xoxe-241025725265-384508339281-384508339409-5b92d26397ce6b615c24d77267fe6bb3",
            "thumb_800_w": 800,
            "thumb_800_h": 1207,
            "thumb_960": "https:\/\/files.slack.com\/files-tmb\/T730RMB7T-F7JU6GX18-e14a6aa634\/e_trademine_updated_-_page_1_960.jpg?t=xoxe-241025725265-384508339281-384508339409-5b92d26397ce6b615c24d77267fe6bb3",
            "thumb_960_w": 636,
            "thumb_960_h": 960,
            "thumb_1024": "https:\/\/files.slack.com\/files-tmb\/T730RMB7T-F7JU6GX18-e14a6aa634\/e_trademine_updated_-_page_1_1024.jpg?t=xoxe-241025725265-384508339281-384508339409-5b92d26397ce6b615c24d77267fe6bb3",
            "thumb_1024_w": 679,
            "thumb_1024_h": 1024,
            "image_exif_rotation": 1,
            "original_w": 1760,
            "original_h": 2656,
            "permalink": "https:\/\/mpinfotech.slack.com\/files\/U759G285D\/F7JU6GX18\/e_trademine_updated_-_page_1.jpeg",
            "permalink_public": "https:\/\/slack-files.com\/T730RMB7T-F7JU6GX18-d8c2c14972",
            "channels": [],
            "groups": [],
            "ims": [],
            "comments_count": 0
        },
        "user": "U759G285D",
        "upload": true,
        "display_as_bot": false,
        "username": "ramsai",
        "bot_id": null,
        "ts": "1508166804.000024"
    },
    {
        "type": "message",
        "user": "U759G285D",
        "text": "is it good sai",
        "ts": "1508166831.000364"
    },
    {
        "type": "message",
        "user": "U730RMBB3",
        "text": "I think it looks good, true to the image. I wasn't planning on having CloudTrail or Elastic Load Balancer. \n\nSo can you create another diagram without CloudTrail, CloudWatch, Route 53, and Elastic Load Balancer?",
        "ts": "1508167058.000786"
    },
    {
        "type": "message",
        "user": "U730RMBB3",
        "text": "We'll keep this diagram as well",
        "ts": "1508167077.000171"
    },
    {
        "type": "message",
        "user": "U759G285D",
        "text": "Yeah In minute",
        "ts": "1508167088.000037"
    },
    {
        "type": "message",
        "user": "U759G285D",
        "text": "Can I add NACL also",
        "ts": "1508167373.000357"
    },
    {
        "type": "message",
        "user": "U730RMBB3",
        "text": "sure",
        "ts": "1508167410.000762"
    },
    {
        "type": "message",
        "subtype": "file_share",
        "text": "<@U759G285D> uploaded a file: <https:\/\/mpinfotech.slack.com\/files\/U759G285D\/F7JUGS04S\/e_trademine_updated_-_page_1-2.jpeg|e trademine updated - Page 1-2.jpeg>",
        "file": {
            "id": "F7JUGS04S",
            "created": 1508167699,
            "timestamp": 1508167699,
            "name": "e trademine updated - Page 1-2.jpeg",
            "title": "e trademine updated - Page 1-2.jpeg",
            "mimetype": "image\/jpeg",
            "filetype": "jpg",
            "pretty_type": "JPEG",
            "user": "U759G285D",
            "editable": false,
            "size": 241347,
            "mode": "hosted",
            "is_external": false,
            "external_type": "",
            "is_public": true,
            "public_url_shared": false,
            "display_as_bot": false,
            "username": "",
            "url_private": "https:\/\/files.slack.com\/files-pri\/T730RMB7T-F7JUGS04S\/e_trademine_updated_-_page_1-2.jpeg?t=xoxe-241025725265-384508339281-384508339409-5b92d26397ce6b615c24d77267fe6bb3",
            "url_private_download": "https:\/\/files.slack.com\/files-pri\/T730RMB7T-F7JUGS04S\/download\/e_trademine_updated_-_page_1-2.jpeg?t=xoxe-241025725265-384508339281-384508339409-5b92d26397ce6b615c24d77267fe6bb3",
            "thumb_64": "https:\/\/files.slack.com\/files-tmb\/T730RMB7T-F7JUGS04S-5795ce1d08\/e_trademine_updated_-_page_1-2_64.jpg?t=xoxe-241025725265-384508339281-384508339409-5b92d26397ce6b615c24d77267fe6bb3",
            "thumb_80": "https:\/\/files.slack.com\/files-tmb\/T730RMB7T-F7JUGS04S-5795ce1d08\/e_trademine_updated_-_page_1-2_80.jpg?t=xoxe-241025725265-384508339281-384508339409-5b92d26397ce6b615c24d77267fe6bb3",
            "thumb_360": "https:\/\/files.slack.com\/files-tmb\/T730RMB7T-F7JUGS04S-5795ce1d08\/e_trademine_updated_-_page_1-2_360.jpg?t=xoxe-241025725265-384508339281-384508339409-5b92d26397ce6b615c24d77267fe6bb3",
            "thumb_360_w": 160,
            "thumb_360_h": 360,
            "thumb_480": "https:\/\/files.slack.com\/files-tmb\/T730RMB7T-F7JUGS04S-5795ce1d08\/e_trademine_updated_-_page_1-2_480.jpg?t=xoxe-241025725265-384508339281-384508339409-5b92d26397ce6b615c24d77267fe6bb3",
            "thumb_480_w": 214,
            "thumb_480_h": 480,
            "thumb_160": "https:\/\/files.slack.com\/files-tmb\/T730RMB7T-F7JUGS04S-5795ce1d08\/e_trademine_updated_-_page_1-2_160.jpg?t=xoxe-241025725265-384508339281-384508339409-5b92d26397ce6b615c24d77267fe6bb3",
            "thumb_720": "https:\/\/files.slack.com\/files-tmb\/T730RMB7T-F7JUGS04S-5795ce1d08\/e_trademine_updated_-_page_1-2_720.jpg?t=xoxe-241025725265-384508339281-384508339409-5b92d26397ce6b615c24d77267fe6bb3",
            "thumb_720_w": 321,
            "thumb_720_h": 720,
            "thumb_800": "https:\/\/files.slack.com\/files-tmb\/T730RMB7T-F7JUGS04S-5795ce1d08\/e_trademine_updated_-_page_1-2_800.jpg?t=xoxe-241025725265-384508339281-384508339409-5b92d26397ce6b615c24d77267fe6bb3",
            "thumb_800_w": 800,
            "thumb_800_h": 1796,
            "thumb_960": "https:\/\/files.slack.com\/files-tmb\/T730RMB7T-F7JUGS04S-5795ce1d08\/e_trademine_updated_-_page_1-2_960.jpg?t=xoxe-241025725265-384508339281-384508339409-5b92d26397ce6b615c24d77267fe6bb3",
            "thumb_960_w": 428,
            "thumb_960_h": 960,
            "thumb_1024": "https:\/\/files.slack.com\/files-tmb\/T730RMB7T-F7JUGS04S-5795ce1d08\/e_trademine_updated_-_page_1-2_1024.jpg?t=xoxe-241025725265-384508339281-384508339409-5b92d26397ce6b615c24d77267fe6bb3",
            "thumb_1024_w": 456,
            "thumb_1024_h": 1024,
            "image_exif_rotation": 1,
            "original_w": 1760,
            "original_h": 3952,
            "permalink": "https:\/\/mpinfotech.slack.com\/files\/U759G285D\/F7JUGS04S\/e_trademine_updated_-_page_1-2.jpeg",
            "permalink_public": "https:\/\/slack-files.com\/T730RMB7T-F7JUGS04S-2dfb036535",
            "channels": [],
            "groups": [],
            "ims": [],
            "comments_count": 0
        },
        "user": "U759G285D",
        "upload": true,
        "display_as_bot": false,
        "username": "ramsai",
        "bot_id": null,
        "ts": "1508167704.000121"
    },
    {
        "type": "message",
        "user": "U759G285D",
        "text": "how is it psai",
        "ts": "1508167718.000537"
    },
    {
        "type": "message",
        "user": "U730RMBB3",
        "text": "this is good",
        "ts": "1508167789.000290"
    },
    {
        "type": "message",
        "user": "U730RMBB3",
        "text": "please make sure to talk with Abbas to get him caught up with what's being built and what's being used and why",
        "ts": "1508167828.000324"
    },
    {
        "type": "message",
        "user": "U759G285D",
        "text": "Ok sai I will talk with him ",
        "ts": "1508167905.000789"
    },
    {
        "user": "U746SCQ90",
        "inviter": "U730RMBB3",
        "text": "<@U746SCQ90> has joined the channel",
        "type": "message",
        "subtype": "channel_join",
        "ts": "1508186350.000182"
    },
    {
        "type": "message",
        "user": "U746RD3SN",
        "text": "The completed spreadsheet has been uploaded",
        "ts": "1508214453.000036"
    },
    {
        "type": "message",
        "user": "U746RD3SN",
        "text": "File name: completed application_discovery_etrademine_side.xlsx",
        "ts": "1508214643.000037"
    },
    {
        "type": "message",
        "user": "U746RD3SN",
        "text": "Loaded in cloud&gt; Projects &gt; e-trademine&gt; folder",
        "ts": "1508214922.000025"
    }
]