[
    {
        "type": "message",
        "subtype": "file_share",
        "text": "<@U759G285D> uploaded a file: <https:\/\/mpinfotech.slack.com\/files\/U759G285D\/F7NMDG3J9\/e_trademine_with_3_instances.jpeg|E TRADEMINE WITH 3 INSTANCES.jpeg>",
        "file": {
            "id": "F7NMDG3J9",
            "created": 1508781543,
            "timestamp": 1508781543,
            "name": "E TRADEMINE WITH 3 INSTANCES.jpeg",
            "title": "E TRADEMINE WITH 3 INSTANCES.jpeg",
            "mimetype": "image\/jpeg",
            "filetype": "jpg",
            "pretty_type": "JPEG",
            "user": "U759G285D",
            "editable": false,
            "size": 296155,
            "mode": "hosted",
            "is_external": false,
            "external_type": "",
            "is_public": true,
            "public_url_shared": false,
            "display_as_bot": false,
            "username": "",
            "url_private": "https:\/\/files.slack.com\/files-pri\/T730RMB7T-F7NMDG3J9\/e_trademine_with_3_instances.jpeg?t=xoxe-241025725265-384508339281-384508339409-5b92d26397ce6b615c24d77267fe6bb3",
            "url_private_download": "https:\/\/files.slack.com\/files-pri\/T730RMB7T-F7NMDG3J9\/download\/e_trademine_with_3_instances.jpeg?t=xoxe-241025725265-384508339281-384508339409-5b92d26397ce6b615c24d77267fe6bb3",
            "thumb_64": "https:\/\/files.slack.com\/files-tmb\/T730RMB7T-F7NMDG3J9-8d26d63c16\/e_trademine_with_3_instances_64.jpg?t=xoxe-241025725265-384508339281-384508339409-5b92d26397ce6b615c24d77267fe6bb3",
            "thumb_80": "https:\/\/files.slack.com\/files-tmb\/T730RMB7T-F7NMDG3J9-8d26d63c16\/e_trademine_with_3_instances_80.jpg?t=xoxe-241025725265-384508339281-384508339409-5b92d26397ce6b615c24d77267fe6bb3",
            "thumb_360": "https:\/\/files.slack.com\/files-tmb\/T730RMB7T-F7NMDG3J9-8d26d63c16\/e_trademine_with_3_instances_360.jpg?t=xoxe-241025725265-384508339281-384508339409-5b92d26397ce6b615c24d77267fe6bb3",
            "thumb_360_w": 160,
            "thumb_360_h": 360,
            "thumb_480": "https:\/\/files.slack.com\/files-tmb\/T730RMB7T-F7NMDG3J9-8d26d63c16\/e_trademine_with_3_instances_480.jpg?t=xoxe-241025725265-384508339281-384508339409-5b92d26397ce6b615c24d77267fe6bb3",
            "thumb_480_w": 214,
            "thumb_480_h": 480,
            "thumb_160": "https:\/\/files.slack.com\/files-tmb\/T730RMB7T-F7NMDG3J9-8d26d63c16\/e_trademine_with_3_instances_160.jpg?t=xoxe-241025725265-384508339281-384508339409-5b92d26397ce6b615c24d77267fe6bb3",
            "thumb_720": "https:\/\/files.slack.com\/files-tmb\/T730RMB7T-F7NMDG3J9-8d26d63c16\/e_trademine_with_3_instances_720.jpg?t=xoxe-241025725265-384508339281-384508339409-5b92d26397ce6b615c24d77267fe6bb3",
            "thumb_720_w": 321,
            "thumb_720_h": 720,
            "thumb_800": "https:\/\/files.slack.com\/files-tmb\/T730RMB7T-F7NMDG3J9-8d26d63c16\/e_trademine_with_3_instances_800.jpg?t=xoxe-241025725265-384508339281-384508339409-5b92d26397ce6b615c24d77267fe6bb3",
            "thumb_800_w": 800,
            "thumb_800_h": 1796,
            "thumb_960": "https:\/\/files.slack.com\/files-tmb\/T730RMB7T-F7NMDG3J9-8d26d63c16\/e_trademine_with_3_instances_960.jpg?t=xoxe-241025725265-384508339281-384508339409-5b92d26397ce6b615c24d77267fe6bb3",
            "thumb_960_w": 428,
            "thumb_960_h": 960,
            "thumb_1024": "https:\/\/files.slack.com\/files-tmb\/T730RMB7T-F7NMDG3J9-8d26d63c16\/e_trademine_with_3_instances_1024.jpg?t=xoxe-241025725265-384508339281-384508339409-5b92d26397ce6b615c24d77267fe6bb3",
            "thumb_1024_w": 456,
            "thumb_1024_h": 1024,
            "image_exif_rotation": 1,
            "original_w": 1760,
            "original_h": 3952,
            "permalink": "https:\/\/mpinfotech.slack.com\/files\/U759G285D\/F7NMDG3J9\/e_trademine_with_3_instances.jpeg",
            "permalink_public": "https:\/\/slack-files.com\/T730RMB7T-F7NMDG3J9-d45af2b0d3",
            "channels": [],
            "groups": [],
            "ims": [],
            "comments_count": 0
        },
        "user": "U759G285D",
        "upload": true,
        "display_as_bot": false,
        "username": "ramsai",
        "bot_id": null,
        "ts": "1508781546.000809"
    },
    {
        "type": "message",
        "user": "U759G285D",
        "text": "hi sai",
        "ts": "1508781562.000485"
    },
    {
        "type": "message",
        "user": "U759G285D",
        "text": "is this good or any changes",
        "ts": "1508781574.000668"
    },
    {
        "type": "message",
        "user": "U730RMBB3",
        "text": "Yep looks good\nSmall edit\nCan you add arrows between web and app and then app and db? Just to signify traffic flow between the boxes",
        "ts": "1508781906.000101"
    },
    {
        "type": "message",
        "user": "U759G285D",
        "text": "Ok sai I will do that ",
        "ts": "1508781925.000335"
    },
    {
        "type": "message",
        "subtype": "file_share",
        "text": "<@U759G285D> uploaded a file: <https:\/\/mpinfotech.slack.com\/files\/U759G285D\/F7PE3F33Q\/e_trademine_updated_3_instances.jpeg|e trademine updated 3 instances.jpeg>",
        "file": {
            "id": "F7PE3F33Q",
            "created": 1508782180,
            "timestamp": 1508782180,
            "name": "e trademine updated 3 instances.jpeg",
            "title": "e trademine updated 3 instances.jpeg",
            "mimetype": "image\/jpeg",
            "filetype": "jpg",
            "pretty_type": "JPEG",
            "user": "U759G285D",
            "editable": false,
            "size": 299265,
            "mode": "hosted",
            "is_external": false,
            "external_type": "",
            "is_public": true,
            "public_url_shared": false,
            "display_as_bot": false,
            "username": "",
            "url_private": "https:\/\/files.slack.com\/files-pri\/T730RMB7T-F7PE3F33Q\/e_trademine_updated_3_instances.jpeg?t=xoxe-241025725265-384508339281-384508339409-5b92d26397ce6b615c24d77267fe6bb3",
            "url_private_download": "https:\/\/files.slack.com\/files-pri\/T730RMB7T-F7PE3F33Q\/download\/e_trademine_updated_3_instances.jpeg?t=xoxe-241025725265-384508339281-384508339409-5b92d26397ce6b615c24d77267fe6bb3",
            "thumb_64": "https:\/\/files.slack.com\/files-tmb\/T730RMB7T-F7PE3F33Q-2aa44e9b4e\/e_trademine_updated_3_instances_64.jpg?t=xoxe-241025725265-384508339281-384508339409-5b92d26397ce6b615c24d77267fe6bb3",
            "thumb_80": "https:\/\/files.slack.com\/files-tmb\/T730RMB7T-F7PE3F33Q-2aa44e9b4e\/e_trademine_updated_3_instances_80.jpg?t=xoxe-241025725265-384508339281-384508339409-5b92d26397ce6b615c24d77267fe6bb3",
            "thumb_360": "https:\/\/files.slack.com\/files-tmb\/T730RMB7T-F7PE3F33Q-2aa44e9b4e\/e_trademine_updated_3_instances_360.jpg?t=xoxe-241025725265-384508339281-384508339409-5b92d26397ce6b615c24d77267fe6bb3",
            "thumb_360_w": 160,
            "thumb_360_h": 360,
            "thumb_480": "https:\/\/files.slack.com\/files-tmb\/T730RMB7T-F7PE3F33Q-2aa44e9b4e\/e_trademine_updated_3_instances_480.jpg?t=xoxe-241025725265-384508339281-384508339409-5b92d26397ce6b615c24d77267fe6bb3",
            "thumb_480_w": 214,
            "thumb_480_h": 480,
            "thumb_160": "https:\/\/files.slack.com\/files-tmb\/T730RMB7T-F7PE3F33Q-2aa44e9b4e\/e_trademine_updated_3_instances_160.jpg?t=xoxe-241025725265-384508339281-384508339409-5b92d26397ce6b615c24d77267fe6bb3",
            "thumb_720": "https:\/\/files.slack.com\/files-tmb\/T730RMB7T-F7PE3F33Q-2aa44e9b4e\/e_trademine_updated_3_instances_720.jpg?t=xoxe-241025725265-384508339281-384508339409-5b92d26397ce6b615c24d77267fe6bb3",
            "thumb_720_w": 321,
            "thumb_720_h": 720,
            "thumb_800": "https:\/\/files.slack.com\/files-tmb\/T730RMB7T-F7PE3F33Q-2aa44e9b4e\/e_trademine_updated_3_instances_800.jpg?t=xoxe-241025725265-384508339281-384508339409-5b92d26397ce6b615c24d77267fe6bb3",
            "thumb_800_w": 800,
            "thumb_800_h": 1796,
            "thumb_960": "https:\/\/files.slack.com\/files-tmb\/T730RMB7T-F7PE3F33Q-2aa44e9b4e\/e_trademine_updated_3_instances_960.jpg?t=xoxe-241025725265-384508339281-384508339409-5b92d26397ce6b615c24d77267fe6bb3",
            "thumb_960_w": 428,
            "thumb_960_h": 960,
            "thumb_1024": "https:\/\/files.slack.com\/files-tmb\/T730RMB7T-F7PE3F33Q-2aa44e9b4e\/e_trademine_updated_3_instances_1024.jpg?t=xoxe-241025725265-384508339281-384508339409-5b92d26397ce6b615c24d77267fe6bb3",
            "thumb_1024_w": 456,
            "thumb_1024_h": 1024,
            "image_exif_rotation": 1,
            "original_w": 1760,
            "original_h": 3952,
            "permalink": "https:\/\/mpinfotech.slack.com\/files\/U759G285D\/F7PE3F33Q\/e_trademine_updated_3_instances.jpeg",
            "permalink_public": "https:\/\/slack-files.com\/T730RMB7T-F7PE3F33Q-4ecbebb285",
            "channels": [],
            "groups": [],
            "ims": [],
            "comments_count": 0
        },
        "user": "U759G285D",
        "upload": true,
        "display_as_bot": false,
        "username": "ramsai",
        "bot_id": null,
        "ts": "1508782183.000365"
    },
    {
        "type": "message",
        "user": "U746RD3SN",
        "text": "I completed the proposal",
        "ts": "1508782188.000581"
    },
    {
        "type": "message",
        "user": "U759G285D",
        "text": "sir can i have cloud craft credentials",
        "ts": "1508782649.000204"
    },
    {
        "type": "message",
        "user": "U759G285D",
        "text": "i got it sir",
        "ts": "1508782708.000029"
    },
    {
        "type": "message",
        "user": "U746RD3SN",
        "text": "Please use mpitdraw\nId",
        "ts": "1508783065.000245"
    },
    {
        "type": "message",
        "user": "U746RD3SN",
        "text": "So that the diagrams are saved in mpitdraw google drive",
        "ts": "1508783144.000152"
    },
    {
        "type": "message",
        "user": "U746RD3SN",
        "text": "You guys can review and paste the diagram",
        "ts": "1508784049.000333"
    },
    {
        "type": "message",
        "user": "U746RD3SN",
        "text": "Psai is the buildout complete ?",
        "ts": "1508784546.000454"
    },
    {
        "type": "message",
        "user": "U746RD3SN",
        "text": "If yes, can you and RamSai see if you can connect the new VPC to lucid chart",
        "ts": "1508784584.000678"
    },
    {
        "type": "message",
        "user": "U746RD3SN",
        "text": "I want to see the integration how good its ",
        "ts": "1508784602.000426"
    },
    {
        "type": "message",
        "user": "U746RD3SN",
        "text": "Off late even google is using cloudcraft in lots of its examples",
        "ts": "1508784631.000052"
    },
    {
        "type": "message",
        "user": "U730RMBB3",
        "text": "sure",
        "ts": "1508784692.000397"
    },
    {
        "type": "message",
        "user": "U730RMBB3",
        "text": "we can try now",
        "ts": "1508784698.000421"
    },
    {
        "type": "message",
        "user": "U746RD3SN",
        "text": "Give me an update at 4:30 meeting",
        "ts": "1508787194.000580"
    },
    {
        "type": "message",
        "subtype": "file_share",
        "text": "<@U759G285D> uploaded a file: <https:\/\/mpinfotech.slack.com\/files\/U759G285D\/F7NQASN9K\/e_trademine_new.jpeg|e trademine new.jpeg>",
        "file": {
            "id": "F7NQASN9K",
            "created": 1508791304,
            "timestamp": 1508791304,
            "name": "e trademine new.jpeg",
            "title": "e trademine new.jpeg",
            "mimetype": "image\/jpeg",
            "filetype": "jpg",
            "pretty_type": "JPEG",
            "user": "U759G285D",
            "editable": false,
            "size": 282007,
            "mode": "hosted",
            "is_external": false,
            "external_type": "",
            "is_public": true,
            "public_url_shared": false,
            "display_as_bot": false,
            "username": "",
            "url_private": "https:\/\/files.slack.com\/files-pri\/T730RMB7T-F7NQASN9K\/e_trademine_new.jpeg?t=xoxe-241025725265-384508339281-384508339409-5b92d26397ce6b615c24d77267fe6bb3",
            "url_private_download": "https:\/\/files.slack.com\/files-pri\/T730RMB7T-F7NQASN9K\/download\/e_trademine_new.jpeg?t=xoxe-241025725265-384508339281-384508339409-5b92d26397ce6b615c24d77267fe6bb3",
            "thumb_64": "https:\/\/files.slack.com\/files-tmb\/T730RMB7T-F7NQASN9K-8f98611508\/e_trademine_new_64.jpg?t=xoxe-241025725265-384508339281-384508339409-5b92d26397ce6b615c24d77267fe6bb3",
            "thumb_80": "https:\/\/files.slack.com\/files-tmb\/T730RMB7T-F7NQASN9K-8f98611508\/e_trademine_new_80.jpg?t=xoxe-241025725265-384508339281-384508339409-5b92d26397ce6b615c24d77267fe6bb3",
            "thumb_360": "https:\/\/files.slack.com\/files-tmb\/T730RMB7T-F7NQASN9K-8f98611508\/e_trademine_new_360.jpg?t=xoxe-241025725265-384508339281-384508339409-5b92d26397ce6b615c24d77267fe6bb3",
            "thumb_360_w": 160,
            "thumb_360_h": 360,
            "thumb_480": "https:\/\/files.slack.com\/files-tmb\/T730RMB7T-F7NQASN9K-8f98611508\/e_trademine_new_480.jpg?t=xoxe-241025725265-384508339281-384508339409-5b92d26397ce6b615c24d77267fe6bb3",
            "thumb_480_w": 214,
            "thumb_480_h": 480,
            "thumb_160": "https:\/\/files.slack.com\/files-tmb\/T730RMB7T-F7NQASN9K-8f98611508\/e_trademine_new_160.jpg?t=xoxe-241025725265-384508339281-384508339409-5b92d26397ce6b615c24d77267fe6bb3",
            "thumb_720": "https:\/\/files.slack.com\/files-tmb\/T730RMB7T-F7NQASN9K-8f98611508\/e_trademine_new_720.jpg?t=xoxe-241025725265-384508339281-384508339409-5b92d26397ce6b615c24d77267fe6bb3",
            "thumb_720_w": 321,
            "thumb_720_h": 720,
            "thumb_800": "https:\/\/files.slack.com\/files-tmb\/T730RMB7T-F7NQASN9K-8f98611508\/e_trademine_new_800.jpg?t=xoxe-241025725265-384508339281-384508339409-5b92d26397ce6b615c24d77267fe6bb3",
            "thumb_800_w": 800,
            "thumb_800_h": 1796,
            "thumb_960": "https:\/\/files.slack.com\/files-tmb\/T730RMB7T-F7NQASN9K-8f98611508\/e_trademine_new_960.jpg?t=xoxe-241025725265-384508339281-384508339409-5b92d26397ce6b615c24d77267fe6bb3",
            "thumb_960_w": 428,
            "thumb_960_h": 960,
            "thumb_1024": "https:\/\/files.slack.com\/files-tmb\/T730RMB7T-F7NQASN9K-8f98611508\/e_trademine_new_1024.jpg?t=xoxe-241025725265-384508339281-384508339409-5b92d26397ce6b615c24d77267fe6bb3",
            "thumb_1024_w": 456,
            "thumb_1024_h": 1024,
            "image_exif_rotation": 1,
            "original_w": 1760,
            "original_h": 3952,
            "permalink": "https:\/\/mpinfotech.slack.com\/files\/U759G285D\/F7NQASN9K\/e_trademine_new.jpeg",
            "permalink_public": "https:\/\/slack-files.com\/T730RMB7T-F7NQASN9K-a0c47acb1d",
            "channels": [],
            "groups": [],
            "ims": [],
            "comments_count": 0
        },
        "user": "U759G285D",
        "upload": true,
        "display_as_bot": false,
        "username": "ramsai",
        "bot_id": null,
        "ts": "1508791308.000112"
    }
]