[
    {
        "type": "message",
        "user": "U746RD3SN",
        "text": "<https:\/\/aws.amazon.com\/partners\/training\/accreditation\/#aws-business-professional>",
        "ts": "1513314441.000081"
    },
    {
        "type": "message",
        "user": "U746RD3SN",
        "text": "Abhishek and Ram, can you guys complete this training.",
        "ts": "1513314492.000211"
    },
    {
        "type": "message",
        "user": "U746RD3SN",
        "text": "there is a test in the end, that needs to be completed.",
        "ts": "1513314771.000088"
    },
    {
        "type": "message",
        "user": "U746RD3SN",
        "text": "both Business and Technical",
        "ts": "1513315881.000088"
    },
    {
        "type": "message",
        "user": "U746RD3SN",
        "text": "TCO and Cloud Economics",
        "ts": "1513315893.000110"
    },
    {
        "type": "message",
        "user": "U746RD3SN",
        "text": "i want you both to complete this, this will help you to understand",
        "ts": "1513316010.000056"
    }
]