[
    {
        "type": "message",
        "user": "U746RD3SN",
        "text": "PSai where do you stand with respect to the proposal and architecture. Followup with the team and give an update please.",
        "ts": "1508520021.000437"
    },
    {
        "type": "message",
        "user": "U730RMBB3",
        "text": "OK architecture team we need to get our first draft of our proposal together for presentation. So what that means is that we need everyone to work together on the technical understanding and what our current architecture for the customer. \n\n<@U759G285D> 2 things we need done. We did a security analysis of the current diagram and we have come to the conclusion that we need to change it a little. So instead of the Web EC2 and the App EC2 being in the same subnet. We want to use 3 subnets in each availability zone: A Web subnet containing a EC2 named Web, an App subnet containing an EC2 named App, and a Database subnet containing a RDS instance in it. Also, we don't need the Elastic Load Balancer.\n\nOnce the diagram is done in LucidChart please re-diagram it in CloudCraft using the <mailto:mpitdraw@gmail.com|mpitdraw@gmail.com>. Make sure to login via the gmail option with this email so that the diagram gets synced with Google Drive. Using CloudCraft you can find the cost of the architecture. Make sure to use the smallest components possible so that we get a proper architecture with little cost overhead. \n\nOnce we get this ready we'll have our first architecture ready to present so let's get rolling and get this goal accomplished. :+1:",
        "ts": "1508524579.000423"
    },
    {
        "type": "message",
        "user": "U730RMBB3",
        "text": "Any questions, comments, or concerns guys?",
        "ts": "1508535679.000045"
    }
]