[
    {
        "type": "message",
        "user": "U746RD3SN",
        "text": "Add Abbas to Architecture, he is from India, and will be Architecture in India to assist DevOps and CloudOps teams.",
        "ts": "1507725372.000023"
    },
    {
        "user": "U78V6D4AY",
        "inviter": "U730RMBB3",
        "text": "<@U78V6D4AY> has joined the channel",
        "type": "message",
        "subtype": "channel_join",
        "ts": "1507734200.000438"
    },
    {
        "type": "message",
        "user": "U746RD3SN",
        "text": "RamSai please post the diagram that you drew for etrademine",
        "ts": "1507770465.000172"
    }
]