[
    {
        "type": "message",
        "user": "U746RD3SN",
        "text": "<https:\/\/aws.amazon.com\/partners\/consulting\/journey\/#Standard>",
        "attachments": [
            {
                "service_name": "Amazon Web Services, Inc.",
                "title": "APN Consulting Partner Journey",
                "title_link": "https:\/\/aws.amazon.com\/partners\/consulting\/journey\/#Standard",
                "text": "Join the AWS Partner Network",
                "fallback": "Amazon Web Services, Inc.: APN Consulting Partner Journey",
                "thumb_url": "https:\/\/a0.awsstatic.com\/main\/images\/logos\/aws_logo_smile_179x109.png",
                "from_url": "https:\/\/aws.amazon.com\/partners\/consulting\/journey\/#Standard",
                "thumb_width": 179,
                "thumb_height": 109,
                "service_icon": "https:\/\/a0.awsstatic.com\/main\/images\/site\/touch-icon-iphone-114-smile.png",
                "id": 1
            }
        ],
        "ts": "1513438643.000072"
    },
    {
        "type": "message",
        "user": "U746RD3SN",
        "text": "Ram and Abhishek, once you login to AWS partner",
        "ts": "1513438655.000110"
    },
    {
        "type": "message",
        "user": "U746RD3SN",
        "text": "click the above the link.",
        "ts": "1513438664.000041"
    },
    {
        "type": "message",
        "user": "U746RD3SN",
        "text": "I want you both to complete the 3 sections",
        "ts": "1513438682.000095"
    },
    {
        "type": "message",
        "user": "U746RD3SN",
        "text": "AWS business professional;",
        "ts": "1513438707.000002"
    },
    {
        "type": "message",
        "user": "U746RD3SN",
        "text": "AWS TCO and cloud econmics",
        "ts": "1513438724.000014"
    },
    {
        "type": "message",
        "user": "U746RD3SN",
        "text": "AWS business professional online",
        "ts": "1513438737.000027"
    },
    {
        "type": "message",
        "user": "U746RD3SN",
        "text": "This will help us to connect with the customers when we are sitting with them",
        "ts": "1513438755.000117"
    },
    {
        "type": "message",
        "user": "U8C5LET2S",
        "text": "Ok Sir i started the Business Professional section..",
        "ts": "1513453758.000048"
    },
    {
        "type": "message",
        "user": "U746RD3SN",
        "text": "Thank you",
        "ts": "1513454056.000028"
    },
    {
        "type": "message",
        "user": "U746RD3SN",
        "text": "there is a test in the last that needs to be compelted.",
        "ts": "1513454066.000030"
    },
    {
        "type": "message",
        "user": "U746RD3SN",
        "text": "i am also doing all 3.",
        "ts": "1513454070.000117"
    },
    {
        "type": "message",
        "user": "U8C5LET2S",
        "text": "Ok Sir.",
        "ts": "1513454144.000031"
    }
]