[
    {
        "type": "message",
        "user": "U746RD3SN",
        "text": "<http:\/\/docs.aws.amazon.com\/IAM\/latest\/UserGuide\/best-practices.html>",
        "attachments": [
            {
                "title": "IAM Best Practices - AWS Identity and Access Management",
                "title_link": "http:\/\/docs.aws.amazon.com\/IAM\/latest\/UserGuide\/best-practices.html",
                "text": "Follow these guidelines and recommendations for using AWS Identity and Access Management (IAM) to help secure your AWS account and resources.",
                "fallback": "IAM Best Practices - AWS Identity and Access Management",
                "from_url": "http:\/\/docs.aws.amazon.com\/IAM\/latest\/UserGuide\/best-practices.html",
                "service_icon": "http:\/\/docs.aws.amazon.com\/images\/favicon.ico",
                "service_name": "docs.aws.amazon.com",
                "id": 1
            }
        ],
        "ts": "1512623283.000067"
    }
]