[
    {
        "type": "message",
        "user": "U746RD3SN",
        "text": "New Request to BUILD",
        "ts": "1511300001.000216"
    },
    {
        "type": "message",
        "user": "U746RD3SN",
        "text": "Requirements:\nDEVELOPMENT INFRA ON CLOUD\nBuild a secure development environment in the cloud, where my the developers are able\nto login from anywhere, authenticate to the AD + TFA, and login to via RDP to a Server.\nFrom there the developer will RDP to his VDI \/ Workstation \/ EC2 instance and start developing the code.\nFrom the developer VDI \/ Workstation . EC2 instance, the developer should have access to SVN.\nDeveloper should be able to move his code to the Build network, validate his \/ her code.\n\nBUILD NETWORK\nBuild Lab: Also DevOps should have a devOps segment where all the tools and techniques are validated.\nBuild Tool Kit: EC2 instances, tools like chef, ansible, puppet.\nBuild Security: Also security network, from where assessments can be performed.\nBuild migration: two or three Segment to validate data and application migraion, including accounts and VPN and subnets.",
        "ts": "1511300004.000455"
    }
]