[
    {
        "type": "message",
        "user": "U759G285D",
        "text": "Sir Abhishek asking 30 minutes time ",
        "ts": "1513875549.000083"
    },
    {
        "user": "U8HLU8SG0",
        "text": "<@U8HLU8SG0> has joined the channel",
        "type": "message",
        "subtype": "channel_join",
        "ts": "1513914380.000011"
    },
    {
        "type": "message",
        "user": "U746RD3SN",
        "text": "RamSai please involve TharunThota (he is in Slack) on the development on aws project and e-trademine project. He is already has experience in DevOps",
        "ts": "1513916334.000183"
    }
]