[
    {
        "type": "message",
        "user": "U746RD3SN",
        "text": "<https:\/\/aws.amazon.com\/blogs\/security\/introducing-aws-single-sign-on\/>",
        "attachments": [
            {
                "service_name": "Amazon Web Services",
                "title": "Introducing AWS Single Sign-On | Amazon Web Services",
                "title_link": "https:\/\/aws.amazon.com\/blogs\/security\/introducing-aws-single-sign-on\/",
                "text": "Today, AWS introduced AWS Single Sign-On (AWS SSO), a service that makes it easy for you to centrally manage SSO access to multiple AWS accounts and business applications. AWS SSO provides a user portal so that your users can find and access all of their assigned accounts and applications from one place, using their existing […]",
                "fallback": "Amazon Web Services: Introducing AWS Single Sign-On | Amazon Web Services",
                "image_url": "https:\/\/d2908q01vomqb2.cloudfront.net\/22d200f8670dbdb3e253a90eee5098477c95c23d\/2017\/12\/05\/AM_AWSSSOUseCases_1217-1080x630.png",
                "image_width": 429,
                "image_height": 250,
                "ts": 1512670525,
                "from_url": "https:\/\/aws.amazon.com\/blogs\/security\/introducing-aws-single-sign-on\/",
                "image_bytes": 386770,
                "service_icon": "http:\/\/a0.awsstatic.com\/main\/images\/site\/touch-icon-iphone-114-smile.png",
                "id": 1
            }
        ],
        "ts": "1515897313.000027"
    }
]