[
    {
        "type": "message",
        "user": "U746RD3SN",
        "text": "<https:\/\/www.slideshare.net\/AmazonWebServices\/deploy-a-dod-secure-cloud-computing-architecture-environment-in-aws-aws-public-sector-summit-2017>",
        "attachments": [
            {
                "title": "Deploy a DoD Secure Cloud Computing Architecture Environment in AWS |…",
                "title_link": "https:\/\/www.slideshare.net\/AmazonWebServices\/deploy-a-dod-secure-cloud-computing-architecture-environment-in-aws-aws-public-sector-summit-2017",
                "text": "The Department of Defense's Secure Cloud Computing Architecture (SCCA) guidance provides DoD mission owners the security requirements for building a DoD compli…",
                "fallback": "Deploy a DoD Secure Cloud Computing Architecture Environment in AWS |…",
                "thumb_url": "https:\/\/cdn.slidesharecdn.com\/ss_thumbnails\/119681caggyeditcompletetk-170626125236-thumbnail-4.jpg?cb=1498482436",
                "from_url": "https:\/\/www.slideshare.net\/AmazonWebServices\/deploy-a-dod-secure-cloud-computing-architecture-environment-in-aws-aws-public-sector-summit-2017",
                "thumb_width": 768,
                "thumb_height": 432,
                "service_icon": "https:\/\/public.slidesharecdn.com\/favicon.ico?d8e2a4ed15",
                "service_name": "slideshare.net",
                "id": 1
            }
        ],
        "ts": "1519146523.000486"
    }
]