[
    {
        "type": "message",
        "user": "U746RD3SN",
        "text": "<https:\/\/mpinfotech.slack.com\/archives\/C7G7CD7FV\/p1521305293000022>",
        "attachments": [
            {
                "from_url": "https:\/\/mpinfotech.slack.com\/archives\/C7G7CD7FV\/p1521305293000022",
                "fallback": "[March 17th, 2018 9:48 AM] mmurali: Can we have the DevOps studio workflow draws in Lucid Charts",
                "ts": "1521305293.000022",
                "author_id": "U746RD3SN",
                "author_subname": "MMurali",
                "channel_id": "C7G7CD7FV",
                "channel_name": "architecture",
                "is_msg_unfurl": true,
                "text": "Can we have the DevOps studio workflow draws in Lucid Charts",
                "author_name": "MMurali",
                "author_link": "https:\/\/mpinfotech.slack.com\/team\/U746RD3SN",
                "author_icon": "https:\/\/avatars.slack-edge.com\/2017-12-09\/284241542434_a6e7b2b54dcbe8a2c042_48.png",
                "mrkdwn_in": [
                    "text"
                ],
                "id": 1,
                "footer": "Posted in #architecture"
            }
        ],
        "ts": "1522508598.000010"
    }
]