[
    {
        "user": "U9KKCK4QN",
        "text": "<@U9KKCK4QN> has joined the channel",
        "type": "message",
        "subtype": "channel_join",
        "ts": "1520272320.000455"
    },
    {
        "user": "U9JT2HAP4",
        "text": "<@U9JT2HAP4> has joined the channel",
        "type": "message",
        "subtype": "channel_join",
        "ts": "1520282314.000330"
    },
    {
        "user": "U9L0UC1TR",
        "text": "<@U9L0UC1TR> has joined the channel",
        "type": "message",
        "subtype": "channel_join",
        "ts": "1520288093.000213"
    }
]