[
    {
        "type": "message",
        "subtype": "file_mention",
        "text": "<@U730RMBB3> mentioned a file: <https:\/\/mpinfotech.slack.com\/files\/U730RMBB3\/F8UDQQ9A6\/image_uploaded_from_ios.jpg|Image uploaded from iOS.jpg>.",
        "file": {
            "id": "F8UDQQ9A6",
            "created": 1516219233,
            "timestamp": 1516219233,
            "name": "Image uploaded from iOS.jpg",
            "title": "Image uploaded from iOS",
            "mimetype": "image\/jpeg",
            "filetype": "jpg",
            "pretty_type": "JPEG",
            "user": "U730RMBB3",
            "editable": false,
            "size": 4777804,
            "mode": "hosted",
            "is_external": false,
            "external_type": "",
            "is_public": true,
            "public_url_shared": false,
            "display_as_bot": false,
            "username": "",
            "url_private": "https:\/\/files.slack.com\/files-pri\/T730RMB7T-F8UDQQ9A6\/image_uploaded_from_ios.jpg?t=xoxe-241025725265-384508339281-384508339409-5b92d26397ce6b615c24d77267fe6bb3",
            "url_private_download": "https:\/\/files.slack.com\/files-pri\/T730RMB7T-F8UDQQ9A6\/download\/image_uploaded_from_ios.jpg?t=xoxe-241025725265-384508339281-384508339409-5b92d26397ce6b615c24d77267fe6bb3",
            "thumb_64": "https:\/\/files.slack.com\/files-tmb\/T730RMB7T-F8UDQQ9A6-1735f2f041\/image_uploaded_from_ios_64.jpg?t=xoxe-241025725265-384508339281-384508339409-5b92d26397ce6b615c24d77267fe6bb3",
            "thumb_80": "https:\/\/files.slack.com\/files-tmb\/T730RMB7T-F8UDQQ9A6-1735f2f041\/image_uploaded_from_ios_80.jpg?t=xoxe-241025725265-384508339281-384508339409-5b92d26397ce6b615c24d77267fe6bb3",
            "thumb_360": "https:\/\/files.slack.com\/files-tmb\/T730RMB7T-F8UDQQ9A6-1735f2f041\/image_uploaded_from_ios_360.jpg?t=xoxe-241025725265-384508339281-384508339409-5b92d26397ce6b615c24d77267fe6bb3",
            "thumb_360_w": 274,
            "thumb_360_h": 360,
            "thumb_480": "https:\/\/files.slack.com\/files-tmb\/T730RMB7T-F8UDQQ9A6-1735f2f041\/image_uploaded_from_ios_480.jpg?t=xoxe-241025725265-384508339281-384508339409-5b92d26397ce6b615c24d77267fe6bb3",
            "thumb_480_w": 365,
            "thumb_480_h": 480,
            "thumb_160": "https:\/\/files.slack.com\/files-tmb\/T730RMB7T-F8UDQQ9A6-1735f2f041\/image_uploaded_from_ios_160.jpg?t=xoxe-241025725265-384508339281-384508339409-5b92d26397ce6b615c24d77267fe6bb3",
            "thumb_720": "https:\/\/files.slack.com\/files-tmb\/T730RMB7T-F8UDQQ9A6-1735f2f041\/image_uploaded_from_ios_720.jpg?t=xoxe-241025725265-384508339281-384508339409-5b92d26397ce6b615c24d77267fe6bb3",
            "thumb_720_w": 548,
            "thumb_720_h": 720,
            "thumb_800": "https:\/\/files.slack.com\/files-tmb\/T730RMB7T-F8UDQQ9A6-1735f2f041\/image_uploaded_from_ios_800.jpg?t=xoxe-241025725265-384508339281-384508339409-5b92d26397ce6b615c24d77267fe6bb3",
            "thumb_800_w": 800,
            "thumb_800_h": 1051,
            "thumb_960": "https:\/\/files.slack.com\/files-tmb\/T730RMB7T-F8UDQQ9A6-1735f2f041\/image_uploaded_from_ios_960.jpg?t=xoxe-241025725265-384508339281-384508339409-5b92d26397ce6b615c24d77267fe6bb3",
            "thumb_960_w": 731,
            "thumb_960_h": 960,
            "thumb_1024": "https:\/\/files.slack.com\/files-tmb\/T730RMB7T-F8UDQQ9A6-1735f2f041\/image_uploaded_from_ios_1024.jpg?t=xoxe-241025725265-384508339281-384508339409-5b92d26397ce6b615c24d77267fe6bb3",
            "thumb_1024_w": 779,
            "thumb_1024_h": 1024,
            "image_exif_rotation": 1,
            "original_w": 2922,
            "original_h": 3840,
            "permalink": "https:\/\/mpinfotech.slack.com\/files\/U730RMBB3\/F8UDQQ9A6\/image_uploaded_from_ios.jpg",
            "permalink_public": "https:\/\/slack-files.com\/T730RMB7T-F8UDQQ9A6-afbc7ca6c1",
            "channels": [],
            "groups": [],
            "ims": [],
            "comments_count": 0
        },
        "user": "U730RMBB3",
        "ts": "1516221480.000327"
    },
    {
        "type": "message",
        "user": "U730RMBB3",
        "text": "This is the new structure of the Development environment",
        "ts": "1516221495.000332"
    },
    {
        "user": "U7DJKE1K5",
        "inviter": "U730RMBB3",
        "text": "<@U7DJKE1K5> has joined the channel",
        "type": "message",
        "subtype": "channel_join",
        "ts": "1516222185.000309"
    }
]